[2025-09-29T14:34:28.385+0000] {processor.py:186} INFO - Started process (PID=48) to work on /home/airflow/.local/lib/python3.12/site-packages/airflow/example_dags/example_outlet_event_extra.py
[2025-09-29T14:34:28.386+0000] {processor.py:914} INFO - Processing file /home/airflow/.local/lib/python3.12/site-packages/airflow/example_dags/example_outlet_event_extra.py for tasks to queue
[2025-09-29T14:34:28.395+0000] {logging_mixin.py:190} INFO - [2025-09-29T14:34:28.395+0000] {dagbag.py:588} INFO - Filling up the DagBag from /home/airflow/.local/lib/python3.12/site-packages/airflow/example_dags/example_outlet_event_extra.py
[2025-09-29T14:34:28.614+0000] {processor.py:925} INFO - DAG(s) 'dataset_with_extra_from_classic_operator', 'dataset_with_extra_by_yield', 'dataset_with_extra_by_context' retrieved from /home/airflow/.local/lib/python3.12/site-packages/airflow/example_dags/example_outlet_event_extra.py
[2025-09-29T14:34:28.650+0000] {logging_mixin.py:190} INFO - [2025-09-29T14:34:28.650+0000] {dag.py:3239} INFO - Sync 3 DAGs
[2025-09-29T14:34:28.674+0000] {logging_mixin.py:190} INFO - [2025-09-29T14:34:28.674+0000] {dag.py:4180} INFO - Setting next_dagrun for dataset_with_extra_by_context to 2025-09-28 00:00:00+00:00, run_after=2025-09-29 00:00:00+00:00
[2025-09-29T14:34:28.679+0000] {logging_mixin.py:190} INFO - [2025-09-29T14:34:28.679+0000] {dag.py:4180} INFO - Setting next_dagrun for dataset_with_extra_by_yield to 2025-09-28 00:00:00+00:00, run_after=2025-09-29 00:00:00+00:00
[2025-09-29T14:34:28.680+0000] {logging_mixin.py:190} INFO - [2025-09-29T14:34:28.680+0000] {dag.py:4180} INFO - Setting next_dagrun for dataset_with_extra_from_classic_operator to 2025-09-28 00:00:00+00:00, run_after=2025-09-29 00:00:00+00:00
[2025-09-29T14:34:28.705+0000] {processor.py:208} INFO - Processing /home/airflow/.local/lib/python3.12/site-packages/airflow/example_dags/example_outlet_event_extra.py took 0.328 seconds
[2025-09-29T14:34:58.936+0000] {processor.py:186} INFO - Started process (PID=117) to work on /home/airflow/.local/lib/python3.12/site-packages/airflow/example_dags/example_outlet_event_extra.py
[2025-09-29T14:34:58.936+0000] {processor.py:914} INFO - Processing file /home/airflow/.local/lib/python3.12/site-packages/airflow/example_dags/example_outlet_event_extra.py for tasks to queue
[2025-09-29T14:34:58.938+0000] {logging_mixin.py:190} INFO - [2025-09-29T14:34:58.938+0000] {dagbag.py:588} INFO - Filling up the DagBag from /home/airflow/.local/lib/python3.12/site-packages/airflow/example_dags/example_outlet_event_extra.py
[2025-09-29T14:34:59.012+0000] {processor.py:925} INFO - DAG(s) 'dataset_with_extra_from_classic_operator', 'dataset_with_extra_by_yield', 'dataset_with_extra_by_context' retrieved from /home/airflow/.local/lib/python3.12/site-packages/airflow/example_dags/example_outlet_event_extra.py
[2025-09-29T14:34:59.038+0000] {logging_mixin.py:190} INFO - [2025-09-29T14:34:59.037+0000] {dag.py:3239} INFO - Sync 3 DAGs
[2025-09-29T14:34:59.051+0000] {logging_mixin.py:190} INFO - [2025-09-29T14:34:59.051+0000] {dag.py:4180} INFO - Setting next_dagrun for dataset_with_extra_by_context to 2025-09-28 00:00:00+00:00, run_after=2025-09-29 00:00:00+00:00
[2025-09-29T14:34:59.053+0000] {logging_mixin.py:190} INFO - [2025-09-29T14:34:59.053+0000] {dag.py:4180} INFO - Setting next_dagrun for dataset_with_extra_by_yield to 2025-09-28 00:00:00+00:00, run_after=2025-09-29 00:00:00+00:00
[2025-09-29T14:34:59.054+0000] {logging_mixin.py:190} INFO - [2025-09-29T14:34:59.054+0000] {dag.py:4180} INFO - Setting next_dagrun for dataset_with_extra_from_classic_operator to 2025-09-28 00:00:00+00:00, run_after=2025-09-29 00:00:00+00:00
[2025-09-29T14:34:59.066+0000] {processor.py:208} INFO - Processing /home/airflow/.local/lib/python3.12/site-packages/airflow/example_dags/example_outlet_event_extra.py took 0.133 seconds
[2025-09-29T14:35:29.473+0000] {processor.py:186} INFO - Started process (PID=180) to work on /home/airflow/.local/lib/python3.12/site-packages/airflow/example_dags/example_outlet_event_extra.py
[2025-09-29T14:35:29.474+0000] {processor.py:914} INFO - Processing file /home/airflow/.local/lib/python3.12/site-packages/airflow/example_dags/example_outlet_event_extra.py for tasks to queue
[2025-09-29T14:35:29.475+0000] {logging_mixin.py:190} INFO - [2025-09-29T14:35:29.475+0000] {dagbag.py:588} INFO - Filling up the DagBag from /home/airflow/.local/lib/python3.12/site-packages/airflow/example_dags/example_outlet_event_extra.py
[2025-09-29T14:35:29.546+0000] {processor.py:925} INFO - DAG(s) 'dataset_with_extra_by_yield', 'dataset_with_extra_by_context', 'dataset_with_extra_from_classic_operator' retrieved from /home/airflow/.local/lib/python3.12/site-packages/airflow/example_dags/example_outlet_event_extra.py
[2025-09-29T14:35:29.564+0000] {logging_mixin.py:190} INFO - [2025-09-29T14:35:29.564+0000] {dag.py:3239} INFO - Sync 3 DAGs
[2025-09-29T14:35:29.575+0000] {logging_mixin.py:190} INFO - [2025-09-29T14:35:29.575+0000] {dag.py:4180} INFO - Setting next_dagrun for dataset_with_extra_by_context to 2025-09-28 00:00:00+00:00, run_after=2025-09-29 00:00:00+00:00
[2025-09-29T14:35:29.577+0000] {logging_mixin.py:190} INFO - [2025-09-29T14:35:29.577+0000] {dag.py:4180} INFO - Setting next_dagrun for dataset_with_extra_by_yield to 2025-09-28 00:00:00+00:00, run_after=2025-09-29 00:00:00+00:00
[2025-09-29T14:35:29.578+0000] {logging_mixin.py:190} INFO - [2025-09-29T14:35:29.578+0000] {dag.py:4180} INFO - Setting next_dagrun for dataset_with_extra_from_classic_operator to 2025-09-28 00:00:00+00:00, run_after=2025-09-29 00:00:00+00:00
[2025-09-29T14:35:29.595+0000] {processor.py:208} INFO - Processing /home/airflow/.local/lib/python3.12/site-packages/airflow/example_dags/example_outlet_event_extra.py took 0.125 seconds
[2025-09-29T14:35:59.699+0000] {processor.py:186} INFO - Started process (PID=244) to work on /home/airflow/.local/lib/python3.12/site-packages/airflow/example_dags/example_outlet_event_extra.py
[2025-09-29T14:35:59.700+0000] {processor.py:914} INFO - Processing file /home/airflow/.local/lib/python3.12/site-packages/airflow/example_dags/example_outlet_event_extra.py for tasks to queue
[2025-09-29T14:35:59.701+0000] {logging_mixin.py:190} INFO - [2025-09-29T14:35:59.701+0000] {dagbag.py:588} INFO - Filling up the DagBag from /home/airflow/.local/lib/python3.12/site-packages/airflow/example_dags/example_outlet_event_extra.py
[2025-09-29T14:35:59.770+0000] {processor.py:925} INFO - DAG(s) 'dataset_with_extra_from_classic_operator', 'dataset_with_extra_by_yield', 'dataset_with_extra_by_context' retrieved from /home/airflow/.local/lib/python3.12/site-packages/airflow/example_dags/example_outlet_event_extra.py
[2025-09-29T14:35:59.784+0000] {logging_mixin.py:190} INFO - [2025-09-29T14:35:59.784+0000] {dag.py:3239} INFO - Sync 3 DAGs
[2025-09-29T14:35:59.799+0000] {logging_mixin.py:190} INFO - [2025-09-29T14:35:59.799+0000] {dag.py:4180} INFO - Setting next_dagrun for dataset_with_extra_by_context to 2025-09-28 00:00:00+00:00, run_after=2025-09-29 00:00:00+00:00
[2025-09-29T14:35:59.802+0000] {logging_mixin.py:190} INFO - [2025-09-29T14:35:59.802+0000] {dag.py:4180} INFO - Setting next_dagrun for dataset_with_extra_by_yield to 2025-09-28 00:00:00+00:00, run_after=2025-09-29 00:00:00+00:00
[2025-09-29T14:35:59.803+0000] {logging_mixin.py:190} INFO - [2025-09-29T14:35:59.803+0000] {dag.py:4180} INFO - Setting next_dagrun for dataset_with_extra_from_classic_operator to 2025-09-28 00:00:00+00:00, run_after=2025-09-29 00:00:00+00:00
[2025-09-29T14:35:59.819+0000] {processor.py:208} INFO - Processing /home/airflow/.local/lib/python3.12/site-packages/airflow/example_dags/example_outlet_event_extra.py took 0.123 seconds
[2025-09-29T14:36:29.868+0000] {processor.py:186} INFO - Started process (PID=309) to work on /home/airflow/.local/lib/python3.12/site-packages/airflow/example_dags/example_outlet_event_extra.py
[2025-09-29T14:36:29.870+0000] {processor.py:914} INFO - Processing file /home/airflow/.local/lib/python3.12/site-packages/airflow/example_dags/example_outlet_event_extra.py for tasks to queue
[2025-09-29T14:36:29.871+0000] {logging_mixin.py:190} INFO - [2025-09-29T14:36:29.871+0000] {dagbag.py:588} INFO - Filling up the DagBag from /home/airflow/.local/lib/python3.12/site-packages/airflow/example_dags/example_outlet_event_extra.py
[2025-09-29T14:36:29.943+0000] {processor.py:925} INFO - DAG(s) 'dataset_with_extra_by_context', 'dataset_with_extra_from_classic_operator', 'dataset_with_extra_by_yield' retrieved from /home/airflow/.local/lib/python3.12/site-packages/airflow/example_dags/example_outlet_event_extra.py
[2025-09-29T14:36:29.964+0000] {logging_mixin.py:190} INFO - [2025-09-29T14:36:29.964+0000] {dag.py:3239} INFO - Sync 3 DAGs
[2025-09-29T14:36:29.977+0000] {logging_mixin.py:190} INFO - [2025-09-29T14:36:29.977+0000] {dag.py:4180} INFO - Setting next_dagrun for dataset_with_extra_by_context to 2025-09-28 00:00:00+00:00, run_after=2025-09-29 00:00:00+00:00
[2025-09-29T14:36:29.979+0000] {logging_mixin.py:190} INFO - [2025-09-29T14:36:29.979+0000] {dag.py:4180} INFO - Setting next_dagrun for dataset_with_extra_by_yield to 2025-09-28 00:00:00+00:00, run_after=2025-09-29 00:00:00+00:00
[2025-09-29T14:36:29.980+0000] {logging_mixin.py:190} INFO - [2025-09-29T14:36:29.980+0000] {dag.py:4180} INFO - Setting next_dagrun for dataset_with_extra_from_classic_operator to 2025-09-28 00:00:00+00:00, run_after=2025-09-29 00:00:00+00:00
[2025-09-29T14:36:29.990+0000] {processor.py:208} INFO - Processing /home/airflow/.local/lib/python3.12/site-packages/airflow/example_dags/example_outlet_event_extra.py took 0.126 seconds
[2025-09-29T14:37:00.111+0000] {processor.py:186} INFO - Started process (PID=375) to work on /home/airflow/.local/lib/python3.12/site-packages/airflow/example_dags/example_outlet_event_extra.py
[2025-09-29T14:37:00.111+0000] {processor.py:914} INFO - Processing file /home/airflow/.local/lib/python3.12/site-packages/airflow/example_dags/example_outlet_event_extra.py for tasks to queue
[2025-09-29T14:37:00.112+0000] {logging_mixin.py:190} INFO - [2025-09-29T14:37:00.112+0000] {dagbag.py:588} INFO - Filling up the DagBag from /home/airflow/.local/lib/python3.12/site-packages/airflow/example_dags/example_outlet_event_extra.py
[2025-09-29T14:37:00.186+0000] {processor.py:925} INFO - DAG(s) 'dataset_with_extra_by_yield', 'dataset_with_extra_from_classic_operator', 'dataset_with_extra_by_context' retrieved from /home/airflow/.local/lib/python3.12/site-packages/airflow/example_dags/example_outlet_event_extra.py
[2025-09-29T14:37:00.199+0000] {logging_mixin.py:190} INFO - [2025-09-29T14:37:00.199+0000] {dag.py:3239} INFO - Sync 3 DAGs
[2025-09-29T14:37:00.213+0000] {logging_mixin.py:190} INFO - [2025-09-29T14:37:00.213+0000] {dag.py:4180} INFO - Setting next_dagrun for dataset_with_extra_by_context to 2025-09-28 00:00:00+00:00, run_after=2025-09-29 00:00:00+00:00
[2025-09-29T14:37:00.216+0000] {logging_mixin.py:190} INFO - [2025-09-29T14:37:00.216+0000] {dag.py:4180} INFO - Setting next_dagrun for dataset_with_extra_by_yield to 2025-09-28 00:00:00+00:00, run_after=2025-09-29 00:00:00+00:00
[2025-09-29T14:37:00.220+0000] {logging_mixin.py:190} INFO - [2025-09-29T14:37:00.220+0000] {dag.py:4180} INFO - Setting next_dagrun for dataset_with_extra_from_classic_operator to 2025-09-28 00:00:00+00:00, run_after=2025-09-29 00:00:00+00:00
[2025-09-29T14:37:00.231+0000] {processor.py:208} INFO - Processing /home/airflow/.local/lib/python3.12/site-packages/airflow/example_dags/example_outlet_event_extra.py took 0.124 seconds
[2025-09-29T14:37:30.340+0000] {processor.py:186} INFO - Started process (PID=435) to work on /home/airflow/.local/lib/python3.12/site-packages/airflow/example_dags/example_outlet_event_extra.py
[2025-09-29T14:37:30.341+0000] {processor.py:914} INFO - Processing file /home/airflow/.local/lib/python3.12/site-packages/airflow/example_dags/example_outlet_event_extra.py for tasks to queue
[2025-09-29T14:37:30.343+0000] {logging_mixin.py:190} INFO - [2025-09-29T14:37:30.343+0000] {dagbag.py:588} INFO - Filling up the DagBag from /home/airflow/.local/lib/python3.12/site-packages/airflow/example_dags/example_outlet_event_extra.py
[2025-09-29T14:37:30.413+0000] {processor.py:925} INFO - DAG(s) 'dataset_with_extra_by_yield', 'dataset_with_extra_from_classic_operator', 'dataset_with_extra_by_context' retrieved from /home/airflow/.local/lib/python3.12/site-packages/airflow/example_dags/example_outlet_event_extra.py
[2025-09-29T14:37:30.426+0000] {logging_mixin.py:190} INFO - [2025-09-29T14:37:30.426+0000] {dag.py:3239} INFO - Sync 3 DAGs
[2025-09-29T14:37:30.443+0000] {logging_mixin.py:190} INFO - [2025-09-29T14:37:30.443+0000] {dag.py:4180} INFO - Setting next_dagrun for dataset_with_extra_by_context to 2025-09-28 00:00:00+00:00, run_after=2025-09-29 00:00:00+00:00
[2025-09-29T14:37:30.446+0000] {logging_mixin.py:190} INFO - [2025-09-29T14:37:30.446+0000] {dag.py:4180} INFO - Setting next_dagrun for dataset_with_extra_by_yield to 2025-09-28 00:00:00+00:00, run_after=2025-09-29 00:00:00+00:00
[2025-09-29T14:37:30.447+0000] {logging_mixin.py:190} INFO - [2025-09-29T14:37:30.447+0000] {dag.py:4180} INFO - Setting next_dagrun for dataset_with_extra_from_classic_operator to 2025-09-28 00:00:00+00:00, run_after=2025-09-29 00:00:00+00:00
[2025-09-29T14:37:30.463+0000] {processor.py:208} INFO - Processing /home/airflow/.local/lib/python3.12/site-packages/airflow/example_dags/example_outlet_event_extra.py took 0.126 seconds
[2025-09-29T14:38:00.741+0000] {processor.py:186} INFO - Started process (PID=500) to work on /home/airflow/.local/lib/python3.12/site-packages/airflow/example_dags/example_outlet_event_extra.py
[2025-09-29T14:38:00.742+0000] {processor.py:914} INFO - Processing file /home/airflow/.local/lib/python3.12/site-packages/airflow/example_dags/example_outlet_event_extra.py for tasks to queue
[2025-09-29T14:38:00.744+0000] {logging_mixin.py:190} INFO - [2025-09-29T14:38:00.743+0000] {dagbag.py:588} INFO - Filling up the DagBag from /home/airflow/.local/lib/python3.12/site-packages/airflow/example_dags/example_outlet_event_extra.py
[2025-09-29T14:38:00.825+0000] {processor.py:925} INFO - DAG(s) 'dataset_with_extra_by_context', 'dataset_with_extra_from_classic_operator', 'dataset_with_extra_by_yield' retrieved from /home/airflow/.local/lib/python3.12/site-packages/airflow/example_dags/example_outlet_event_extra.py
[2025-09-29T14:38:00.839+0000] {logging_mixin.py:190} INFO - [2025-09-29T14:38:00.839+0000] {dag.py:3239} INFO - Sync 3 DAGs
[2025-09-29T14:38:00.852+0000] {logging_mixin.py:190} INFO - [2025-09-29T14:38:00.852+0000] {dag.py:4180} INFO - Setting next_dagrun for dataset_with_extra_by_context to 2025-09-28 00:00:00+00:00, run_after=2025-09-29 00:00:00+00:00
[2025-09-29T14:38:00.855+0000] {logging_mixin.py:190} INFO - [2025-09-29T14:38:00.855+0000] {dag.py:4180} INFO - Setting next_dagrun for dataset_with_extra_by_yield to 2025-09-28 00:00:00+00:00, run_after=2025-09-29 00:00:00+00:00
[2025-09-29T14:38:00.859+0000] {logging_mixin.py:190} INFO - [2025-09-29T14:38:00.859+0000] {dag.py:4180} INFO - Setting next_dagrun for dataset_with_extra_from_classic_operator to 2025-09-28 00:00:00+00:00, run_after=2025-09-29 00:00:00+00:00
[2025-09-29T14:38:00.878+0000] {processor.py:208} INFO - Processing /home/airflow/.local/lib/python3.12/site-packages/airflow/example_dags/example_outlet_event_extra.py took 0.140 seconds
[2025-09-29T14:38:31.139+0000] {processor.py:186} INFO - Started process (PID=577) to work on /home/airflow/.local/lib/python3.12/site-packages/airflow/example_dags/example_outlet_event_extra.py
[2025-09-29T14:38:31.143+0000] {processor.py:914} INFO - Processing file /home/airflow/.local/lib/python3.12/site-packages/airflow/example_dags/example_outlet_event_extra.py for tasks to queue
[2025-09-29T14:38:31.144+0000] {logging_mixin.py:190} INFO - [2025-09-29T14:38:31.144+0000] {dagbag.py:588} INFO - Filling up the DagBag from /home/airflow/.local/lib/python3.12/site-packages/airflow/example_dags/example_outlet_event_extra.py
[2025-09-29T14:38:31.219+0000] {processor.py:925} INFO - DAG(s) 'dataset_with_extra_from_classic_operator', 'dataset_with_extra_by_context', 'dataset_with_extra_by_yield' retrieved from /home/airflow/.local/lib/python3.12/site-packages/airflow/example_dags/example_outlet_event_extra.py
[2025-09-29T14:38:31.233+0000] {logging_mixin.py:190} INFO - [2025-09-29T14:38:31.233+0000] {dag.py:3239} INFO - Sync 3 DAGs
[2025-09-29T14:38:31.246+0000] {logging_mixin.py:190} INFO - [2025-09-29T14:38:31.246+0000] {dag.py:4180} INFO - Setting next_dagrun for dataset_with_extra_by_context to 2025-09-28 00:00:00+00:00, run_after=2025-09-29 00:00:00+00:00
[2025-09-29T14:38:31.248+0000] {logging_mixin.py:190} INFO - [2025-09-29T14:38:31.248+0000] {dag.py:4180} INFO - Setting next_dagrun for dataset_with_extra_by_yield to 2025-09-28 00:00:00+00:00, run_after=2025-09-29 00:00:00+00:00
[2025-09-29T14:38:31.250+0000] {logging_mixin.py:190} INFO - [2025-09-29T14:38:31.250+0000] {dag.py:4180} INFO - Setting next_dagrun for dataset_with_extra_from_classic_operator to 2025-09-28 00:00:00+00:00, run_after=2025-09-29 00:00:00+00:00
[2025-09-29T14:38:31.260+0000] {processor.py:208} INFO - Processing /home/airflow/.local/lib/python3.12/site-packages/airflow/example_dags/example_outlet_event_extra.py took 0.124 seconds
[2025-09-29T14:39:01.539+0000] {processor.py:186} INFO - Started process (PID=641) to work on /home/airflow/.local/lib/python3.12/site-packages/airflow/example_dags/example_outlet_event_extra.py
[2025-09-29T14:39:01.539+0000] {processor.py:914} INFO - Processing file /home/airflow/.local/lib/python3.12/site-packages/airflow/example_dags/example_outlet_event_extra.py for tasks to queue
[2025-09-29T14:39:01.540+0000] {logging_mixin.py:190} INFO - [2025-09-29T14:39:01.540+0000] {dagbag.py:588} INFO - Filling up the DagBag from /home/airflow/.local/lib/python3.12/site-packages/airflow/example_dags/example_outlet_event_extra.py
[2025-09-29T14:39:01.610+0000] {processor.py:925} INFO - DAG(s) 'dataset_with_extra_by_context', 'dataset_with_extra_from_classic_operator', 'dataset_with_extra_by_yield' retrieved from /home/airflow/.local/lib/python3.12/site-packages/airflow/example_dags/example_outlet_event_extra.py
[2025-09-29T14:39:01.624+0000] {logging_mixin.py:190} INFO - [2025-09-29T14:39:01.624+0000] {dag.py:3239} INFO - Sync 3 DAGs
[2025-09-29T14:39:01.636+0000] {logging_mixin.py:190} INFO - [2025-09-29T14:39:01.636+0000] {dag.py:4180} INFO - Setting next_dagrun for dataset_with_extra_by_context to 2025-09-28 00:00:00+00:00, run_after=2025-09-29 00:00:00+00:00
[2025-09-29T14:39:01.638+0000] {logging_mixin.py:190} INFO - [2025-09-29T14:39:01.638+0000] {dag.py:4180} INFO - Setting next_dagrun for dataset_with_extra_by_yield to 2025-09-28 00:00:00+00:00, run_after=2025-09-29 00:00:00+00:00
[2025-09-29T14:39:01.639+0000] {logging_mixin.py:190} INFO - [2025-09-29T14:39:01.639+0000] {dag.py:4180} INFO - Setting next_dagrun for dataset_with_extra_from_classic_operator to 2025-09-28 00:00:00+00:00, run_after=2025-09-29 00:00:00+00:00
[2025-09-29T14:39:01.650+0000] {processor.py:208} INFO - Processing /home/airflow/.local/lib/python3.12/site-packages/airflow/example_dags/example_outlet_event_extra.py took 0.114 seconds
[2025-09-29T14:39:32.036+0000] {processor.py:186} INFO - Started process (PID=703) to work on /home/airflow/.local/lib/python3.12/site-packages/airflow/example_dags/example_outlet_event_extra.py
[2025-09-29T14:39:32.037+0000] {processor.py:914} INFO - Processing file /home/airflow/.local/lib/python3.12/site-packages/airflow/example_dags/example_outlet_event_extra.py for tasks to queue
[2025-09-29T14:39:32.039+0000] {logging_mixin.py:190} INFO - [2025-09-29T14:39:32.039+0000] {dagbag.py:588} INFO - Filling up the DagBag from /home/airflow/.local/lib/python3.12/site-packages/airflow/example_dags/example_outlet_event_extra.py
[2025-09-29T14:39:32.109+0000] {processor.py:925} INFO - DAG(s) 'dataset_with_extra_by_context', 'dataset_with_extra_from_classic_operator', 'dataset_with_extra_by_yield' retrieved from /home/airflow/.local/lib/python3.12/site-packages/airflow/example_dags/example_outlet_event_extra.py
[2025-09-29T14:39:32.124+0000] {logging_mixin.py:190} INFO - [2025-09-29T14:39:32.124+0000] {dag.py:3239} INFO - Sync 3 DAGs
[2025-09-29T14:39:32.139+0000] {logging_mixin.py:190} INFO - [2025-09-29T14:39:32.139+0000] {dag.py:4180} INFO - Setting next_dagrun for dataset_with_extra_by_context to 2025-09-28 00:00:00+00:00, run_after=2025-09-29 00:00:00+00:00
[2025-09-29T14:39:32.141+0000] {logging_mixin.py:190} INFO - [2025-09-29T14:39:32.141+0000] {dag.py:4180} INFO - Setting next_dagrun for dataset_with_extra_by_yield to 2025-09-28 00:00:00+00:00, run_after=2025-09-29 00:00:00+00:00
[2025-09-29T14:39:32.142+0000] {logging_mixin.py:190} INFO - [2025-09-29T14:39:32.142+0000] {dag.py:4180} INFO - Setting next_dagrun for dataset_with_extra_from_classic_operator to 2025-09-28 00:00:00+00:00, run_after=2025-09-29 00:00:00+00:00
[2025-09-29T14:39:32.154+0000] {processor.py:208} INFO - Processing /home/airflow/.local/lib/python3.12/site-packages/airflow/example_dags/example_outlet_event_extra.py took 0.121 seconds
[2025-09-29T14:40:02.584+0000] {processor.py:186} INFO - Started process (PID=767) to work on /home/airflow/.local/lib/python3.12/site-packages/airflow/example_dags/example_outlet_event_extra.py
[2025-09-29T14:40:02.586+0000] {processor.py:914} INFO - Processing file /home/airflow/.local/lib/python3.12/site-packages/airflow/example_dags/example_outlet_event_extra.py for tasks to queue
[2025-09-29T14:40:02.588+0000] {logging_mixin.py:190} INFO - [2025-09-29T14:40:02.588+0000] {dagbag.py:588} INFO - Filling up the DagBag from /home/airflow/.local/lib/python3.12/site-packages/airflow/example_dags/example_outlet_event_extra.py
[2025-09-29T14:40:02.657+0000] {processor.py:925} INFO - DAG(s) 'dataset_with_extra_from_classic_operator', 'dataset_with_extra_by_context', 'dataset_with_extra_by_yield' retrieved from /home/airflow/.local/lib/python3.12/site-packages/airflow/example_dags/example_outlet_event_extra.py
[2025-09-29T14:40:02.673+0000] {logging_mixin.py:190} INFO - [2025-09-29T14:40:02.673+0000] {dag.py:3239} INFO - Sync 3 DAGs
[2025-09-29T14:40:02.688+0000] {logging_mixin.py:190} INFO - [2025-09-29T14:40:02.688+0000] {dag.py:4180} INFO - Setting next_dagrun for dataset_with_extra_by_context to 2025-09-28 00:00:00+00:00, run_after=2025-09-29 00:00:00+00:00
[2025-09-29T14:40:02.691+0000] {logging_mixin.py:190} INFO - [2025-09-29T14:40:02.691+0000] {dag.py:4180} INFO - Setting next_dagrun for dataset_with_extra_by_yield to 2025-09-28 00:00:00+00:00, run_after=2025-09-29 00:00:00+00:00
[2025-09-29T14:40:02.693+0000] {logging_mixin.py:190} INFO - [2025-09-29T14:40:02.693+0000] {dag.py:4180} INFO - Setting next_dagrun for dataset_with_extra_from_classic_operator to 2025-09-28 00:00:00+00:00, run_after=2025-09-29 00:00:00+00:00
[2025-09-29T14:40:02.709+0000] {processor.py:208} INFO - Processing /home/airflow/.local/lib/python3.12/site-packages/airflow/example_dags/example_outlet_event_extra.py took 0.128 seconds
[2025-09-29T14:40:33.031+0000] {processor.py:186} INFO - Started process (PID=832) to work on /home/airflow/.local/lib/python3.12/site-packages/airflow/example_dags/example_outlet_event_extra.py
[2025-09-29T14:40:33.032+0000] {processor.py:914} INFO - Processing file /home/airflow/.local/lib/python3.12/site-packages/airflow/example_dags/example_outlet_event_extra.py for tasks to queue
[2025-09-29T14:40:33.034+0000] {logging_mixin.py:190} INFO - [2025-09-29T14:40:33.033+0000] {dagbag.py:588} INFO - Filling up the DagBag from /home/airflow/.local/lib/python3.12/site-packages/airflow/example_dags/example_outlet_event_extra.py
[2025-09-29T14:40:33.111+0000] {processor.py:925} INFO - DAG(s) 'dataset_with_extra_by_context', 'dataset_with_extra_by_yield', 'dataset_with_extra_from_classic_operator' retrieved from /home/airflow/.local/lib/python3.12/site-packages/airflow/example_dags/example_outlet_event_extra.py
[2025-09-29T14:40:33.129+0000] {logging_mixin.py:190} INFO - [2025-09-29T14:40:33.129+0000] {dag.py:3239} INFO - Sync 3 DAGs
[2025-09-29T14:40:33.146+0000] {logging_mixin.py:190} INFO - [2025-09-29T14:40:33.146+0000] {dag.py:4180} INFO - Setting next_dagrun for dataset_with_extra_by_context to 2025-09-28 00:00:00+00:00, run_after=2025-09-29 00:00:00+00:00
[2025-09-29T14:40:33.149+0000] {logging_mixin.py:190} INFO - [2025-09-29T14:40:33.149+0000] {dag.py:4180} INFO - Setting next_dagrun for dataset_with_extra_by_yield to 2025-09-28 00:00:00+00:00, run_after=2025-09-29 00:00:00+00:00
[2025-09-29T14:40:33.152+0000] {logging_mixin.py:190} INFO - [2025-09-29T14:40:33.152+0000] {dag.py:4180} INFO - Setting next_dagrun for dataset_with_extra_from_classic_operator to 2025-09-28 00:00:00+00:00, run_after=2025-09-29 00:00:00+00:00
[2025-09-29T14:40:33.164+0000] {processor.py:208} INFO - Processing /home/airflow/.local/lib/python3.12/site-packages/airflow/example_dags/example_outlet_event_extra.py took 0.136 seconds
[2025-09-29T14:41:03.421+0000] {processor.py:186} INFO - Started process (PID=896) to work on /home/airflow/.local/lib/python3.12/site-packages/airflow/example_dags/example_outlet_event_extra.py
[2025-09-29T14:41:03.422+0000] {processor.py:914} INFO - Processing file /home/airflow/.local/lib/python3.12/site-packages/airflow/example_dags/example_outlet_event_extra.py for tasks to queue
[2025-09-29T14:41:03.423+0000] {logging_mixin.py:190} INFO - [2025-09-29T14:41:03.423+0000] {dagbag.py:588} INFO - Filling up the DagBag from /home/airflow/.local/lib/python3.12/site-packages/airflow/example_dags/example_outlet_event_extra.py
[2025-09-29T14:41:03.495+0000] {processor.py:925} INFO - DAG(s) 'dataset_with_extra_from_classic_operator', 'dataset_with_extra_by_yield', 'dataset_with_extra_by_context' retrieved from /home/airflow/.local/lib/python3.12/site-packages/airflow/example_dags/example_outlet_event_extra.py
[2025-09-29T14:41:03.512+0000] {logging_mixin.py:190} INFO - [2025-09-29T14:41:03.512+0000] {dag.py:3239} INFO - Sync 3 DAGs
[2025-09-29T14:41:03.525+0000] {logging_mixin.py:190} INFO - [2025-09-29T14:41:03.524+0000] {dag.py:4180} INFO - Setting next_dagrun for dataset_with_extra_by_context to 2025-09-28 00:00:00+00:00, run_after=2025-09-29 00:00:00+00:00
[2025-09-29T14:41:03.528+0000] {logging_mixin.py:190} INFO - [2025-09-29T14:41:03.528+0000] {dag.py:4180} INFO - Setting next_dagrun for dataset_with_extra_by_yield to 2025-09-28 00:00:00+00:00, run_after=2025-09-29 00:00:00+00:00
[2025-09-29T14:41:03.530+0000] {logging_mixin.py:190} INFO - [2025-09-29T14:41:03.530+0000] {dag.py:4180} INFO - Setting next_dagrun for dataset_with_extra_from_classic_operator to 2025-09-28 00:00:00+00:00, run_after=2025-09-29 00:00:00+00:00
[2025-09-29T14:41:03.541+0000] {processor.py:208} INFO - Processing /home/airflow/.local/lib/python3.12/site-packages/airflow/example_dags/example_outlet_event_extra.py took 0.124 seconds
[2025-09-29T14:41:33.664+0000] {processor.py:186} INFO - Started process (PID=960) to work on /home/airflow/.local/lib/python3.12/site-packages/airflow/example_dags/example_outlet_event_extra.py
[2025-09-29T14:41:33.665+0000] {processor.py:914} INFO - Processing file /home/airflow/.local/lib/python3.12/site-packages/airflow/example_dags/example_outlet_event_extra.py for tasks to queue
[2025-09-29T14:41:33.666+0000] {logging_mixin.py:190} INFO - [2025-09-29T14:41:33.666+0000] {dagbag.py:588} INFO - Filling up the DagBag from /home/airflow/.local/lib/python3.12/site-packages/airflow/example_dags/example_outlet_event_extra.py
[2025-09-29T14:41:33.738+0000] {processor.py:925} INFO - DAG(s) 'dataset_with_extra_by_context', 'dataset_with_extra_by_yield', 'dataset_with_extra_from_classic_operator' retrieved from /home/airflow/.local/lib/python3.12/site-packages/airflow/example_dags/example_outlet_event_extra.py
[2025-09-29T14:41:33.755+0000] {logging_mixin.py:190} INFO - [2025-09-29T14:41:33.754+0000] {dag.py:3239} INFO - Sync 3 DAGs
[2025-09-29T14:41:33.766+0000] {logging_mixin.py:190} INFO - [2025-09-29T14:41:33.766+0000] {dag.py:4180} INFO - Setting next_dagrun for dataset_with_extra_by_context to 2025-09-28 00:00:00+00:00, run_after=2025-09-29 00:00:00+00:00
[2025-09-29T14:41:33.771+0000] {logging_mixin.py:190} INFO - [2025-09-29T14:41:33.771+0000] {dag.py:4180} INFO - Setting next_dagrun for dataset_with_extra_by_yield to 2025-09-28 00:00:00+00:00, run_after=2025-09-29 00:00:00+00:00
[2025-09-29T14:41:33.772+0000] {logging_mixin.py:190} INFO - [2025-09-29T14:41:33.772+0000] {dag.py:4180} INFO - Setting next_dagrun for dataset_with_extra_from_classic_operator to 2025-09-28 00:00:00+00:00, run_after=2025-09-29 00:00:00+00:00
[2025-09-29T14:41:33.785+0000] {processor.py:208} INFO - Processing /home/airflow/.local/lib/python3.12/site-packages/airflow/example_dags/example_outlet_event_extra.py took 0.124 seconds
[2025-09-29T14:42:04.125+0000] {processor.py:186} INFO - Started process (PID=1025) to work on /home/airflow/.local/lib/python3.12/site-packages/airflow/example_dags/example_outlet_event_extra.py
[2025-09-29T14:42:04.126+0000] {processor.py:914} INFO - Processing file /home/airflow/.local/lib/python3.12/site-packages/airflow/example_dags/example_outlet_event_extra.py for tasks to queue
[2025-09-29T14:42:04.127+0000] {logging_mixin.py:190} INFO - [2025-09-29T14:42:04.127+0000] {dagbag.py:588} INFO - Filling up the DagBag from /home/airflow/.local/lib/python3.12/site-packages/airflow/example_dags/example_outlet_event_extra.py
[2025-09-29T14:42:04.207+0000] {processor.py:925} INFO - DAG(s) 'dataset_with_extra_by_yield', 'dataset_with_extra_by_context', 'dataset_with_extra_from_classic_operator' retrieved from /home/airflow/.local/lib/python3.12/site-packages/airflow/example_dags/example_outlet_event_extra.py
[2025-09-29T14:42:04.241+0000] {logging_mixin.py:190} INFO - [2025-09-29T14:42:04.241+0000] {dag.py:3239} INFO - Sync 3 DAGs
[2025-09-29T14:42:04.261+0000] {logging_mixin.py:190} INFO - [2025-09-29T14:42:04.261+0000] {dag.py:4180} INFO - Setting next_dagrun for dataset_with_extra_by_context to 2025-09-28 00:00:00+00:00, run_after=2025-09-29 00:00:00+00:00
[2025-09-29T14:42:04.265+0000] {logging_mixin.py:190} INFO - [2025-09-29T14:42:04.265+0000] {dag.py:4180} INFO - Setting next_dagrun for dataset_with_extra_by_yield to 2025-09-28 00:00:00+00:00, run_after=2025-09-29 00:00:00+00:00
[2025-09-29T14:42:04.268+0000] {logging_mixin.py:190} INFO - [2025-09-29T14:42:04.267+0000] {dag.py:4180} INFO - Setting next_dagrun for dataset_with_extra_from_classic_operator to 2025-09-28 00:00:00+00:00, run_after=2025-09-29 00:00:00+00:00
[2025-09-29T14:42:04.286+0000] {processor.py:208} INFO - Processing /home/airflow/.local/lib/python3.12/site-packages/airflow/example_dags/example_outlet_event_extra.py took 0.166 seconds
[2025-09-29T14:42:34.570+0000] {processor.py:186} INFO - Started process (PID=1089) to work on /home/airflow/.local/lib/python3.12/site-packages/airflow/example_dags/example_outlet_event_extra.py
[2025-09-29T14:42:34.571+0000] {processor.py:914} INFO - Processing file /home/airflow/.local/lib/python3.12/site-packages/airflow/example_dags/example_outlet_event_extra.py for tasks to queue
[2025-09-29T14:42:34.572+0000] {logging_mixin.py:190} INFO - [2025-09-29T14:42:34.572+0000] {dagbag.py:588} INFO - Filling up the DagBag from /home/airflow/.local/lib/python3.12/site-packages/airflow/example_dags/example_outlet_event_extra.py
[2025-09-29T14:42:34.647+0000] {processor.py:925} INFO - DAG(s) 'dataset_with_extra_from_classic_operator', 'dataset_with_extra_by_yield', 'dataset_with_extra_by_context' retrieved from /home/airflow/.local/lib/python3.12/site-packages/airflow/example_dags/example_outlet_event_extra.py
[2025-09-29T14:42:34.666+0000] {logging_mixin.py:190} INFO - [2025-09-29T14:42:34.665+0000] {dag.py:3239} INFO - Sync 3 DAGs
[2025-09-29T14:42:34.679+0000] {logging_mixin.py:190} INFO - [2025-09-29T14:42:34.679+0000] {dag.py:4180} INFO - Setting next_dagrun for dataset_with_extra_by_context to 2025-09-28 00:00:00+00:00, run_after=2025-09-29 00:00:00+00:00
[2025-09-29T14:42:34.682+0000] {logging_mixin.py:190} INFO - [2025-09-29T14:42:34.682+0000] {dag.py:4180} INFO - Setting next_dagrun for dataset_with_extra_by_yield to 2025-09-28 00:00:00+00:00, run_after=2025-09-29 00:00:00+00:00
[2025-09-29T14:42:34.684+0000] {logging_mixin.py:190} INFO - [2025-09-29T14:42:34.684+0000] {dag.py:4180} INFO - Setting next_dagrun for dataset_with_extra_from_classic_operator to 2025-09-28 00:00:00+00:00, run_after=2025-09-29 00:00:00+00:00
[2025-09-29T14:42:34.696+0000] {processor.py:208} INFO - Processing /home/airflow/.local/lib/python3.12/site-packages/airflow/example_dags/example_outlet_event_extra.py took 0.129 seconds
[2025-09-29T14:43:04.895+0000] {processor.py:186} INFO - Started process (PID=1154) to work on /home/airflow/.local/lib/python3.12/site-packages/airflow/example_dags/example_outlet_event_extra.py
[2025-09-29T14:43:04.896+0000] {processor.py:914} INFO - Processing file /home/airflow/.local/lib/python3.12/site-packages/airflow/example_dags/example_outlet_event_extra.py for tasks to queue
[2025-09-29T14:43:04.897+0000] {logging_mixin.py:190} INFO - [2025-09-29T14:43:04.897+0000] {dagbag.py:588} INFO - Filling up the DagBag from /home/airflow/.local/lib/python3.12/site-packages/airflow/example_dags/example_outlet_event_extra.py
[2025-09-29T14:43:04.969+0000] {processor.py:925} INFO - DAG(s) 'dataset_with_extra_from_classic_operator', 'dataset_with_extra_by_yield', 'dataset_with_extra_by_context' retrieved from /home/airflow/.local/lib/python3.12/site-packages/airflow/example_dags/example_outlet_event_extra.py
[2025-09-29T14:43:04.982+0000] {logging_mixin.py:190} INFO - [2025-09-29T14:43:04.982+0000] {dag.py:3239} INFO - Sync 3 DAGs
[2025-09-29T14:43:04.995+0000] {logging_mixin.py:190} INFO - [2025-09-29T14:43:04.995+0000] {dag.py:4180} INFO - Setting next_dagrun for dataset_with_extra_by_context to 2025-09-28 00:00:00+00:00, run_after=2025-09-29 00:00:00+00:00
[2025-09-29T14:43:04.997+0000] {logging_mixin.py:190} INFO - [2025-09-29T14:43:04.997+0000] {dag.py:4180} INFO - Setting next_dagrun for dataset_with_extra_by_yield to 2025-09-28 00:00:00+00:00, run_after=2025-09-29 00:00:00+00:00
[2025-09-29T14:43:04.998+0000] {logging_mixin.py:190} INFO - [2025-09-29T14:43:04.998+0000] {dag.py:4180} INFO - Setting next_dagrun for dataset_with_extra_from_classic_operator to 2025-09-28 00:00:00+00:00, run_after=2025-09-29 00:00:00+00:00
[2025-09-29T14:43:05.012+0000] {processor.py:208} INFO - Processing /home/airflow/.local/lib/python3.12/site-packages/airflow/example_dags/example_outlet_event_extra.py took 0.120 seconds
[2025-09-29T14:43:35.237+0000] {processor.py:186} INFO - Started process (PID=1219) to work on /home/airflow/.local/lib/python3.12/site-packages/airflow/example_dags/example_outlet_event_extra.py
[2025-09-29T14:43:35.238+0000] {processor.py:914} INFO - Processing file /home/airflow/.local/lib/python3.12/site-packages/airflow/example_dags/example_outlet_event_extra.py for tasks to queue
[2025-09-29T14:43:35.239+0000] {logging_mixin.py:190} INFO - [2025-09-29T14:43:35.239+0000] {dagbag.py:588} INFO - Filling up the DagBag from /home/airflow/.local/lib/python3.12/site-packages/airflow/example_dags/example_outlet_event_extra.py
[2025-09-29T14:43:35.311+0000] {processor.py:925} INFO - DAG(s) 'dataset_with_extra_from_classic_operator', 'dataset_with_extra_by_yield', 'dataset_with_extra_by_context' retrieved from /home/airflow/.local/lib/python3.12/site-packages/airflow/example_dags/example_outlet_event_extra.py
[2025-09-29T14:43:35.325+0000] {logging_mixin.py:190} INFO - [2025-09-29T14:43:35.325+0000] {dag.py:3239} INFO - Sync 3 DAGs
[2025-09-29T14:43:35.343+0000] {logging_mixin.py:190} INFO - [2025-09-29T14:43:35.343+0000] {dag.py:4180} INFO - Setting next_dagrun for dataset_with_extra_by_context to 2025-09-28 00:00:00+00:00, run_after=2025-09-29 00:00:00+00:00
[2025-09-29T14:43:35.347+0000] {logging_mixin.py:190} INFO - [2025-09-29T14:43:35.346+0000] {dag.py:4180} INFO - Setting next_dagrun for dataset_with_extra_by_yield to 2025-09-28 00:00:00+00:00, run_after=2025-09-29 00:00:00+00:00
[2025-09-29T14:43:35.348+0000] {logging_mixin.py:190} INFO - [2025-09-29T14:43:35.348+0000] {dag.py:4180} INFO - Setting next_dagrun for dataset_with_extra_from_classic_operator to 2025-09-28 00:00:00+00:00, run_after=2025-09-29 00:00:00+00:00
[2025-09-29T14:43:35.358+0000] {processor.py:208} INFO - Processing /home/airflow/.local/lib/python3.12/site-packages/airflow/example_dags/example_outlet_event_extra.py took 0.124 seconds
[2025-09-29T14:44:05.408+0000] {processor.py:186} INFO - Started process (PID=1283) to work on /home/airflow/.local/lib/python3.12/site-packages/airflow/example_dags/example_outlet_event_extra.py
[2025-09-29T14:44:05.409+0000] {processor.py:914} INFO - Processing file /home/airflow/.local/lib/python3.12/site-packages/airflow/example_dags/example_outlet_event_extra.py for tasks to queue
[2025-09-29T14:44:05.410+0000] {logging_mixin.py:190} INFO - [2025-09-29T14:44:05.410+0000] {dagbag.py:588} INFO - Filling up the DagBag from /home/airflow/.local/lib/python3.12/site-packages/airflow/example_dags/example_outlet_event_extra.py
[2025-09-29T14:44:05.487+0000] {processor.py:925} INFO - DAG(s) 'dataset_with_extra_by_context', 'dataset_with_extra_from_classic_operator', 'dataset_with_extra_by_yield' retrieved from /home/airflow/.local/lib/python3.12/site-packages/airflow/example_dags/example_outlet_event_extra.py
[2025-09-29T14:44:05.504+0000] {logging_mixin.py:190} INFO - [2025-09-29T14:44:05.504+0000] {dag.py:3239} INFO - Sync 3 DAGs
[2025-09-29T14:44:05.521+0000] {logging_mixin.py:190} INFO - [2025-09-29T14:44:05.521+0000] {dag.py:4180} INFO - Setting next_dagrun for dataset_with_extra_by_context to 2025-09-28 00:00:00+00:00, run_after=2025-09-29 00:00:00+00:00
[2025-09-29T14:44:05.525+0000] {logging_mixin.py:190} INFO - [2025-09-29T14:44:05.525+0000] {dag.py:4180} INFO - Setting next_dagrun for dataset_with_extra_by_yield to 2025-09-28 00:00:00+00:00, run_after=2025-09-29 00:00:00+00:00
[2025-09-29T14:44:05.526+0000] {logging_mixin.py:190} INFO - [2025-09-29T14:44:05.526+0000] {dag.py:4180} INFO - Setting next_dagrun for dataset_with_extra_from_classic_operator to 2025-09-28 00:00:00+00:00, run_after=2025-09-29 00:00:00+00:00
[2025-09-29T14:44:05.541+0000] {processor.py:208} INFO - Processing /home/airflow/.local/lib/python3.12/site-packages/airflow/example_dags/example_outlet_event_extra.py took 0.136 seconds
[2025-09-29T14:44:36.238+0000] {processor.py:186} INFO - Started process (PID=1344) to work on /home/airflow/.local/lib/python3.12/site-packages/airflow/example_dags/example_outlet_event_extra.py
[2025-09-29T14:44:36.238+0000] {processor.py:914} INFO - Processing file /home/airflow/.local/lib/python3.12/site-packages/airflow/example_dags/example_outlet_event_extra.py for tasks to queue
[2025-09-29T14:44:36.239+0000] {logging_mixin.py:190} INFO - [2025-09-29T14:44:36.239+0000] {dagbag.py:588} INFO - Filling up the DagBag from /home/airflow/.local/lib/python3.12/site-packages/airflow/example_dags/example_outlet_event_extra.py
[2025-09-29T14:44:36.313+0000] {processor.py:925} INFO - DAG(s) 'dataset_with_extra_by_context', 'dataset_with_extra_from_classic_operator', 'dataset_with_extra_by_yield' retrieved from /home/airflow/.local/lib/python3.12/site-packages/airflow/example_dags/example_outlet_event_extra.py
[2025-09-29T14:44:36.326+0000] {logging_mixin.py:190} INFO - [2025-09-29T14:44:36.325+0000] {dag.py:3239} INFO - Sync 3 DAGs
[2025-09-29T14:44:36.337+0000] {logging_mixin.py:190} INFO - [2025-09-29T14:44:36.337+0000] {dag.py:4180} INFO - Setting next_dagrun for dataset_with_extra_by_context to 2025-09-28 00:00:00+00:00, run_after=2025-09-29 00:00:00+00:00
[2025-09-29T14:44:36.340+0000] {logging_mixin.py:190} INFO - [2025-09-29T14:44:36.340+0000] {dag.py:4180} INFO - Setting next_dagrun for dataset_with_extra_by_yield to 2025-09-28 00:00:00+00:00, run_after=2025-09-29 00:00:00+00:00
[2025-09-29T14:44:36.342+0000] {logging_mixin.py:190} INFO - [2025-09-29T14:44:36.342+0000] {dag.py:4180} INFO - Setting next_dagrun for dataset_with_extra_from_classic_operator to 2025-09-28 00:00:00+00:00, run_after=2025-09-29 00:00:00+00:00
[2025-09-29T14:44:36.360+0000] {processor.py:208} INFO - Processing /home/airflow/.local/lib/python3.12/site-packages/airflow/example_dags/example_outlet_event_extra.py took 0.126 seconds
[2025-09-29T14:45:06.714+0000] {processor.py:186} INFO - Started process (PID=1408) to work on /home/airflow/.local/lib/python3.12/site-packages/airflow/example_dags/example_outlet_event_extra.py
[2025-09-29T14:45:06.715+0000] {processor.py:914} INFO - Processing file /home/airflow/.local/lib/python3.12/site-packages/airflow/example_dags/example_outlet_event_extra.py for tasks to queue
[2025-09-29T14:45:06.716+0000] {logging_mixin.py:190} INFO - [2025-09-29T14:45:06.716+0000] {dagbag.py:588} INFO - Filling up the DagBag from /home/airflow/.local/lib/python3.12/site-packages/airflow/example_dags/example_outlet_event_extra.py
[2025-09-29T14:45:06.789+0000] {processor.py:925} INFO - DAG(s) 'dataset_with_extra_by_yield', 'dataset_with_extra_by_context', 'dataset_with_extra_from_classic_operator' retrieved from /home/airflow/.local/lib/python3.12/site-packages/airflow/example_dags/example_outlet_event_extra.py
[2025-09-29T14:45:06.804+0000] {logging_mixin.py:190} INFO - [2025-09-29T14:45:06.804+0000] {dag.py:3239} INFO - Sync 3 DAGs
[2025-09-29T14:45:06.818+0000] {logging_mixin.py:190} INFO - [2025-09-29T14:45:06.818+0000] {dag.py:4180} INFO - Setting next_dagrun for dataset_with_extra_by_context to 2025-09-28 00:00:00+00:00, run_after=2025-09-29 00:00:00+00:00
[2025-09-29T14:45:06.820+0000] {logging_mixin.py:190} INFO - [2025-09-29T14:45:06.820+0000] {dag.py:4180} INFO - Setting next_dagrun for dataset_with_extra_by_yield to 2025-09-28 00:00:00+00:00, run_after=2025-09-29 00:00:00+00:00
[2025-09-29T14:45:06.822+0000] {logging_mixin.py:190} INFO - [2025-09-29T14:45:06.822+0000] {dag.py:4180} INFO - Setting next_dagrun for dataset_with_extra_from_classic_operator to 2025-09-28 00:00:00+00:00, run_after=2025-09-29 00:00:00+00:00
[2025-09-29T14:45:06.840+0000] {processor.py:208} INFO - Processing /home/airflow/.local/lib/python3.12/site-packages/airflow/example_dags/example_outlet_event_extra.py took 0.129 seconds
[2025-09-29T14:45:37.104+0000] {processor.py:186} INFO - Started process (PID=1474) to work on /home/airflow/.local/lib/python3.12/site-packages/airflow/example_dags/example_outlet_event_extra.py
[2025-09-29T14:45:37.105+0000] {processor.py:914} INFO - Processing file /home/airflow/.local/lib/python3.12/site-packages/airflow/example_dags/example_outlet_event_extra.py for tasks to queue
[2025-09-29T14:45:37.106+0000] {logging_mixin.py:190} INFO - [2025-09-29T14:45:37.106+0000] {dagbag.py:588} INFO - Filling up the DagBag from /home/airflow/.local/lib/python3.12/site-packages/airflow/example_dags/example_outlet_event_extra.py
[2025-09-29T14:45:37.186+0000] {processor.py:925} INFO - DAG(s) 'dataset_with_extra_by_context', 'dataset_with_extra_by_yield', 'dataset_with_extra_from_classic_operator' retrieved from /home/airflow/.local/lib/python3.12/site-packages/airflow/example_dags/example_outlet_event_extra.py
[2025-09-29T14:45:37.205+0000] {logging_mixin.py:190} INFO - [2025-09-29T14:45:37.205+0000] {dag.py:3239} INFO - Sync 3 DAGs
[2025-09-29T14:45:37.218+0000] {logging_mixin.py:190} INFO - [2025-09-29T14:45:37.218+0000] {dag.py:4180} INFO - Setting next_dagrun for dataset_with_extra_by_context to 2025-09-28 00:00:00+00:00, run_after=2025-09-29 00:00:00+00:00
[2025-09-29T14:45:37.222+0000] {logging_mixin.py:190} INFO - [2025-09-29T14:45:37.222+0000] {dag.py:4180} INFO - Setting next_dagrun for dataset_with_extra_by_yield to 2025-09-28 00:00:00+00:00, run_after=2025-09-29 00:00:00+00:00
[2025-09-29T14:45:37.225+0000] {logging_mixin.py:190} INFO - [2025-09-29T14:45:37.225+0000] {dag.py:4180} INFO - Setting next_dagrun for dataset_with_extra_from_classic_operator to 2025-09-28 00:00:00+00:00, run_after=2025-09-29 00:00:00+00:00
[2025-09-29T14:45:37.246+0000] {processor.py:208} INFO - Processing /home/airflow/.local/lib/python3.12/site-packages/airflow/example_dags/example_outlet_event_extra.py took 0.145 seconds
[2025-09-29T14:46:07.482+0000] {processor.py:186} INFO - Started process (PID=1536) to work on /home/airflow/.local/lib/python3.12/site-packages/airflow/example_dags/example_outlet_event_extra.py
[2025-09-29T14:46:07.483+0000] {processor.py:914} INFO - Processing file /home/airflow/.local/lib/python3.12/site-packages/airflow/example_dags/example_outlet_event_extra.py for tasks to queue
[2025-09-29T14:46:07.484+0000] {logging_mixin.py:190} INFO - [2025-09-29T14:46:07.484+0000] {dagbag.py:588} INFO - Filling up the DagBag from /home/airflow/.local/lib/python3.12/site-packages/airflow/example_dags/example_outlet_event_extra.py
[2025-09-29T14:46:07.720+0000] {processor.py:925} INFO - DAG(s) 'dataset_with_extra_from_classic_operator', 'dataset_with_extra_by_context', 'dataset_with_extra_by_yield' retrieved from /home/airflow/.local/lib/python3.12/site-packages/airflow/example_dags/example_outlet_event_extra.py
[2025-09-29T14:46:07.747+0000] {logging_mixin.py:190} INFO - [2025-09-29T14:46:07.746+0000] {dag.py:3239} INFO - Sync 3 DAGs
[2025-09-29T14:46:07.762+0000] {logging_mixin.py:190} INFO - [2025-09-29T14:46:07.762+0000] {dag.py:4180} INFO - Setting next_dagrun for dataset_with_extra_by_context to 2025-09-28 00:00:00+00:00, run_after=2025-09-29 00:00:00+00:00
[2025-09-29T14:46:07.767+0000] {logging_mixin.py:190} INFO - [2025-09-29T14:46:07.767+0000] {dag.py:4180} INFO - Setting next_dagrun for dataset_with_extra_by_yield to 2025-09-28 00:00:00+00:00, run_after=2025-09-29 00:00:00+00:00
[2025-09-29T14:46:07.769+0000] {logging_mixin.py:190} INFO - [2025-09-29T14:46:07.769+0000] {dag.py:4180} INFO - Setting next_dagrun for dataset_with_extra_from_classic_operator to 2025-09-28 00:00:00+00:00, run_after=2025-09-29 00:00:00+00:00
[2025-09-29T14:46:07.782+0000] {processor.py:208} INFO - Processing /home/airflow/.local/lib/python3.12/site-packages/airflow/example_dags/example_outlet_event_extra.py took 0.303 seconds
[2025-09-29T14:46:38.142+0000] {processor.py:186} INFO - Started process (PID=1600) to work on /home/airflow/.local/lib/python3.12/site-packages/airflow/example_dags/example_outlet_event_extra.py
[2025-09-29T14:46:38.142+0000] {processor.py:914} INFO - Processing file /home/airflow/.local/lib/python3.12/site-packages/airflow/example_dags/example_outlet_event_extra.py for tasks to queue
[2025-09-29T14:46:38.144+0000] {logging_mixin.py:190} INFO - [2025-09-29T14:46:38.144+0000] {dagbag.py:588} INFO - Filling up the DagBag from /home/airflow/.local/lib/python3.12/site-packages/airflow/example_dags/example_outlet_event_extra.py
[2025-09-29T14:46:38.218+0000] {processor.py:925} INFO - DAG(s) 'dataset_with_extra_from_classic_operator', 'dataset_with_extra_by_context', 'dataset_with_extra_by_yield' retrieved from /home/airflow/.local/lib/python3.12/site-packages/airflow/example_dags/example_outlet_event_extra.py
[2025-09-29T14:46:38.234+0000] {logging_mixin.py:190} INFO - [2025-09-29T14:46:38.234+0000] {dag.py:3239} INFO - Sync 3 DAGs
[2025-09-29T14:46:38.249+0000] {logging_mixin.py:190} INFO - [2025-09-29T14:46:38.249+0000] {dag.py:4180} INFO - Setting next_dagrun for dataset_with_extra_by_context to 2025-09-28 00:00:00+00:00, run_after=2025-09-29 00:00:00+00:00
[2025-09-29T14:46:38.251+0000] {logging_mixin.py:190} INFO - [2025-09-29T14:46:38.251+0000] {dag.py:4180} INFO - Setting next_dagrun for dataset_with_extra_by_yield to 2025-09-28 00:00:00+00:00, run_after=2025-09-29 00:00:00+00:00
[2025-09-29T14:46:38.253+0000] {logging_mixin.py:190} INFO - [2025-09-29T14:46:38.253+0000] {dag.py:4180} INFO - Setting next_dagrun for dataset_with_extra_from_classic_operator to 2025-09-28 00:00:00+00:00, run_after=2025-09-29 00:00:00+00:00
[2025-09-29T14:46:38.264+0000] {processor.py:208} INFO - Processing /home/airflow/.local/lib/python3.12/site-packages/airflow/example_dags/example_outlet_event_extra.py took 0.126 seconds
[2025-09-29T14:47:08.595+0000] {processor.py:186} INFO - Started process (PID=1664) to work on /home/airflow/.local/lib/python3.12/site-packages/airflow/example_dags/example_outlet_event_extra.py
[2025-09-29T14:47:08.596+0000] {processor.py:914} INFO - Processing file /home/airflow/.local/lib/python3.12/site-packages/airflow/example_dags/example_outlet_event_extra.py for tasks to queue
[2025-09-29T14:47:08.598+0000] {logging_mixin.py:190} INFO - [2025-09-29T14:47:08.597+0000] {dagbag.py:588} INFO - Filling up the DagBag from /home/airflow/.local/lib/python3.12/site-packages/airflow/example_dags/example_outlet_event_extra.py
[2025-09-29T14:47:08.671+0000] {processor.py:925} INFO - DAG(s) 'dataset_with_extra_by_context', 'dataset_with_extra_from_classic_operator', 'dataset_with_extra_by_yield' retrieved from /home/airflow/.local/lib/python3.12/site-packages/airflow/example_dags/example_outlet_event_extra.py
[2025-09-29T14:47:08.696+0000] {logging_mixin.py:190} INFO - [2025-09-29T14:47:08.696+0000] {dag.py:3239} INFO - Sync 3 DAGs
[2025-09-29T14:47:08.708+0000] {logging_mixin.py:190} INFO - [2025-09-29T14:47:08.708+0000] {dag.py:4180} INFO - Setting next_dagrun for dataset_with_extra_by_context to 2025-09-28 00:00:00+00:00, run_after=2025-09-29 00:00:00+00:00
[2025-09-29T14:47:08.710+0000] {logging_mixin.py:190} INFO - [2025-09-29T14:47:08.710+0000] {dag.py:4180} INFO - Setting next_dagrun for dataset_with_extra_by_yield to 2025-09-28 00:00:00+00:00, run_after=2025-09-29 00:00:00+00:00
[2025-09-29T14:47:08.712+0000] {logging_mixin.py:190} INFO - [2025-09-29T14:47:08.712+0000] {dag.py:4180} INFO - Setting next_dagrun for dataset_with_extra_from_classic_operator to 2025-09-28 00:00:00+00:00, run_after=2025-09-29 00:00:00+00:00
[2025-09-29T14:47:08.723+0000] {processor.py:208} INFO - Processing /home/airflow/.local/lib/python3.12/site-packages/airflow/example_dags/example_outlet_event_extra.py took 0.132 seconds
[2025-09-29T14:47:39.127+0000] {processor.py:186} INFO - Started process (PID=1728) to work on /home/airflow/.local/lib/python3.12/site-packages/airflow/example_dags/example_outlet_event_extra.py
[2025-09-29T14:47:39.128+0000] {processor.py:914} INFO - Processing file /home/airflow/.local/lib/python3.12/site-packages/airflow/example_dags/example_outlet_event_extra.py for tasks to queue
[2025-09-29T14:47:39.129+0000] {logging_mixin.py:190} INFO - [2025-09-29T14:47:39.129+0000] {dagbag.py:588} INFO - Filling up the DagBag from /home/airflow/.local/lib/python3.12/site-packages/airflow/example_dags/example_outlet_event_extra.py
[2025-09-29T14:47:39.198+0000] {processor.py:925} INFO - DAG(s) 'dataset_with_extra_from_classic_operator', 'dataset_with_extra_by_context', 'dataset_with_extra_by_yield' retrieved from /home/airflow/.local/lib/python3.12/site-packages/airflow/example_dags/example_outlet_event_extra.py
[2025-09-29T14:47:39.219+0000] {logging_mixin.py:190} INFO - [2025-09-29T14:47:39.218+0000] {dag.py:3239} INFO - Sync 3 DAGs
[2025-09-29T14:47:39.230+0000] {logging_mixin.py:190} INFO - [2025-09-29T14:47:39.230+0000] {dag.py:4180} INFO - Setting next_dagrun for dataset_with_extra_by_context to 2025-09-28 00:00:00+00:00, run_after=2025-09-29 00:00:00+00:00
[2025-09-29T14:47:39.232+0000] {logging_mixin.py:190} INFO - [2025-09-29T14:47:39.232+0000] {dag.py:4180} INFO - Setting next_dagrun for dataset_with_extra_by_yield to 2025-09-28 00:00:00+00:00, run_after=2025-09-29 00:00:00+00:00
[2025-09-29T14:47:39.234+0000] {logging_mixin.py:190} INFO - [2025-09-29T14:47:39.233+0000] {dag.py:4180} INFO - Setting next_dagrun for dataset_with_extra_from_classic_operator to 2025-09-28 00:00:00+00:00, run_after=2025-09-29 00:00:00+00:00
[2025-09-29T14:47:39.248+0000] {processor.py:208} INFO - Processing /home/airflow/.local/lib/python3.12/site-packages/airflow/example_dags/example_outlet_event_extra.py took 0.123 seconds
[2025-09-29T14:48:09.398+0000] {processor.py:186} INFO - Started process (PID=1793) to work on /home/airflow/.local/lib/python3.12/site-packages/airflow/example_dags/example_outlet_event_extra.py
[2025-09-29T14:48:09.399+0000] {processor.py:914} INFO - Processing file /home/airflow/.local/lib/python3.12/site-packages/airflow/example_dags/example_outlet_event_extra.py for tasks to queue
[2025-09-29T14:48:09.400+0000] {logging_mixin.py:190} INFO - [2025-09-29T14:48:09.400+0000] {dagbag.py:588} INFO - Filling up the DagBag from /home/airflow/.local/lib/python3.12/site-packages/airflow/example_dags/example_outlet_event_extra.py
[2025-09-29T14:48:09.474+0000] {processor.py:925} INFO - DAG(s) 'dataset_with_extra_from_classic_operator', 'dataset_with_extra_by_context', 'dataset_with_extra_by_yield' retrieved from /home/airflow/.local/lib/python3.12/site-packages/airflow/example_dags/example_outlet_event_extra.py
[2025-09-29T14:48:09.491+0000] {logging_mixin.py:190} INFO - [2025-09-29T14:48:09.491+0000] {dag.py:3239} INFO - Sync 3 DAGs
[2025-09-29T14:48:09.503+0000] {logging_mixin.py:190} INFO - [2025-09-29T14:48:09.503+0000] {dag.py:4180} INFO - Setting next_dagrun for dataset_with_extra_by_context to 2025-09-28 00:00:00+00:00, run_after=2025-09-29 00:00:00+00:00
[2025-09-29T14:48:09.506+0000] {logging_mixin.py:190} INFO - [2025-09-29T14:48:09.506+0000] {dag.py:4180} INFO - Setting next_dagrun for dataset_with_extra_by_yield to 2025-09-28 00:00:00+00:00, run_after=2025-09-29 00:00:00+00:00
[2025-09-29T14:48:09.508+0000] {logging_mixin.py:190} INFO - [2025-09-29T14:48:09.508+0000] {dag.py:4180} INFO - Setting next_dagrun for dataset_with_extra_from_classic_operator to 2025-09-28 00:00:00+00:00, run_after=2025-09-29 00:00:00+00:00
[2025-09-29T14:48:09.524+0000] {processor.py:208} INFO - Processing /home/airflow/.local/lib/python3.12/site-packages/airflow/example_dags/example_outlet_event_extra.py took 0.129 seconds
[2025-09-29T14:48:39.894+0000] {processor.py:186} INFO - Started process (PID=1856) to work on /home/airflow/.local/lib/python3.12/site-packages/airflow/example_dags/example_outlet_event_extra.py
[2025-09-29T14:48:39.895+0000] {processor.py:914} INFO - Processing file /home/airflow/.local/lib/python3.12/site-packages/airflow/example_dags/example_outlet_event_extra.py for tasks to queue
[2025-09-29T14:48:39.896+0000] {logging_mixin.py:190} INFO - [2025-09-29T14:48:39.896+0000] {dagbag.py:588} INFO - Filling up the DagBag from /home/airflow/.local/lib/python3.12/site-packages/airflow/example_dags/example_outlet_event_extra.py
[2025-09-29T14:48:39.966+0000] {processor.py:925} INFO - DAG(s) 'dataset_with_extra_by_context', 'dataset_with_extra_by_yield', 'dataset_with_extra_from_classic_operator' retrieved from /home/airflow/.local/lib/python3.12/site-packages/airflow/example_dags/example_outlet_event_extra.py
[2025-09-29T14:48:39.981+0000] {logging_mixin.py:190} INFO - [2025-09-29T14:48:39.981+0000] {dag.py:3239} INFO - Sync 3 DAGs
[2025-09-29T14:48:39.992+0000] {logging_mixin.py:190} INFO - [2025-09-29T14:48:39.992+0000] {dag.py:4180} INFO - Setting next_dagrun for dataset_with_extra_by_context to 2025-09-28 00:00:00+00:00, run_after=2025-09-29 00:00:00+00:00
[2025-09-29T14:48:39.997+0000] {logging_mixin.py:190} INFO - [2025-09-29T14:48:39.997+0000] {dag.py:4180} INFO - Setting next_dagrun for dataset_with_extra_by_yield to 2025-09-28 00:00:00+00:00, run_after=2025-09-29 00:00:00+00:00
[2025-09-29T14:48:39.998+0000] {logging_mixin.py:190} INFO - [2025-09-29T14:48:39.998+0000] {dag.py:4180} INFO - Setting next_dagrun for dataset_with_extra_from_classic_operator to 2025-09-28 00:00:00+00:00, run_after=2025-09-29 00:00:00+00:00
[2025-09-29T14:48:40.008+0000] {processor.py:208} INFO - Processing /home/airflow/.local/lib/python3.12/site-packages/airflow/example_dags/example_outlet_event_extra.py took 0.116 seconds
[2025-09-29T14:49:10.026+0000] {processor.py:186} INFO - Started process (PID=1921) to work on /home/airflow/.local/lib/python3.12/site-packages/airflow/example_dags/example_outlet_event_extra.py
[2025-09-29T14:49:10.027+0000] {processor.py:914} INFO - Processing file /home/airflow/.local/lib/python3.12/site-packages/airflow/example_dags/example_outlet_event_extra.py for tasks to queue
[2025-09-29T14:49:10.028+0000] {logging_mixin.py:190} INFO - [2025-09-29T14:49:10.028+0000] {dagbag.py:588} INFO - Filling up the DagBag from /home/airflow/.local/lib/python3.12/site-packages/airflow/example_dags/example_outlet_event_extra.py
[2025-09-29T14:49:10.098+0000] {processor.py:925} INFO - DAG(s) 'dataset_with_extra_from_classic_operator', 'dataset_with_extra_by_yield', 'dataset_with_extra_by_context' retrieved from /home/airflow/.local/lib/python3.12/site-packages/airflow/example_dags/example_outlet_event_extra.py
[2025-09-29T14:49:10.116+0000] {logging_mixin.py:190} INFO - [2025-09-29T14:49:10.116+0000] {dag.py:3239} INFO - Sync 3 DAGs
[2025-09-29T14:49:10.127+0000] {logging_mixin.py:190} INFO - [2025-09-29T14:49:10.127+0000] {dag.py:4180} INFO - Setting next_dagrun for dataset_with_extra_by_context to 2025-09-28 00:00:00+00:00, run_after=2025-09-29 00:00:00+00:00
[2025-09-29T14:49:10.130+0000] {logging_mixin.py:190} INFO - [2025-09-29T14:49:10.130+0000] {dag.py:4180} INFO - Setting next_dagrun for dataset_with_extra_by_yield to 2025-09-28 00:00:00+00:00, run_after=2025-09-29 00:00:00+00:00
[2025-09-29T14:49:10.131+0000] {logging_mixin.py:190} INFO - [2025-09-29T14:49:10.131+0000] {dag.py:4180} INFO - Setting next_dagrun for dataset_with_extra_from_classic_operator to 2025-09-28 00:00:00+00:00, run_after=2025-09-29 00:00:00+00:00
[2025-09-29T14:49:10.142+0000] {processor.py:208} INFO - Processing /home/airflow/.local/lib/python3.12/site-packages/airflow/example_dags/example_outlet_event_extra.py took 0.120 seconds
[2025-09-29T14:49:40.466+0000] {processor.py:186} INFO - Started process (PID=1984) to work on /home/airflow/.local/lib/python3.12/site-packages/airflow/example_dags/example_outlet_event_extra.py
[2025-09-29T14:49:40.467+0000] {processor.py:914} INFO - Processing file /home/airflow/.local/lib/python3.12/site-packages/airflow/example_dags/example_outlet_event_extra.py for tasks to queue
[2025-09-29T14:49:40.469+0000] {logging_mixin.py:190} INFO - [2025-09-29T14:49:40.469+0000] {dagbag.py:588} INFO - Filling up the DagBag from /home/airflow/.local/lib/python3.12/site-packages/airflow/example_dags/example_outlet_event_extra.py
[2025-09-29T14:49:40.541+0000] {processor.py:925} INFO - DAG(s) 'dataset_with_extra_by_yield', 'dataset_with_extra_by_context', 'dataset_with_extra_from_classic_operator' retrieved from /home/airflow/.local/lib/python3.12/site-packages/airflow/example_dags/example_outlet_event_extra.py
[2025-09-29T14:49:40.556+0000] {logging_mixin.py:190} INFO - [2025-09-29T14:49:40.556+0000] {dag.py:3239} INFO - Sync 3 DAGs
[2025-09-29T14:49:40.572+0000] {logging_mixin.py:190} INFO - [2025-09-29T14:49:40.572+0000] {dag.py:4180} INFO - Setting next_dagrun for dataset_with_extra_by_context to 2025-09-28 00:00:00+00:00, run_after=2025-09-29 00:00:00+00:00
[2025-09-29T14:49:40.576+0000] {logging_mixin.py:190} INFO - [2025-09-29T14:49:40.575+0000] {dag.py:4180} INFO - Setting next_dagrun for dataset_with_extra_by_yield to 2025-09-28 00:00:00+00:00, run_after=2025-09-29 00:00:00+00:00
[2025-09-29T14:49:40.577+0000] {logging_mixin.py:190} INFO - [2025-09-29T14:49:40.577+0000] {dag.py:4180} INFO - Setting next_dagrun for dataset_with_extra_from_classic_operator to 2025-09-28 00:00:00+00:00, run_after=2025-09-29 00:00:00+00:00
[2025-09-29T14:49:40.592+0000] {processor.py:208} INFO - Processing /home/airflow/.local/lib/python3.12/site-packages/airflow/example_dags/example_outlet_event_extra.py took 0.129 seconds
[2025-09-29T14:50:10.883+0000] {processor.py:186} INFO - Started process (PID=2048) to work on /home/airflow/.local/lib/python3.12/site-packages/airflow/example_dags/example_outlet_event_extra.py
[2025-09-29T14:50:10.884+0000] {processor.py:914} INFO - Processing file /home/airflow/.local/lib/python3.12/site-packages/airflow/example_dags/example_outlet_event_extra.py for tasks to queue
[2025-09-29T14:50:10.885+0000] {logging_mixin.py:190} INFO - [2025-09-29T14:50:10.885+0000] {dagbag.py:588} INFO - Filling up the DagBag from /home/airflow/.local/lib/python3.12/site-packages/airflow/example_dags/example_outlet_event_extra.py
[2025-09-29T14:50:10.957+0000] {processor.py:925} INFO - DAG(s) 'dataset_with_extra_by_context', 'dataset_with_extra_by_yield', 'dataset_with_extra_from_classic_operator' retrieved from /home/airflow/.local/lib/python3.12/site-packages/airflow/example_dags/example_outlet_event_extra.py
[2025-09-29T14:50:10.974+0000] {logging_mixin.py:190} INFO - [2025-09-29T14:50:10.974+0000] {dag.py:3239} INFO - Sync 3 DAGs
[2025-09-29T14:50:10.986+0000] {logging_mixin.py:190} INFO - [2025-09-29T14:50:10.986+0000] {dag.py:4180} INFO - Setting next_dagrun for dataset_with_extra_by_context to 2025-09-28 00:00:00+00:00, run_after=2025-09-29 00:00:00+00:00
[2025-09-29T14:50:10.991+0000] {logging_mixin.py:190} INFO - [2025-09-29T14:50:10.990+0000] {dag.py:4180} INFO - Setting next_dagrun for dataset_with_extra_by_yield to 2025-09-28 00:00:00+00:00, run_after=2025-09-29 00:00:00+00:00
[2025-09-29T14:50:10.992+0000] {logging_mixin.py:190} INFO - [2025-09-29T14:50:10.992+0000] {dag.py:4180} INFO - Setting next_dagrun for dataset_with_extra_from_classic_operator to 2025-09-28 00:00:00+00:00, run_after=2025-09-29 00:00:00+00:00
[2025-09-29T14:50:11.005+0000] {processor.py:208} INFO - Processing /home/airflow/.local/lib/python3.12/site-packages/airflow/example_dags/example_outlet_event_extra.py took 0.124 seconds
[2025-09-29T14:50:41.133+0000] {processor.py:186} INFO - Started process (PID=2112) to work on /home/airflow/.local/lib/python3.12/site-packages/airflow/example_dags/example_outlet_event_extra.py
[2025-09-29T14:50:41.134+0000] {processor.py:914} INFO - Processing file /home/airflow/.local/lib/python3.12/site-packages/airflow/example_dags/example_outlet_event_extra.py for tasks to queue
[2025-09-29T14:50:41.136+0000] {logging_mixin.py:190} INFO - [2025-09-29T14:50:41.136+0000] {dagbag.py:588} INFO - Filling up the DagBag from /home/airflow/.local/lib/python3.12/site-packages/airflow/example_dags/example_outlet_event_extra.py
[2025-09-29T14:50:41.205+0000] {processor.py:925} INFO - DAG(s) 'dataset_with_extra_by_yield', 'dataset_with_extra_from_classic_operator', 'dataset_with_extra_by_context' retrieved from /home/airflow/.local/lib/python3.12/site-packages/airflow/example_dags/example_outlet_event_extra.py
[2025-09-29T14:50:41.219+0000] {logging_mixin.py:190} INFO - [2025-09-29T14:50:41.219+0000] {dag.py:3239} INFO - Sync 3 DAGs
[2025-09-29T14:50:41.232+0000] {logging_mixin.py:190} INFO - [2025-09-29T14:50:41.232+0000] {dag.py:4180} INFO - Setting next_dagrun for dataset_with_extra_by_context to 2025-09-28 00:00:00+00:00, run_after=2025-09-29 00:00:00+00:00
[2025-09-29T14:50:41.235+0000] {logging_mixin.py:190} INFO - [2025-09-29T14:50:41.234+0000] {dag.py:4180} INFO - Setting next_dagrun for dataset_with_extra_by_yield to 2025-09-28 00:00:00+00:00, run_after=2025-09-29 00:00:00+00:00
[2025-09-29T14:50:41.237+0000] {logging_mixin.py:190} INFO - [2025-09-29T14:50:41.237+0000] {dag.py:4180} INFO - Setting next_dagrun for dataset_with_extra_from_classic_operator to 2025-09-28 00:00:00+00:00, run_after=2025-09-29 00:00:00+00:00
[2025-09-29T14:50:41.251+0000] {processor.py:208} INFO - Processing /home/airflow/.local/lib/python3.12/site-packages/airflow/example_dags/example_outlet_event_extra.py took 0.121 seconds
[2025-09-29T14:51:11.394+0000] {processor.py:186} INFO - Started process (PID=2177) to work on /home/airflow/.local/lib/python3.12/site-packages/airflow/example_dags/example_outlet_event_extra.py
[2025-09-29T14:51:11.394+0000] {processor.py:914} INFO - Processing file /home/airflow/.local/lib/python3.12/site-packages/airflow/example_dags/example_outlet_event_extra.py for tasks to queue
[2025-09-29T14:51:11.396+0000] {logging_mixin.py:190} INFO - [2025-09-29T14:51:11.396+0000] {dagbag.py:588} INFO - Filling up the DagBag from /home/airflow/.local/lib/python3.12/site-packages/airflow/example_dags/example_outlet_event_extra.py
[2025-09-29T14:51:11.466+0000] {processor.py:925} INFO - DAG(s) 'dataset_with_extra_from_classic_operator', 'dataset_with_extra_by_context', 'dataset_with_extra_by_yield' retrieved from /home/airflow/.local/lib/python3.12/site-packages/airflow/example_dags/example_outlet_event_extra.py
[2025-09-29T14:51:11.482+0000] {logging_mixin.py:190} INFO - [2025-09-29T14:51:11.482+0000] {dag.py:3239} INFO - Sync 3 DAGs
[2025-09-29T14:51:11.496+0000] {logging_mixin.py:190} INFO - [2025-09-29T14:51:11.496+0000] {dag.py:4180} INFO - Setting next_dagrun for dataset_with_extra_by_context to 2025-09-28 00:00:00+00:00, run_after=2025-09-29 00:00:00+00:00
[2025-09-29T14:51:11.499+0000] {logging_mixin.py:190} INFO - [2025-09-29T14:51:11.499+0000] {dag.py:4180} INFO - Setting next_dagrun for dataset_with_extra_by_yield to 2025-09-28 00:00:00+00:00, run_after=2025-09-29 00:00:00+00:00
[2025-09-29T14:51:11.500+0000] {logging_mixin.py:190} INFO - [2025-09-29T14:51:11.500+0000] {dag.py:4180} INFO - Setting next_dagrun for dataset_with_extra_from_classic_operator to 2025-09-28 00:00:00+00:00, run_after=2025-09-29 00:00:00+00:00
[2025-09-29T14:51:11.512+0000] {processor.py:208} INFO - Processing /home/airflow/.local/lib/python3.12/site-packages/airflow/example_dags/example_outlet_event_extra.py took 0.121 seconds
[2025-09-29T14:51:41.878+0000] {processor.py:186} INFO - Started process (PID=2243) to work on /home/airflow/.local/lib/python3.12/site-packages/airflow/example_dags/example_outlet_event_extra.py
[2025-09-29T14:51:41.880+0000] {processor.py:914} INFO - Processing file /home/airflow/.local/lib/python3.12/site-packages/airflow/example_dags/example_outlet_event_extra.py for tasks to queue
[2025-09-29T14:51:41.883+0000] {logging_mixin.py:190} INFO - [2025-09-29T14:51:41.882+0000] {dagbag.py:588} INFO - Filling up the DagBag from /home/airflow/.local/lib/python3.12/site-packages/airflow/example_dags/example_outlet_event_extra.py
[2025-09-29T14:51:41.959+0000] {processor.py:925} INFO - DAG(s) 'dataset_with_extra_by_context', 'dataset_with_extra_by_yield', 'dataset_with_extra_from_classic_operator' retrieved from /home/airflow/.local/lib/python3.12/site-packages/airflow/example_dags/example_outlet_event_extra.py
[2025-09-29T14:51:41.975+0000] {logging_mixin.py:190} INFO - [2025-09-29T14:51:41.974+0000] {dag.py:3239} INFO - Sync 3 DAGs
[2025-09-29T14:51:41.987+0000] {logging_mixin.py:190} INFO - [2025-09-29T14:51:41.987+0000] {dag.py:4180} INFO - Setting next_dagrun for dataset_with_extra_by_context to 2025-09-28 00:00:00+00:00, run_after=2025-09-29 00:00:00+00:00
[2025-09-29T14:51:41.989+0000] {logging_mixin.py:190} INFO - [2025-09-29T14:51:41.989+0000] {dag.py:4180} INFO - Setting next_dagrun for dataset_with_extra_by_yield to 2025-09-28 00:00:00+00:00, run_after=2025-09-29 00:00:00+00:00
[2025-09-29T14:51:41.990+0000] {logging_mixin.py:190} INFO - [2025-09-29T14:51:41.990+0000] {dag.py:4180} INFO - Setting next_dagrun for dataset_with_extra_from_classic_operator to 2025-09-28 00:00:00+00:00, run_after=2025-09-29 00:00:00+00:00
[2025-09-29T14:51:42.002+0000] {processor.py:208} INFO - Processing /home/airflow/.local/lib/python3.12/site-packages/airflow/example_dags/example_outlet_event_extra.py took 0.128 seconds
[2025-09-29T14:52:12.175+0000] {processor.py:186} INFO - Started process (PID=2306) to work on /home/airflow/.local/lib/python3.12/site-packages/airflow/example_dags/example_outlet_event_extra.py
[2025-09-29T14:52:12.177+0000] {processor.py:914} INFO - Processing file /home/airflow/.local/lib/python3.12/site-packages/airflow/example_dags/example_outlet_event_extra.py for tasks to queue
[2025-09-29T14:52:12.178+0000] {logging_mixin.py:190} INFO - [2025-09-29T14:52:12.178+0000] {dagbag.py:588} INFO - Filling up the DagBag from /home/airflow/.local/lib/python3.12/site-packages/airflow/example_dags/example_outlet_event_extra.py
[2025-09-29T14:52:12.248+0000] {processor.py:925} INFO - DAG(s) 'dataset_with_extra_by_yield', 'dataset_with_extra_from_classic_operator', 'dataset_with_extra_by_context' retrieved from /home/airflow/.local/lib/python3.12/site-packages/airflow/example_dags/example_outlet_event_extra.py
[2025-09-29T14:52:12.263+0000] {logging_mixin.py:190} INFO - [2025-09-29T14:52:12.263+0000] {dag.py:3239} INFO - Sync 3 DAGs
[2025-09-29T14:52:12.276+0000] {logging_mixin.py:190} INFO - [2025-09-29T14:52:12.276+0000] {dag.py:4180} INFO - Setting next_dagrun for dataset_with_extra_by_context to 2025-09-28 00:00:00+00:00, run_after=2025-09-29 00:00:00+00:00
[2025-09-29T14:52:12.280+0000] {logging_mixin.py:190} INFO - [2025-09-29T14:52:12.280+0000] {dag.py:4180} INFO - Setting next_dagrun for dataset_with_extra_by_yield to 2025-09-28 00:00:00+00:00, run_after=2025-09-29 00:00:00+00:00
[2025-09-29T14:52:12.281+0000] {logging_mixin.py:190} INFO - [2025-09-29T14:52:12.281+0000] {dag.py:4180} INFO - Setting next_dagrun for dataset_with_extra_from_classic_operator to 2025-09-28 00:00:00+00:00, run_after=2025-09-29 00:00:00+00:00
[2025-09-29T14:52:12.297+0000] {processor.py:208} INFO - Processing /home/airflow/.local/lib/python3.12/site-packages/airflow/example_dags/example_outlet_event_extra.py took 0.125 seconds
[2025-09-29T14:52:42.455+0000] {processor.py:186} INFO - Started process (PID=2371) to work on /home/airflow/.local/lib/python3.12/site-packages/airflow/example_dags/example_outlet_event_extra.py
[2025-09-29T14:52:42.455+0000] {processor.py:914} INFO - Processing file /home/airflow/.local/lib/python3.12/site-packages/airflow/example_dags/example_outlet_event_extra.py for tasks to queue
[2025-09-29T14:52:42.456+0000] {logging_mixin.py:190} INFO - [2025-09-29T14:52:42.456+0000] {dagbag.py:588} INFO - Filling up the DagBag from /home/airflow/.local/lib/python3.12/site-packages/airflow/example_dags/example_outlet_event_extra.py
[2025-09-29T14:52:42.527+0000] {processor.py:925} INFO - DAG(s) 'dataset_with_extra_by_yield', 'dataset_with_extra_from_classic_operator', 'dataset_with_extra_by_context' retrieved from /home/airflow/.local/lib/python3.12/site-packages/airflow/example_dags/example_outlet_event_extra.py
[2025-09-29T14:52:42.543+0000] {logging_mixin.py:190} INFO - [2025-09-29T14:52:42.541+0000] {dag.py:3239} INFO - Sync 3 DAGs
[2025-09-29T14:52:42.555+0000] {logging_mixin.py:190} INFO - [2025-09-29T14:52:42.555+0000] {dag.py:4180} INFO - Setting next_dagrun for dataset_with_extra_by_context to 2025-09-28 00:00:00+00:00, run_after=2025-09-29 00:00:00+00:00
[2025-09-29T14:52:42.558+0000] {logging_mixin.py:190} INFO - [2025-09-29T14:52:42.558+0000] {dag.py:4180} INFO - Setting next_dagrun for dataset_with_extra_by_yield to 2025-09-28 00:00:00+00:00, run_after=2025-09-29 00:00:00+00:00
[2025-09-29T14:52:42.559+0000] {logging_mixin.py:190} INFO - [2025-09-29T14:52:42.559+0000] {dag.py:4180} INFO - Setting next_dagrun for dataset_with_extra_from_classic_operator to 2025-09-28 00:00:00+00:00, run_after=2025-09-29 00:00:00+00:00
[2025-09-29T14:52:42.569+0000] {processor.py:208} INFO - Processing /home/airflow/.local/lib/python3.12/site-packages/airflow/example_dags/example_outlet_event_extra.py took 0.117 seconds
[2025-09-29T14:53:12.598+0000] {processor.py:186} INFO - Started process (PID=2433) to work on /home/airflow/.local/lib/python3.12/site-packages/airflow/example_dags/example_outlet_event_extra.py
[2025-09-29T14:53:12.599+0000] {processor.py:914} INFO - Processing file /home/airflow/.local/lib/python3.12/site-packages/airflow/example_dags/example_outlet_event_extra.py for tasks to queue
[2025-09-29T14:53:12.600+0000] {logging_mixin.py:190} INFO - [2025-09-29T14:53:12.599+0000] {dagbag.py:588} INFO - Filling up the DagBag from /home/airflow/.local/lib/python3.12/site-packages/airflow/example_dags/example_outlet_event_extra.py
[2025-09-29T14:53:12.669+0000] {processor.py:925} INFO - DAG(s) 'dataset_with_extra_from_classic_operator', 'dataset_with_extra_by_yield', 'dataset_with_extra_by_context' retrieved from /home/airflow/.local/lib/python3.12/site-packages/airflow/example_dags/example_outlet_event_extra.py
[2025-09-29T14:53:12.686+0000] {logging_mixin.py:190} INFO - [2025-09-29T14:53:12.686+0000] {dag.py:3239} INFO - Sync 3 DAGs
[2025-09-29T14:53:12.699+0000] {logging_mixin.py:190} INFO - [2025-09-29T14:53:12.698+0000] {dag.py:4180} INFO - Setting next_dagrun for dataset_with_extra_by_context to 2025-09-28 00:00:00+00:00, run_after=2025-09-29 00:00:00+00:00
[2025-09-29T14:53:12.703+0000] {logging_mixin.py:190} INFO - [2025-09-29T14:53:12.703+0000] {dag.py:4180} INFO - Setting next_dagrun for dataset_with_extra_by_yield to 2025-09-28 00:00:00+00:00, run_after=2025-09-29 00:00:00+00:00
[2025-09-29T14:53:12.705+0000] {logging_mixin.py:190} INFO - [2025-09-29T14:53:12.705+0000] {dag.py:4180} INFO - Setting next_dagrun for dataset_with_extra_from_classic_operator to 2025-09-28 00:00:00+00:00, run_after=2025-09-29 00:00:00+00:00
[2025-09-29T14:53:12.717+0000] {processor.py:208} INFO - Processing /home/airflow/.local/lib/python3.12/site-packages/airflow/example_dags/example_outlet_event_extra.py took 0.121 seconds
[2025-09-29T14:53:42.733+0000] {processor.py:186} INFO - Started process (PID=2493) to work on /home/airflow/.local/lib/python3.12/site-packages/airflow/example_dags/example_outlet_event_extra.py
[2025-09-29T14:53:42.736+0000] {processor.py:914} INFO - Processing file /home/airflow/.local/lib/python3.12/site-packages/airflow/example_dags/example_outlet_event_extra.py for tasks to queue
[2025-09-29T14:53:42.737+0000] {logging_mixin.py:190} INFO - [2025-09-29T14:53:42.737+0000] {dagbag.py:588} INFO - Filling up the DagBag from /home/airflow/.local/lib/python3.12/site-packages/airflow/example_dags/example_outlet_event_extra.py
[2025-09-29T14:53:42.810+0000] {processor.py:925} INFO - DAG(s) 'dataset_with_extra_by_yield', 'dataset_with_extra_from_classic_operator', 'dataset_with_extra_by_context' retrieved from /home/airflow/.local/lib/python3.12/site-packages/airflow/example_dags/example_outlet_event_extra.py
[2025-09-29T14:53:42.825+0000] {logging_mixin.py:190} INFO - [2025-09-29T14:53:42.825+0000] {dag.py:3239} INFO - Sync 3 DAGs
[2025-09-29T14:53:42.837+0000] {logging_mixin.py:190} INFO - [2025-09-29T14:53:42.837+0000] {dag.py:4180} INFO - Setting next_dagrun for dataset_with_extra_by_context to 2025-09-28 00:00:00+00:00, run_after=2025-09-29 00:00:00+00:00
[2025-09-29T14:53:42.840+0000] {logging_mixin.py:190} INFO - [2025-09-29T14:53:42.840+0000] {dag.py:4180} INFO - Setting next_dagrun for dataset_with_extra_by_yield to 2025-09-28 00:00:00+00:00, run_after=2025-09-29 00:00:00+00:00
[2025-09-29T14:53:42.841+0000] {logging_mixin.py:190} INFO - [2025-09-29T14:53:42.841+0000] {dag.py:4180} INFO - Setting next_dagrun for dataset_with_extra_from_classic_operator to 2025-09-28 00:00:00+00:00, run_after=2025-09-29 00:00:00+00:00
[2025-09-29T14:53:42.853+0000] {processor.py:208} INFO - Processing /home/airflow/.local/lib/python3.12/site-packages/airflow/example_dags/example_outlet_event_extra.py took 0.123 seconds
[2025-09-29T14:54:13.013+0000] {processor.py:186} INFO - Started process (PID=2557) to work on /home/airflow/.local/lib/python3.12/site-packages/airflow/example_dags/example_outlet_event_extra.py
[2025-09-29T14:54:13.014+0000] {processor.py:914} INFO - Processing file /home/airflow/.local/lib/python3.12/site-packages/airflow/example_dags/example_outlet_event_extra.py for tasks to queue
[2025-09-29T14:54:13.015+0000] {logging_mixin.py:190} INFO - [2025-09-29T14:54:13.015+0000] {dagbag.py:588} INFO - Filling up the DagBag from /home/airflow/.local/lib/python3.12/site-packages/airflow/example_dags/example_outlet_event_extra.py
[2025-09-29T14:54:13.087+0000] {processor.py:925} INFO - DAG(s) 'dataset_with_extra_by_yield', 'dataset_with_extra_from_classic_operator', 'dataset_with_extra_by_context' retrieved from /home/airflow/.local/lib/python3.12/site-packages/airflow/example_dags/example_outlet_event_extra.py
[2025-09-29T14:54:13.101+0000] {logging_mixin.py:190} INFO - [2025-09-29T14:54:13.101+0000] {dag.py:3239} INFO - Sync 3 DAGs
[2025-09-29T14:54:13.113+0000] {logging_mixin.py:190} INFO - [2025-09-29T14:54:13.113+0000] {dag.py:4180} INFO - Setting next_dagrun for dataset_with_extra_by_context to 2025-09-28 00:00:00+00:00, run_after=2025-09-29 00:00:00+00:00
[2025-09-29T14:54:13.115+0000] {logging_mixin.py:190} INFO - [2025-09-29T14:54:13.115+0000] {dag.py:4180} INFO - Setting next_dagrun for dataset_with_extra_by_yield to 2025-09-28 00:00:00+00:00, run_after=2025-09-29 00:00:00+00:00
[2025-09-29T14:54:13.116+0000] {logging_mixin.py:190} INFO - [2025-09-29T14:54:13.116+0000] {dag.py:4180} INFO - Setting next_dagrun for dataset_with_extra_from_classic_operator to 2025-09-28 00:00:00+00:00, run_after=2025-09-29 00:00:00+00:00
[2025-09-29T14:54:13.127+0000] {processor.py:208} INFO - Processing /home/airflow/.local/lib/python3.12/site-packages/airflow/example_dags/example_outlet_event_extra.py took 0.117 seconds
[2025-09-29T14:54:43.281+0000] {processor.py:186} INFO - Started process (PID=2620) to work on /home/airflow/.local/lib/python3.12/site-packages/airflow/example_dags/example_outlet_event_extra.py
[2025-09-29T14:54:43.281+0000] {processor.py:914} INFO - Processing file /home/airflow/.local/lib/python3.12/site-packages/airflow/example_dags/example_outlet_event_extra.py for tasks to queue
[2025-09-29T14:54:43.282+0000] {logging_mixin.py:190} INFO - [2025-09-29T14:54:43.282+0000] {dagbag.py:588} INFO - Filling up the DagBag from /home/airflow/.local/lib/python3.12/site-packages/airflow/example_dags/example_outlet_event_extra.py
[2025-09-29T14:54:43.356+0000] {processor.py:925} INFO - DAG(s) 'dataset_with_extra_from_classic_operator', 'dataset_with_extra_by_yield', 'dataset_with_extra_by_context' retrieved from /home/airflow/.local/lib/python3.12/site-packages/airflow/example_dags/example_outlet_event_extra.py
[2025-09-29T14:54:43.370+0000] {logging_mixin.py:190} INFO - [2025-09-29T14:54:43.370+0000] {dag.py:3239} INFO - Sync 3 DAGs
[2025-09-29T14:54:43.383+0000] {logging_mixin.py:190} INFO - [2025-09-29T14:54:43.382+0000] {dag.py:4180} INFO - Setting next_dagrun for dataset_with_extra_by_context to 2025-09-28 00:00:00+00:00, run_after=2025-09-29 00:00:00+00:00
[2025-09-29T14:54:43.386+0000] {logging_mixin.py:190} INFO - [2025-09-29T14:54:43.386+0000] {dag.py:4180} INFO - Setting next_dagrun for dataset_with_extra_by_yield to 2025-09-28 00:00:00+00:00, run_after=2025-09-29 00:00:00+00:00
[2025-09-29T14:54:43.390+0000] {logging_mixin.py:190} INFO - [2025-09-29T14:54:43.390+0000] {dag.py:4180} INFO - Setting next_dagrun for dataset_with_extra_from_classic_operator to 2025-09-28 00:00:00+00:00, run_after=2025-09-29 00:00:00+00:00
[2025-09-29T14:54:43.404+0000] {processor.py:208} INFO - Processing /home/airflow/.local/lib/python3.12/site-packages/airflow/example_dags/example_outlet_event_extra.py took 0.127 seconds
[2025-09-29T14:55:13.643+0000] {processor.py:186} INFO - Started process (PID=2681) to work on /home/airflow/.local/lib/python3.12/site-packages/airflow/example_dags/example_outlet_event_extra.py
[2025-09-29T14:55:13.643+0000] {processor.py:914} INFO - Processing file /home/airflow/.local/lib/python3.12/site-packages/airflow/example_dags/example_outlet_event_extra.py for tasks to queue
[2025-09-29T14:55:13.644+0000] {logging_mixin.py:190} INFO - [2025-09-29T14:55:13.644+0000] {dagbag.py:588} INFO - Filling up the DagBag from /home/airflow/.local/lib/python3.12/site-packages/airflow/example_dags/example_outlet_event_extra.py
[2025-09-29T14:55:13.716+0000] {processor.py:925} INFO - DAG(s) 'dataset_with_extra_by_context', 'dataset_with_extra_from_classic_operator', 'dataset_with_extra_by_yield' retrieved from /home/airflow/.local/lib/python3.12/site-packages/airflow/example_dags/example_outlet_event_extra.py
[2025-09-29T14:55:13.729+0000] {logging_mixin.py:190} INFO - [2025-09-29T14:55:13.728+0000] {dag.py:3239} INFO - Sync 3 DAGs
[2025-09-29T14:55:13.745+0000] {logging_mixin.py:190} INFO - [2025-09-29T14:55:13.745+0000] {dag.py:4180} INFO - Setting next_dagrun for dataset_with_extra_by_context to 2025-09-28 00:00:00+00:00, run_after=2025-09-29 00:00:00+00:00
[2025-09-29T14:55:13.747+0000] {logging_mixin.py:190} INFO - [2025-09-29T14:55:13.747+0000] {dag.py:4180} INFO - Setting next_dagrun for dataset_with_extra_by_yield to 2025-09-28 00:00:00+00:00, run_after=2025-09-29 00:00:00+00:00
[2025-09-29T14:55:13.748+0000] {logging_mixin.py:190} INFO - [2025-09-29T14:55:13.748+0000] {dag.py:4180} INFO - Setting next_dagrun for dataset_with_extra_from_classic_operator to 2025-09-28 00:00:00+00:00, run_after=2025-09-29 00:00:00+00:00
[2025-09-29T14:55:13.763+0000] {processor.py:208} INFO - Processing /home/airflow/.local/lib/python3.12/site-packages/airflow/example_dags/example_outlet_event_extra.py took 0.123 seconds
[2025-09-29T14:55:44.112+0000] {processor.py:186} INFO - Started process (PID=2743) to work on /home/airflow/.local/lib/python3.12/site-packages/airflow/example_dags/example_outlet_event_extra.py
[2025-09-29T14:55:44.112+0000] {processor.py:914} INFO - Processing file /home/airflow/.local/lib/python3.12/site-packages/airflow/example_dags/example_outlet_event_extra.py for tasks to queue
[2025-09-29T14:55:44.113+0000] {logging_mixin.py:190} INFO - [2025-09-29T14:55:44.113+0000] {dagbag.py:588} INFO - Filling up the DagBag from /home/airflow/.local/lib/python3.12/site-packages/airflow/example_dags/example_outlet_event_extra.py
[2025-09-29T14:55:44.185+0000] {processor.py:925} INFO - DAG(s) 'dataset_with_extra_by_context', 'dataset_with_extra_by_yield', 'dataset_with_extra_from_classic_operator' retrieved from /home/airflow/.local/lib/python3.12/site-packages/airflow/example_dags/example_outlet_event_extra.py
[2025-09-29T14:55:44.198+0000] {logging_mixin.py:190} INFO - [2025-09-29T14:55:44.198+0000] {dag.py:3239} INFO - Sync 3 DAGs
[2025-09-29T14:55:44.212+0000] {logging_mixin.py:190} INFO - [2025-09-29T14:55:44.212+0000] {dag.py:4180} INFO - Setting next_dagrun for dataset_with_extra_by_context to 2025-09-28 00:00:00+00:00, run_after=2025-09-29 00:00:00+00:00
[2025-09-29T14:55:44.216+0000] {logging_mixin.py:190} INFO - [2025-09-29T14:55:44.215+0000] {dag.py:4180} INFO - Setting next_dagrun for dataset_with_extra_by_yield to 2025-09-28 00:00:00+00:00, run_after=2025-09-29 00:00:00+00:00
[2025-09-29T14:55:44.220+0000] {logging_mixin.py:190} INFO - [2025-09-29T14:55:44.220+0000] {dag.py:4180} INFO - Setting next_dagrun for dataset_with_extra_from_classic_operator to 2025-09-28 00:00:00+00:00, run_after=2025-09-29 00:00:00+00:00
[2025-09-29T14:55:44.233+0000] {processor.py:208} INFO - Processing /home/airflow/.local/lib/python3.12/site-packages/airflow/example_dags/example_outlet_event_extra.py took 0.124 seconds
[2025-09-29T14:56:14.682+0000] {processor.py:186} INFO - Started process (PID=2806) to work on /home/airflow/.local/lib/python3.12/site-packages/airflow/example_dags/example_outlet_event_extra.py
[2025-09-29T14:56:14.683+0000] {processor.py:914} INFO - Processing file /home/airflow/.local/lib/python3.12/site-packages/airflow/example_dags/example_outlet_event_extra.py for tasks to queue
[2025-09-29T14:56:14.683+0000] {logging_mixin.py:190} INFO - [2025-09-29T14:56:14.683+0000] {dagbag.py:588} INFO - Filling up the DagBag from /home/airflow/.local/lib/python3.12/site-packages/airflow/example_dags/example_outlet_event_extra.py
[2025-09-29T14:56:14.760+0000] {processor.py:925} INFO - DAG(s) 'dataset_with_extra_from_classic_operator', 'dataset_with_extra_by_context', 'dataset_with_extra_by_yield' retrieved from /home/airflow/.local/lib/python3.12/site-packages/airflow/example_dags/example_outlet_event_extra.py
[2025-09-29T14:56:14.776+0000] {logging_mixin.py:190} INFO - [2025-09-29T14:56:14.776+0000] {dag.py:3239} INFO - Sync 3 DAGs
[2025-09-29T14:56:14.789+0000] {logging_mixin.py:190} INFO - [2025-09-29T14:56:14.789+0000] {dag.py:4180} INFO - Setting next_dagrun for dataset_with_extra_by_context to 2025-09-28 00:00:00+00:00, run_after=2025-09-29 00:00:00+00:00
[2025-09-29T14:56:14.791+0000] {logging_mixin.py:190} INFO - [2025-09-29T14:56:14.791+0000] {dag.py:4180} INFO - Setting next_dagrun for dataset_with_extra_by_yield to 2025-09-28 00:00:00+00:00, run_after=2025-09-29 00:00:00+00:00
[2025-09-29T14:56:14.793+0000] {logging_mixin.py:190} INFO - [2025-09-29T14:56:14.793+0000] {dag.py:4180} INFO - Setting next_dagrun for dataset_with_extra_from_classic_operator to 2025-09-28 00:00:00+00:00, run_after=2025-09-29 00:00:00+00:00
[2025-09-29T14:56:14.806+0000] {processor.py:208} INFO - Processing /home/airflow/.local/lib/python3.12/site-packages/airflow/example_dags/example_outlet_event_extra.py took 0.127 seconds
[2025-09-29T14:56:45.098+0000] {processor.py:186} INFO - Started process (PID=2869) to work on /home/airflow/.local/lib/python3.12/site-packages/airflow/example_dags/example_outlet_event_extra.py
[2025-09-29T14:56:45.099+0000] {processor.py:914} INFO - Processing file /home/airflow/.local/lib/python3.12/site-packages/airflow/example_dags/example_outlet_event_extra.py for tasks to queue
[2025-09-29T14:56:45.100+0000] {logging_mixin.py:190} INFO - [2025-09-29T14:56:45.099+0000] {dagbag.py:588} INFO - Filling up the DagBag from /home/airflow/.local/lib/python3.12/site-packages/airflow/example_dags/example_outlet_event_extra.py
[2025-09-29T14:56:45.164+0000] {processor.py:925} INFO - DAG(s) 'dataset_with_extra_from_classic_operator', 'dataset_with_extra_by_yield', 'dataset_with_extra_by_context' retrieved from /home/airflow/.local/lib/python3.12/site-packages/airflow/example_dags/example_outlet_event_extra.py
[2025-09-29T14:56:45.176+0000] {logging_mixin.py:190} INFO - [2025-09-29T14:56:45.176+0000] {dag.py:3239} INFO - Sync 3 DAGs
[2025-09-29T14:56:45.187+0000] {logging_mixin.py:190} INFO - [2025-09-29T14:56:45.186+0000] {dag.py:4180} INFO - Setting next_dagrun for dataset_with_extra_by_context to 2025-09-28 00:00:00+00:00, run_after=2025-09-29 00:00:00+00:00
[2025-09-29T14:56:45.188+0000] {logging_mixin.py:190} INFO - [2025-09-29T14:56:45.188+0000] {dag.py:4180} INFO - Setting next_dagrun for dataset_with_extra_by_yield to 2025-09-28 00:00:00+00:00, run_after=2025-09-29 00:00:00+00:00
[2025-09-29T14:56:45.189+0000] {logging_mixin.py:190} INFO - [2025-09-29T14:56:45.189+0000] {dag.py:4180} INFO - Setting next_dagrun for dataset_with_extra_from_classic_operator to 2025-09-28 00:00:00+00:00, run_after=2025-09-29 00:00:00+00:00
[2025-09-29T14:56:45.198+0000] {processor.py:208} INFO - Processing /home/airflow/.local/lib/python3.12/site-packages/airflow/example_dags/example_outlet_event_extra.py took 0.103 seconds
[2025-09-29T14:57:15.545+0000] {processor.py:186} INFO - Started process (PID=2932) to work on /home/airflow/.local/lib/python3.12/site-packages/airflow/example_dags/example_outlet_event_extra.py
[2025-09-29T14:57:15.546+0000] {processor.py:914} INFO - Processing file /home/airflow/.local/lib/python3.12/site-packages/airflow/example_dags/example_outlet_event_extra.py for tasks to queue
[2025-09-29T14:57:15.546+0000] {logging_mixin.py:190} INFO - [2025-09-29T14:57:15.546+0000] {dagbag.py:588} INFO - Filling up the DagBag from /home/airflow/.local/lib/python3.12/site-packages/airflow/example_dags/example_outlet_event_extra.py
[2025-09-29T14:57:15.714+0000] {processor.py:925} INFO - DAG(s) 'dataset_with_extra_by_context', 'dataset_with_extra_by_yield', 'dataset_with_extra_from_classic_operator' retrieved from /home/airflow/.local/lib/python3.12/site-packages/airflow/example_dags/example_outlet_event_extra.py
[2025-09-29T14:57:15.726+0000] {logging_mixin.py:190} INFO - [2025-09-29T14:57:15.726+0000] {dag.py:3239} INFO - Sync 3 DAGs
[2025-09-29T14:57:15.738+0000] {logging_mixin.py:190} INFO - [2025-09-29T14:57:15.738+0000] {dag.py:4180} INFO - Setting next_dagrun for dataset_with_extra_by_context to 2025-09-28 00:00:00+00:00, run_after=2025-09-29 00:00:00+00:00
[2025-09-29T14:57:15.740+0000] {logging_mixin.py:190} INFO - [2025-09-29T14:57:15.740+0000] {dag.py:4180} INFO - Setting next_dagrun for dataset_with_extra_by_yield to 2025-09-28 00:00:00+00:00, run_after=2025-09-29 00:00:00+00:00
[2025-09-29T14:57:15.741+0000] {logging_mixin.py:190} INFO - [2025-09-29T14:57:15.741+0000] {dag.py:4180} INFO - Setting next_dagrun for dataset_with_extra_from_classic_operator to 2025-09-28 00:00:00+00:00, run_after=2025-09-29 00:00:00+00:00
[2025-09-29T14:57:15.752+0000] {processor.py:208} INFO - Processing /home/airflow/.local/lib/python3.12/site-packages/airflow/example_dags/example_outlet_event_extra.py took 0.209 seconds
[2025-09-29T14:57:46.109+0000] {processor.py:186} INFO - Started process (PID=2995) to work on /home/airflow/.local/lib/python3.12/site-packages/airflow/example_dags/example_outlet_event_extra.py
[2025-09-29T14:57:46.109+0000] {processor.py:914} INFO - Processing file /home/airflow/.local/lib/python3.12/site-packages/airflow/example_dags/example_outlet_event_extra.py for tasks to queue
[2025-09-29T14:57:46.110+0000] {logging_mixin.py:190} INFO - [2025-09-29T14:57:46.110+0000] {dagbag.py:588} INFO - Filling up the DagBag from /home/airflow/.local/lib/python3.12/site-packages/airflow/example_dags/example_outlet_event_extra.py
[2025-09-29T14:57:46.181+0000] {processor.py:925} INFO - DAG(s) 'dataset_with_extra_by_yield', 'dataset_with_extra_from_classic_operator', 'dataset_with_extra_by_context' retrieved from /home/airflow/.local/lib/python3.12/site-packages/airflow/example_dags/example_outlet_event_extra.py
[2025-09-29T14:57:46.287+0000] {logging_mixin.py:190} INFO - [2025-09-29T14:57:46.286+0000] {dag.py:3239} INFO - Sync 3 DAGs
[2025-09-29T14:57:46.296+0000] {logging_mixin.py:190} INFO - [2025-09-29T14:57:46.296+0000] {dag.py:4180} INFO - Setting next_dagrun for dataset_with_extra_by_context to 2025-09-28 00:00:00+00:00, run_after=2025-09-29 00:00:00+00:00
[2025-09-29T14:57:46.298+0000] {logging_mixin.py:190} INFO - [2025-09-29T14:57:46.298+0000] {dag.py:4180} INFO - Setting next_dagrun for dataset_with_extra_by_yield to 2025-09-28 00:00:00+00:00, run_after=2025-09-29 00:00:00+00:00
[2025-09-29T14:57:46.299+0000] {logging_mixin.py:190} INFO - [2025-09-29T14:57:46.299+0000] {dag.py:4180} INFO - Setting next_dagrun for dataset_with_extra_from_classic_operator to 2025-09-28 00:00:00+00:00, run_after=2025-09-29 00:00:00+00:00
[2025-09-29T14:57:46.306+0000] {processor.py:208} INFO - Processing /home/airflow/.local/lib/python3.12/site-packages/airflow/example_dags/example_outlet_event_extra.py took 0.201 seconds
[2025-09-29T14:58:16.797+0000] {processor.py:186} INFO - Started process (PID=3057) to work on /home/airflow/.local/lib/python3.12/site-packages/airflow/example_dags/example_outlet_event_extra.py
[2025-09-29T14:58:16.797+0000] {processor.py:914} INFO - Processing file /home/airflow/.local/lib/python3.12/site-packages/airflow/example_dags/example_outlet_event_extra.py for tasks to queue
[2025-09-29T14:58:16.798+0000] {logging_mixin.py:190} INFO - [2025-09-29T14:58:16.798+0000] {dagbag.py:588} INFO - Filling up the DagBag from /home/airflow/.local/lib/python3.12/site-packages/airflow/example_dags/example_outlet_event_extra.py
[2025-09-29T14:58:16.863+0000] {processor.py:925} INFO - DAG(s) 'dataset_with_extra_by_context', 'dataset_with_extra_from_classic_operator', 'dataset_with_extra_by_yield' retrieved from /home/airflow/.local/lib/python3.12/site-packages/airflow/example_dags/example_outlet_event_extra.py
[2025-09-29T14:58:16.975+0000] {logging_mixin.py:190} INFO - [2025-09-29T14:58:16.975+0000] {dag.py:3239} INFO - Sync 3 DAGs
[2025-09-29T14:58:16.988+0000] {logging_mixin.py:190} INFO - [2025-09-29T14:58:16.988+0000] {dag.py:4180} INFO - Setting next_dagrun for dataset_with_extra_by_context to 2025-09-28 00:00:00+00:00, run_after=2025-09-29 00:00:00+00:00
[2025-09-29T14:58:16.993+0000] {logging_mixin.py:190} INFO - [2025-09-29T14:58:16.992+0000] {dag.py:4180} INFO - Setting next_dagrun for dataset_with_extra_by_yield to 2025-09-28 00:00:00+00:00, run_after=2025-09-29 00:00:00+00:00
[2025-09-29T14:58:16.994+0000] {logging_mixin.py:190} INFO - [2025-09-29T14:58:16.994+0000] {dag.py:4180} INFO - Setting next_dagrun for dataset_with_extra_from_classic_operator to 2025-09-28 00:00:00+00:00, run_after=2025-09-29 00:00:00+00:00
[2025-09-29T14:58:17.004+0000] {processor.py:208} INFO - Processing /home/airflow/.local/lib/python3.12/site-packages/airflow/example_dags/example_outlet_event_extra.py took 0.210 seconds
[2025-09-29T14:58:47.490+0000] {processor.py:186} INFO - Started process (PID=3120) to work on /home/airflow/.local/lib/python3.12/site-packages/airflow/example_dags/example_outlet_event_extra.py
[2025-09-29T14:58:47.491+0000] {processor.py:914} INFO - Processing file /home/airflow/.local/lib/python3.12/site-packages/airflow/example_dags/example_outlet_event_extra.py for tasks to queue
[2025-09-29T14:58:47.491+0000] {logging_mixin.py:190} INFO - [2025-09-29T14:58:47.491+0000] {dagbag.py:588} INFO - Filling up the DagBag from /home/airflow/.local/lib/python3.12/site-packages/airflow/example_dags/example_outlet_event_extra.py
[2025-09-29T14:58:47.554+0000] {processor.py:925} INFO - DAG(s) 'dataset_with_extra_by_context', 'dataset_with_extra_by_yield', 'dataset_with_extra_from_classic_operator' retrieved from /home/airflow/.local/lib/python3.12/site-packages/airflow/example_dags/example_outlet_event_extra.py
[2025-09-29T14:58:47.567+0000] {logging_mixin.py:190} INFO - [2025-09-29T14:58:47.567+0000] {dag.py:3239} INFO - Sync 3 DAGs
[2025-09-29T14:58:47.670+0000] {logging_mixin.py:190} INFO - [2025-09-29T14:58:47.670+0000] {dag.py:4180} INFO - Setting next_dagrun for dataset_with_extra_by_context to 2025-09-28 00:00:00+00:00, run_after=2025-09-29 00:00:00+00:00
[2025-09-29T14:58:47.672+0000] {logging_mixin.py:190} INFO - [2025-09-29T14:58:47.672+0000] {dag.py:4180} INFO - Setting next_dagrun for dataset_with_extra_by_yield to 2025-09-28 00:00:00+00:00, run_after=2025-09-29 00:00:00+00:00
[2025-09-29T14:58:47.673+0000] {logging_mixin.py:190} INFO - [2025-09-29T14:58:47.673+0000] {dag.py:4180} INFO - Setting next_dagrun for dataset_with_extra_from_classic_operator to 2025-09-28 00:00:00+00:00, run_after=2025-09-29 00:00:00+00:00
[2025-09-29T14:58:47.680+0000] {processor.py:208} INFO - Processing /home/airflow/.local/lib/python3.12/site-packages/airflow/example_dags/example_outlet_event_extra.py took 0.193 seconds
[2025-09-29T14:59:18.241+0000] {processor.py:186} INFO - Started process (PID=3183) to work on /home/airflow/.local/lib/python3.12/site-packages/airflow/example_dags/example_outlet_event_extra.py
[2025-09-29T14:59:18.242+0000] {processor.py:914} INFO - Processing file /home/airflow/.local/lib/python3.12/site-packages/airflow/example_dags/example_outlet_event_extra.py for tasks to queue
[2025-09-29T14:59:18.243+0000] {logging_mixin.py:190} INFO - [2025-09-29T14:59:18.243+0000] {dagbag.py:588} INFO - Filling up the DagBag from /home/airflow/.local/lib/python3.12/site-packages/airflow/example_dags/example_outlet_event_extra.py
[2025-09-29T14:59:18.421+0000] {processor.py:925} INFO - DAG(s) 'dataset_with_extra_from_classic_operator', 'dataset_with_extra_by_yield', 'dataset_with_extra_by_context' retrieved from /home/airflow/.local/lib/python3.12/site-packages/airflow/example_dags/example_outlet_event_extra.py
[2025-09-29T14:59:18.435+0000] {logging_mixin.py:190} INFO - [2025-09-29T14:59:18.435+0000] {dag.py:3239} INFO - Sync 3 DAGs
[2025-09-29T14:59:18.448+0000] {logging_mixin.py:190} INFO - [2025-09-29T14:59:18.448+0000] {dag.py:4180} INFO - Setting next_dagrun for dataset_with_extra_by_context to 2025-09-28 00:00:00+00:00, run_after=2025-09-29 00:00:00+00:00
[2025-09-29T14:59:18.450+0000] {logging_mixin.py:190} INFO - [2025-09-29T14:59:18.450+0000] {dag.py:4180} INFO - Setting next_dagrun for dataset_with_extra_by_yield to 2025-09-28 00:00:00+00:00, run_after=2025-09-29 00:00:00+00:00
[2025-09-29T14:59:18.451+0000] {logging_mixin.py:190} INFO - [2025-09-29T14:59:18.451+0000] {dag.py:4180} INFO - Setting next_dagrun for dataset_with_extra_from_classic_operator to 2025-09-28 00:00:00+00:00, run_after=2025-09-29 00:00:00+00:00
[2025-09-29T14:59:18.463+0000] {processor.py:208} INFO - Processing /home/airflow/.local/lib/python3.12/site-packages/airflow/example_dags/example_outlet_event_extra.py took 0.225 seconds
[2025-09-29T14:59:48.817+0000] {processor.py:186} INFO - Started process (PID=3246) to work on /home/airflow/.local/lib/python3.12/site-packages/airflow/example_dags/example_outlet_event_extra.py
[2025-09-29T14:59:48.818+0000] {processor.py:914} INFO - Processing file /home/airflow/.local/lib/python3.12/site-packages/airflow/example_dags/example_outlet_event_extra.py for tasks to queue
[2025-09-29T14:59:48.818+0000] {logging_mixin.py:190} INFO - [2025-09-29T14:59:48.818+0000] {dagbag.py:588} INFO - Filling up the DagBag from /home/airflow/.local/lib/python3.12/site-packages/airflow/example_dags/example_outlet_event_extra.py
[2025-09-29T14:59:48.997+0000] {processor.py:925} INFO - DAG(s) 'dataset_with_extra_from_classic_operator', 'dataset_with_extra_by_context', 'dataset_with_extra_by_yield' retrieved from /home/airflow/.local/lib/python3.12/site-packages/airflow/example_dags/example_outlet_event_extra.py
[2025-09-29T14:59:49.008+0000] {logging_mixin.py:190} INFO - [2025-09-29T14:59:49.008+0000] {dag.py:3239} INFO - Sync 3 DAGs
[2025-09-29T14:59:49.020+0000] {logging_mixin.py:190} INFO - [2025-09-29T14:59:49.020+0000] {dag.py:4180} INFO - Setting next_dagrun for dataset_with_extra_by_context to 2025-09-28 00:00:00+00:00, run_after=2025-09-29 00:00:00+00:00
[2025-09-29T14:59:49.023+0000] {logging_mixin.py:190} INFO - [2025-09-29T14:59:49.022+0000] {dag.py:4180} INFO - Setting next_dagrun for dataset_with_extra_by_yield to 2025-09-28 00:00:00+00:00, run_after=2025-09-29 00:00:00+00:00
[2025-09-29T14:59:49.024+0000] {logging_mixin.py:190} INFO - [2025-09-29T14:59:49.024+0000] {dag.py:4180} INFO - Setting next_dagrun for dataset_with_extra_from_classic_operator to 2025-09-28 00:00:00+00:00, run_after=2025-09-29 00:00:00+00:00
[2025-09-29T14:59:49.033+0000] {processor.py:208} INFO - Processing /home/airflow/.local/lib/python3.12/site-packages/airflow/example_dags/example_outlet_event_extra.py took 0.219 seconds
[2025-09-29T15:00:19.304+0000] {processor.py:186} INFO - Started process (PID=3309) to work on /home/airflow/.local/lib/python3.12/site-packages/airflow/example_dags/example_outlet_event_extra.py
[2025-09-29T15:00:19.304+0000] {processor.py:914} INFO - Processing file /home/airflow/.local/lib/python3.12/site-packages/airflow/example_dags/example_outlet_event_extra.py for tasks to queue
[2025-09-29T15:00:19.305+0000] {logging_mixin.py:190} INFO - [2025-09-29T15:00:19.305+0000] {dagbag.py:588} INFO - Filling up the DagBag from /home/airflow/.local/lib/python3.12/site-packages/airflow/example_dags/example_outlet_event_extra.py
[2025-09-29T15:00:19.488+0000] {processor.py:925} INFO - DAG(s) 'dataset_with_extra_from_classic_operator', 'dataset_with_extra_by_yield', 'dataset_with_extra_by_context' retrieved from /home/airflow/.local/lib/python3.12/site-packages/airflow/example_dags/example_outlet_event_extra.py
[2025-09-29T15:00:19.503+0000] {logging_mixin.py:190} INFO - [2025-09-29T15:00:19.503+0000] {dag.py:3239} INFO - Sync 3 DAGs
[2025-09-29T15:00:19.514+0000] {logging_mixin.py:190} INFO - [2025-09-29T15:00:19.514+0000] {dag.py:4180} INFO - Setting next_dagrun for dataset_with_extra_by_context to 2025-09-28 00:00:00+00:00, run_after=2025-09-29 00:00:00+00:00
[2025-09-29T15:00:19.517+0000] {logging_mixin.py:190} INFO - [2025-09-29T15:00:19.517+0000] {dag.py:4180} INFO - Setting next_dagrun for dataset_with_extra_by_yield to 2025-09-28 00:00:00+00:00, run_after=2025-09-29 00:00:00+00:00
[2025-09-29T15:00:19.518+0000] {logging_mixin.py:190} INFO - [2025-09-29T15:00:19.518+0000] {dag.py:4180} INFO - Setting next_dagrun for dataset_with_extra_from_classic_operator to 2025-09-28 00:00:00+00:00, run_after=2025-09-29 00:00:00+00:00
[2025-09-29T15:00:19.530+0000] {processor.py:208} INFO - Processing /home/airflow/.local/lib/python3.12/site-packages/airflow/example_dags/example_outlet_event_extra.py took 0.230 seconds
[2025-09-29T15:00:49.821+0000] {processor.py:186} INFO - Started process (PID=3372) to work on /home/airflow/.local/lib/python3.12/site-packages/airflow/example_dags/example_outlet_event_extra.py
[2025-09-29T15:00:49.821+0000] {processor.py:914} INFO - Processing file /home/airflow/.local/lib/python3.12/site-packages/airflow/example_dags/example_outlet_event_extra.py for tasks to queue
[2025-09-29T15:00:49.822+0000] {logging_mixin.py:190} INFO - [2025-09-29T15:00:49.822+0000] {dagbag.py:588} INFO - Filling up the DagBag from /home/airflow/.local/lib/python3.12/site-packages/airflow/example_dags/example_outlet_event_extra.py
[2025-09-29T15:00:49.986+0000] {processor.py:925} INFO - DAG(s) 'dataset_with_extra_by_context', 'dataset_with_extra_by_yield', 'dataset_with_extra_from_classic_operator' retrieved from /home/airflow/.local/lib/python3.12/site-packages/airflow/example_dags/example_outlet_event_extra.py
[2025-09-29T15:00:49.996+0000] {logging_mixin.py:190} INFO - [2025-09-29T15:00:49.996+0000] {dag.py:3239} INFO - Sync 3 DAGs
[2025-09-29T15:00:50.006+0000] {logging_mixin.py:190} INFO - [2025-09-29T15:00:50.006+0000] {dag.py:4180} INFO - Setting next_dagrun for dataset_with_extra_by_context to 2025-09-28 00:00:00+00:00, run_after=2025-09-29 00:00:00+00:00
[2025-09-29T15:00:50.008+0000] {logging_mixin.py:190} INFO - [2025-09-29T15:00:50.008+0000] {dag.py:4180} INFO - Setting next_dagrun for dataset_with_extra_by_yield to 2025-09-28 00:00:00+00:00, run_after=2025-09-29 00:00:00+00:00
[2025-09-29T15:00:50.009+0000] {logging_mixin.py:190} INFO - [2025-09-29T15:00:50.009+0000] {dag.py:4180} INFO - Setting next_dagrun for dataset_with_extra_from_classic_operator to 2025-09-28 00:00:00+00:00, run_after=2025-09-29 00:00:00+00:00
[2025-09-29T15:00:50.016+0000] {processor.py:208} INFO - Processing /home/airflow/.local/lib/python3.12/site-packages/airflow/example_dags/example_outlet_event_extra.py took 0.198 seconds
[2025-09-29T15:01:20.339+0000] {processor.py:186} INFO - Started process (PID=3435) to work on /home/airflow/.local/lib/python3.12/site-packages/airflow/example_dags/example_outlet_event_extra.py
[2025-09-29T15:01:20.340+0000] {processor.py:914} INFO - Processing file /home/airflow/.local/lib/python3.12/site-packages/airflow/example_dags/example_outlet_event_extra.py for tasks to queue
[2025-09-29T15:01:20.341+0000] {logging_mixin.py:190} INFO - [2025-09-29T15:01:20.340+0000] {dagbag.py:588} INFO - Filling up the DagBag from /home/airflow/.local/lib/python3.12/site-packages/airflow/example_dags/example_outlet_event_extra.py
[2025-09-29T15:01:20.523+0000] {processor.py:925} INFO - DAG(s) 'dataset_with_extra_from_classic_operator', 'dataset_with_extra_by_yield', 'dataset_with_extra_by_context' retrieved from /home/airflow/.local/lib/python3.12/site-packages/airflow/example_dags/example_outlet_event_extra.py
[2025-09-29T15:01:20.535+0000] {logging_mixin.py:190} INFO - [2025-09-29T15:01:20.534+0000] {dag.py:3239} INFO - Sync 3 DAGs
[2025-09-29T15:01:20.548+0000] {logging_mixin.py:190} INFO - [2025-09-29T15:01:20.547+0000] {dag.py:4180} INFO - Setting next_dagrun for dataset_with_extra_by_context to 2025-09-28 00:00:00+00:00, run_after=2025-09-29 00:00:00+00:00
[2025-09-29T15:01:20.550+0000] {logging_mixin.py:190} INFO - [2025-09-29T15:01:20.550+0000] {dag.py:4180} INFO - Setting next_dagrun for dataset_with_extra_by_yield to 2025-09-28 00:00:00+00:00, run_after=2025-09-29 00:00:00+00:00
[2025-09-29T15:01:20.551+0000] {logging_mixin.py:190} INFO - [2025-09-29T15:01:20.551+0000] {dag.py:4180} INFO - Setting next_dagrun for dataset_with_extra_from_classic_operator to 2025-09-28 00:00:00+00:00, run_after=2025-09-29 00:00:00+00:00
[2025-09-29T15:01:20.561+0000] {processor.py:208} INFO - Processing /home/airflow/.local/lib/python3.12/site-packages/airflow/example_dags/example_outlet_event_extra.py took 0.225 seconds
[2025-09-29T15:01:51.105+0000] {processor.py:186} INFO - Started process (PID=3498) to work on /home/airflow/.local/lib/python3.12/site-packages/airflow/example_dags/example_outlet_event_extra.py
[2025-09-29T15:01:51.106+0000] {processor.py:914} INFO - Processing file /home/airflow/.local/lib/python3.12/site-packages/airflow/example_dags/example_outlet_event_extra.py for tasks to queue
[2025-09-29T15:01:51.107+0000] {logging_mixin.py:190} INFO - [2025-09-29T15:01:51.106+0000] {dagbag.py:588} INFO - Filling up the DagBag from /home/airflow/.local/lib/python3.12/site-packages/airflow/example_dags/example_outlet_event_extra.py
[2025-09-29T15:01:51.288+0000] {processor.py:925} INFO - DAG(s) 'dataset_with_extra_by_yield', 'dataset_with_extra_from_classic_operator', 'dataset_with_extra_by_context' retrieved from /home/airflow/.local/lib/python3.12/site-packages/airflow/example_dags/example_outlet_event_extra.py
[2025-09-29T15:01:51.300+0000] {logging_mixin.py:190} INFO - [2025-09-29T15:01:51.300+0000] {dag.py:3239} INFO - Sync 3 DAGs
[2025-09-29T15:01:51.311+0000] {logging_mixin.py:190} INFO - [2025-09-29T15:01:51.311+0000] {dag.py:4180} INFO - Setting next_dagrun for dataset_with_extra_by_context to 2025-09-28 00:00:00+00:00, run_after=2025-09-29 00:00:00+00:00
[2025-09-29T15:01:51.313+0000] {logging_mixin.py:190} INFO - [2025-09-29T15:01:51.313+0000] {dag.py:4180} INFO - Setting next_dagrun for dataset_with_extra_by_yield to 2025-09-28 00:00:00+00:00, run_after=2025-09-29 00:00:00+00:00
[2025-09-29T15:01:51.315+0000] {logging_mixin.py:190} INFO - [2025-09-29T15:01:51.314+0000] {dag.py:4180} INFO - Setting next_dagrun for dataset_with_extra_from_classic_operator to 2025-09-28 00:00:00+00:00, run_after=2025-09-29 00:00:00+00:00
[2025-09-29T15:01:51.323+0000] {processor.py:208} INFO - Processing /home/airflow/.local/lib/python3.12/site-packages/airflow/example_dags/example_outlet_event_extra.py took 0.222 seconds
[2025-09-29T15:02:21.521+0000] {processor.py:186} INFO - Started process (PID=3561) to work on /home/airflow/.local/lib/python3.12/site-packages/airflow/example_dags/example_outlet_event_extra.py
[2025-09-29T15:02:21.521+0000] {processor.py:914} INFO - Processing file /home/airflow/.local/lib/python3.12/site-packages/airflow/example_dags/example_outlet_event_extra.py for tasks to queue
[2025-09-29T15:02:21.522+0000] {logging_mixin.py:190} INFO - [2025-09-29T15:02:21.522+0000] {dagbag.py:588} INFO - Filling up the DagBag from /home/airflow/.local/lib/python3.12/site-packages/airflow/example_dags/example_outlet_event_extra.py
[2025-09-29T15:02:21.721+0000] {processor.py:925} INFO - DAG(s) 'dataset_with_extra_by_context', 'dataset_with_extra_from_classic_operator', 'dataset_with_extra_by_yield' retrieved from /home/airflow/.local/lib/python3.12/site-packages/airflow/example_dags/example_outlet_event_extra.py
[2025-09-29T15:02:21.735+0000] {logging_mixin.py:190} INFO - [2025-09-29T15:02:21.735+0000] {dag.py:3239} INFO - Sync 3 DAGs
[2025-09-29T15:02:21.747+0000] {logging_mixin.py:190} INFO - [2025-09-29T15:02:21.747+0000] {dag.py:4180} INFO - Setting next_dagrun for dataset_with_extra_by_context to 2025-09-28 00:00:00+00:00, run_after=2025-09-29 00:00:00+00:00
[2025-09-29T15:02:21.751+0000] {logging_mixin.py:190} INFO - [2025-09-29T15:02:21.751+0000] {dag.py:4180} INFO - Setting next_dagrun for dataset_with_extra_by_yield to 2025-09-28 00:00:00+00:00, run_after=2025-09-29 00:00:00+00:00
[2025-09-29T15:02:21.753+0000] {logging_mixin.py:190} INFO - [2025-09-29T15:02:21.753+0000] {dag.py:4180} INFO - Setting next_dagrun for dataset_with_extra_from_classic_operator to 2025-09-28 00:00:00+00:00, run_after=2025-09-29 00:00:00+00:00
[2025-09-29T15:02:21.767+0000] {processor.py:208} INFO - Processing /home/airflow/.local/lib/python3.12/site-packages/airflow/example_dags/example_outlet_event_extra.py took 0.250 seconds
