[2025-09-29T14:34:30.499+0000] {processor.py:186} INFO - Started process (PID=83) to work on /home/airflow/.local/lib/python3.12/site-packages/airflow/example_dags/example_dataset_alias.py
[2025-09-29T14:34:30.505+0000] {processor.py:914} INFO - Processing file /home/airflow/.local/lib/python3.12/site-packages/airflow/example_dags/example_dataset_alias.py for tasks to queue
[2025-09-29T14:34:30.507+0000] {logging_mixin.py:190} INFO - [2025-09-29T14:34:30.507+0000] {dagbag.py:588} INFO - Filling up the DagBag from /home/airflow/.local/lib/python3.12/site-packages/airflow/example_dags/example_dataset_alias.py
[2025-09-29T14:34:30.617+0000] {processor.py:925} INFO - DAG(s) 'dataset_s3_bucket_producer', 'dataset_alias_example_alias_producer', 'dataset_alias_example_alias_consumer', 'dataset_s3_bucket_consumer' retrieved from /home/airflow/.local/lib/python3.12/site-packages/airflow/example_dags/example_dataset_alias.py
[2025-09-29T14:34:30.658+0000] {logging_mixin.py:190} INFO - [2025-09-29T14:34:30.657+0000] {dag.py:3239} INFO - Sync 4 DAGs
[2025-09-29T14:34:30.694+0000] {logging_mixin.py:190} INFO - [2025-09-29T14:34:30.694+0000] {dag.py:4180} INFO - Setting next_dagrun for dataset_alias_example_alias_consumer to None, run_after=None
[2025-09-29T14:34:30.699+0000] {logging_mixin.py:190} INFO - [2025-09-29T14:34:30.699+0000] {dag.py:4180} INFO - Setting next_dagrun for dataset_alias_example_alias_producer to None, run_after=None
[2025-09-29T14:34:30.714+0000] {logging_mixin.py:190} INFO - [2025-09-29T14:34:30.714+0000] {dag.py:4180} INFO - Setting next_dagrun for dataset_s3_bucket_consumer to None, run_after=None
[2025-09-29T14:34:30.715+0000] {logging_mixin.py:190} INFO - [2025-09-29T14:34:30.715+0000] {dag.py:4180} INFO - Setting next_dagrun for dataset_s3_bucket_producer to None, run_after=None
[2025-09-29T14:34:30.748+0000] {processor.py:208} INFO - Processing /home/airflow/.local/lib/python3.12/site-packages/airflow/example_dags/example_dataset_alias.py took 0.252 seconds
[2025-09-29T14:35:01.361+0000] {processor.py:186} INFO - Started process (PID=157) to work on /home/airflow/.local/lib/python3.12/site-packages/airflow/example_dags/example_dataset_alias.py
[2025-09-29T14:35:01.362+0000] {processor.py:914} INFO - Processing file /home/airflow/.local/lib/python3.12/site-packages/airflow/example_dags/example_dataset_alias.py for tasks to queue
[2025-09-29T14:35:01.365+0000] {logging_mixin.py:190} INFO - [2025-09-29T14:35:01.364+0000] {dagbag.py:588} INFO - Filling up the DagBag from /home/airflow/.local/lib/python3.12/site-packages/airflow/example_dags/example_dataset_alias.py
[2025-09-29T14:35:01.445+0000] {processor.py:925} INFO - DAG(s) 'dataset_s3_bucket_consumer', 'dataset_alias_example_alias_producer', 'dataset_alias_example_alias_consumer', 'dataset_s3_bucket_producer' retrieved from /home/airflow/.local/lib/python3.12/site-packages/airflow/example_dags/example_dataset_alias.py
[2025-09-29T14:35:01.463+0000] {logging_mixin.py:190} INFO - [2025-09-29T14:35:01.463+0000] {dag.py:3239} INFO - Sync 4 DAGs
[2025-09-29T14:35:01.475+0000] {logging_mixin.py:190} INFO - [2025-09-29T14:35:01.475+0000] {dag.py:4180} INFO - Setting next_dagrun for dataset_alias_example_alias_consumer to None, run_after=None
[2025-09-29T14:35:01.476+0000] {logging_mixin.py:190} INFO - [2025-09-29T14:35:01.476+0000] {dag.py:4180} INFO - Setting next_dagrun for dataset_alias_example_alias_producer to None, run_after=None
[2025-09-29T14:35:01.477+0000] {logging_mixin.py:190} INFO - [2025-09-29T14:35:01.477+0000] {dag.py:4180} INFO - Setting next_dagrun for dataset_s3_bucket_consumer to None, run_after=None
[2025-09-29T14:35:01.477+0000] {logging_mixin.py:190} INFO - [2025-09-29T14:35:01.477+0000] {dag.py:4180} INFO - Setting next_dagrun for dataset_s3_bucket_producer to None, run_after=None
[2025-09-29T14:35:01.489+0000] {processor.py:208} INFO - Processing /home/airflow/.local/lib/python3.12/site-packages/airflow/example_dags/example_dataset_alias.py took 0.131 seconds
[2025-09-29T14:35:31.637+0000] {processor.py:186} INFO - Started process (PID=221) to work on /home/airflow/.local/lib/python3.12/site-packages/airflow/example_dags/example_dataset_alias.py
[2025-09-29T14:35:31.639+0000] {processor.py:914} INFO - Processing file /home/airflow/.local/lib/python3.12/site-packages/airflow/example_dags/example_dataset_alias.py for tasks to queue
[2025-09-29T14:35:31.641+0000] {logging_mixin.py:190} INFO - [2025-09-29T14:35:31.640+0000] {dagbag.py:588} INFO - Filling up the DagBag from /home/airflow/.local/lib/python3.12/site-packages/airflow/example_dags/example_dataset_alias.py
[2025-09-29T14:35:31.723+0000] {processor.py:925} INFO - DAG(s) 'dataset_alias_example_alias_consumer', 'dataset_s3_bucket_producer', 'dataset_alias_example_alias_producer', 'dataset_s3_bucket_consumer' retrieved from /home/airflow/.local/lib/python3.12/site-packages/airflow/example_dags/example_dataset_alias.py
[2025-09-29T14:35:31.737+0000] {logging_mixin.py:190} INFO - [2025-09-29T14:35:31.737+0000] {dag.py:3239} INFO - Sync 4 DAGs
[2025-09-29T14:35:31.752+0000] {logging_mixin.py:190} INFO - [2025-09-29T14:35:31.751+0000] {dag.py:4180} INFO - Setting next_dagrun for dataset_alias_example_alias_consumer to None, run_after=None
[2025-09-29T14:35:31.754+0000] {logging_mixin.py:190} INFO - [2025-09-29T14:35:31.753+0000] {dag.py:4180} INFO - Setting next_dagrun for dataset_alias_example_alias_producer to None, run_after=None
[2025-09-29T14:35:31.755+0000] {logging_mixin.py:190} INFO - [2025-09-29T14:35:31.754+0000] {dag.py:4180} INFO - Setting next_dagrun for dataset_s3_bucket_consumer to None, run_after=None
[2025-09-29T14:35:31.756+0000] {logging_mixin.py:190} INFO - [2025-09-29T14:35:31.756+0000] {dag.py:4180} INFO - Setting next_dagrun for dataset_s3_bucket_producer to None, run_after=None
[2025-09-29T14:35:31.771+0000] {processor.py:208} INFO - Processing /home/airflow/.local/lib/python3.12/site-packages/airflow/example_dags/example_dataset_alias.py took 0.137 seconds
[2025-09-29T14:36:01.859+0000] {processor.py:186} INFO - Started process (PID=285) to work on /home/airflow/.local/lib/python3.12/site-packages/airflow/example_dags/example_dataset_alias.py
[2025-09-29T14:36:01.860+0000] {processor.py:914} INFO - Processing file /home/airflow/.local/lib/python3.12/site-packages/airflow/example_dags/example_dataset_alias.py for tasks to queue
[2025-09-29T14:36:01.862+0000] {logging_mixin.py:190} INFO - [2025-09-29T14:36:01.861+0000] {dagbag.py:588} INFO - Filling up the DagBag from /home/airflow/.local/lib/python3.12/site-packages/airflow/example_dags/example_dataset_alias.py
[2025-09-29T14:36:01.941+0000] {processor.py:925} INFO - DAG(s) 'dataset_alias_example_alias_consumer', 'dataset_alias_example_alias_producer', 'dataset_s3_bucket_producer', 'dataset_s3_bucket_consumer' retrieved from /home/airflow/.local/lib/python3.12/site-packages/airflow/example_dags/example_dataset_alias.py
[2025-09-29T14:36:01.960+0000] {logging_mixin.py:190} INFO - [2025-09-29T14:36:01.960+0000] {dag.py:3239} INFO - Sync 4 DAGs
[2025-09-29T14:36:01.971+0000] {logging_mixin.py:190} INFO - [2025-09-29T14:36:01.971+0000] {dag.py:4180} INFO - Setting next_dagrun for dataset_alias_example_alias_consumer to None, run_after=None
[2025-09-29T14:36:01.973+0000] {logging_mixin.py:190} INFO - [2025-09-29T14:36:01.973+0000] {dag.py:4180} INFO - Setting next_dagrun for dataset_alias_example_alias_producer to None, run_after=None
[2025-09-29T14:36:01.974+0000] {logging_mixin.py:190} INFO - [2025-09-29T14:36:01.974+0000] {dag.py:4180} INFO - Setting next_dagrun for dataset_s3_bucket_consumer to None, run_after=None
[2025-09-29T14:36:01.974+0000] {logging_mixin.py:190} INFO - [2025-09-29T14:36:01.974+0000] {dag.py:4180} INFO - Setting next_dagrun for dataset_s3_bucket_producer to None, run_after=None
[2025-09-29T14:36:01.986+0000] {processor.py:208} INFO - Processing /home/airflow/.local/lib/python3.12/site-packages/airflow/example_dags/example_dataset_alias.py took 0.130 seconds
[2025-09-29T14:36:32.028+0000] {processor.py:186} INFO - Started process (PID=349) to work on /home/airflow/.local/lib/python3.12/site-packages/airflow/example_dags/example_dataset_alias.py
[2025-09-29T14:36:32.030+0000] {processor.py:914} INFO - Processing file /home/airflow/.local/lib/python3.12/site-packages/airflow/example_dags/example_dataset_alias.py for tasks to queue
[2025-09-29T14:36:32.031+0000] {logging_mixin.py:190} INFO - [2025-09-29T14:36:32.031+0000] {dagbag.py:588} INFO - Filling up the DagBag from /home/airflow/.local/lib/python3.12/site-packages/airflow/example_dags/example_dataset_alias.py
[2025-09-29T14:36:32.107+0000] {processor.py:925} INFO - DAG(s) 'dataset_s3_bucket_producer', 'dataset_alias_example_alias_producer', 'dataset_alias_example_alias_consumer', 'dataset_s3_bucket_consumer' retrieved from /home/airflow/.local/lib/python3.12/site-packages/airflow/example_dags/example_dataset_alias.py
[2025-09-29T14:36:32.127+0000] {logging_mixin.py:190} INFO - [2025-09-29T14:36:32.127+0000] {dag.py:3239} INFO - Sync 4 DAGs
[2025-09-29T14:36:32.140+0000] {logging_mixin.py:190} INFO - [2025-09-29T14:36:32.140+0000] {dag.py:4180} INFO - Setting next_dagrun for dataset_alias_example_alias_consumer to None, run_after=None
[2025-09-29T14:36:32.141+0000] {logging_mixin.py:190} INFO - [2025-09-29T14:36:32.141+0000] {dag.py:4180} INFO - Setting next_dagrun for dataset_alias_example_alias_producer to None, run_after=None
[2025-09-29T14:36:32.142+0000] {logging_mixin.py:190} INFO - [2025-09-29T14:36:32.142+0000] {dag.py:4180} INFO - Setting next_dagrun for dataset_s3_bucket_consumer to None, run_after=None
[2025-09-29T14:36:32.143+0000] {logging_mixin.py:190} INFO - [2025-09-29T14:36:32.142+0000] {dag.py:4180} INFO - Setting next_dagrun for dataset_s3_bucket_producer to None, run_after=None
[2025-09-29T14:36:32.152+0000] {processor.py:208} INFO - Processing /home/airflow/.local/lib/python3.12/site-packages/airflow/example_dags/example_dataset_alias.py took 0.128 seconds
[2025-09-29T14:37:02.248+0000] {processor.py:186} INFO - Started process (PID=412) to work on /home/airflow/.local/lib/python3.12/site-packages/airflow/example_dags/example_dataset_alias.py
[2025-09-29T14:37:02.249+0000] {processor.py:914} INFO - Processing file /home/airflow/.local/lib/python3.12/site-packages/airflow/example_dags/example_dataset_alias.py for tasks to queue
[2025-09-29T14:37:02.250+0000] {logging_mixin.py:190} INFO - [2025-09-29T14:37:02.250+0000] {dagbag.py:588} INFO - Filling up the DagBag from /home/airflow/.local/lib/python3.12/site-packages/airflow/example_dags/example_dataset_alias.py
[2025-09-29T14:37:02.328+0000] {processor.py:925} INFO - DAG(s) 'dataset_s3_bucket_consumer', 'dataset_alias_example_alias_consumer', 'dataset_alias_example_alias_producer', 'dataset_s3_bucket_producer' retrieved from /home/airflow/.local/lib/python3.12/site-packages/airflow/example_dags/example_dataset_alias.py
[2025-09-29T14:37:02.341+0000] {logging_mixin.py:190} INFO - [2025-09-29T14:37:02.341+0000] {dag.py:3239} INFO - Sync 4 DAGs
[2025-09-29T14:37:02.352+0000] {logging_mixin.py:190} INFO - [2025-09-29T14:37:02.352+0000] {dag.py:4180} INFO - Setting next_dagrun for dataset_alias_example_alias_consumer to None, run_after=None
[2025-09-29T14:37:02.355+0000] {logging_mixin.py:190} INFO - [2025-09-29T14:37:02.355+0000] {dag.py:4180} INFO - Setting next_dagrun for dataset_alias_example_alias_producer to None, run_after=None
[2025-09-29T14:37:02.356+0000] {logging_mixin.py:190} INFO - [2025-09-29T14:37:02.356+0000] {dag.py:4180} INFO - Setting next_dagrun for dataset_s3_bucket_consumer to None, run_after=None
[2025-09-29T14:37:02.360+0000] {logging_mixin.py:190} INFO - [2025-09-29T14:37:02.360+0000] {dag.py:4180} INFO - Setting next_dagrun for dataset_s3_bucket_producer to None, run_after=None
[2025-09-29T14:37:02.370+0000] {processor.py:208} INFO - Processing /home/airflow/.local/lib/python3.12/site-packages/airflow/example_dags/example_dataset_alias.py took 0.125 seconds
[2025-09-29T14:37:32.609+0000] {processor.py:186} INFO - Started process (PID=476) to work on /home/airflow/.local/lib/python3.12/site-packages/airflow/example_dags/example_dataset_alias.py
[2025-09-29T14:37:32.613+0000] {processor.py:914} INFO - Processing file /home/airflow/.local/lib/python3.12/site-packages/airflow/example_dags/example_dataset_alias.py for tasks to queue
[2025-09-29T14:37:32.617+0000] {logging_mixin.py:190} INFO - [2025-09-29T14:37:32.617+0000] {dagbag.py:588} INFO - Filling up the DagBag from /home/airflow/.local/lib/python3.12/site-packages/airflow/example_dags/example_dataset_alias.py
[2025-09-29T14:37:32.692+0000] {processor.py:925} INFO - DAG(s) 'dataset_s3_bucket_producer', 'dataset_alias_example_alias_consumer', 'dataset_alias_example_alias_producer', 'dataset_s3_bucket_consumer' retrieved from /home/airflow/.local/lib/python3.12/site-packages/airflow/example_dags/example_dataset_alias.py
[2025-09-29T14:37:32.706+0000] {logging_mixin.py:190} INFO - [2025-09-29T14:37:32.706+0000] {dag.py:3239} INFO - Sync 4 DAGs
[2025-09-29T14:37:32.717+0000] {logging_mixin.py:190} INFO - [2025-09-29T14:37:32.717+0000] {dag.py:4180} INFO - Setting next_dagrun for dataset_alias_example_alias_consumer to None, run_after=None
[2025-09-29T14:37:32.725+0000] {logging_mixin.py:190} INFO - [2025-09-29T14:37:32.725+0000] {dag.py:4180} INFO - Setting next_dagrun for dataset_alias_example_alias_producer to None, run_after=None
[2025-09-29T14:37:32.727+0000] {logging_mixin.py:190} INFO - [2025-09-29T14:37:32.727+0000] {dag.py:4180} INFO - Setting next_dagrun for dataset_s3_bucket_consumer to None, run_after=None
[2025-09-29T14:37:32.728+0000] {logging_mixin.py:190} INFO - [2025-09-29T14:37:32.728+0000] {dag.py:4180} INFO - Setting next_dagrun for dataset_s3_bucket_producer to None, run_after=None
[2025-09-29T14:37:32.748+0000] {processor.py:208} INFO - Processing /home/airflow/.local/lib/python3.12/site-packages/airflow/example_dags/example_dataset_alias.py took 0.141 seconds
[2025-09-29T14:38:03.055+0000] {processor.py:186} INFO - Started process (PID=540) to work on /home/airflow/.local/lib/python3.12/site-packages/airflow/example_dags/example_dataset_alias.py
[2025-09-29T14:38:03.055+0000] {processor.py:914} INFO - Processing file /home/airflow/.local/lib/python3.12/site-packages/airflow/example_dags/example_dataset_alias.py for tasks to queue
[2025-09-29T14:38:03.056+0000] {logging_mixin.py:190} INFO - [2025-09-29T14:38:03.056+0000] {dagbag.py:588} INFO - Filling up the DagBag from /home/airflow/.local/lib/python3.12/site-packages/airflow/example_dags/example_dataset_alias.py
[2025-09-29T14:38:03.140+0000] {processor.py:925} INFO - DAG(s) 'dataset_alias_example_alias_producer', 'dataset_s3_bucket_producer', 'dataset_s3_bucket_consumer', 'dataset_alias_example_alias_consumer' retrieved from /home/airflow/.local/lib/python3.12/site-packages/airflow/example_dags/example_dataset_alias.py
[2025-09-29T14:38:03.156+0000] {logging_mixin.py:190} INFO - [2025-09-29T14:38:03.156+0000] {dag.py:3239} INFO - Sync 4 DAGs
[2025-09-29T14:38:03.168+0000] {logging_mixin.py:190} INFO - [2025-09-29T14:38:03.167+0000] {dag.py:4180} INFO - Setting next_dagrun for dataset_alias_example_alias_consumer to None, run_after=None
[2025-09-29T14:38:03.170+0000] {logging_mixin.py:190} INFO - [2025-09-29T14:38:03.170+0000] {dag.py:4180} INFO - Setting next_dagrun for dataset_alias_example_alias_producer to None, run_after=None
[2025-09-29T14:38:03.171+0000] {logging_mixin.py:190} INFO - [2025-09-29T14:38:03.171+0000] {dag.py:4180} INFO - Setting next_dagrun for dataset_s3_bucket_consumer to None, run_after=None
[2025-09-29T14:38:03.173+0000] {logging_mixin.py:190} INFO - [2025-09-29T14:38:03.173+0000] {dag.py:4180} INFO - Setting next_dagrun for dataset_s3_bucket_producer to None, run_after=None
[2025-09-29T14:38:03.197+0000] {processor.py:208} INFO - Processing /home/airflow/.local/lib/python3.12/site-packages/airflow/example_dags/example_dataset_alias.py took 0.145 seconds
[2025-09-29T14:38:33.421+0000] {processor.py:186} INFO - Started process (PID=612) to work on /home/airflow/.local/lib/python3.12/site-packages/airflow/example_dags/example_dataset_alias.py
[2025-09-29T14:38:33.422+0000] {processor.py:914} INFO - Processing file /home/airflow/.local/lib/python3.12/site-packages/airflow/example_dags/example_dataset_alias.py for tasks to queue
[2025-09-29T14:38:33.425+0000] {logging_mixin.py:190} INFO - [2025-09-29T14:38:33.425+0000] {dagbag.py:588} INFO - Filling up the DagBag from /home/airflow/.local/lib/python3.12/site-packages/airflow/example_dags/example_dataset_alias.py
[2025-09-29T14:38:33.509+0000] {processor.py:925} INFO - DAG(s) 'dataset_s3_bucket_consumer', 'dataset_alias_example_alias_consumer', 'dataset_s3_bucket_producer', 'dataset_alias_example_alias_producer' retrieved from /home/airflow/.local/lib/python3.12/site-packages/airflow/example_dags/example_dataset_alias.py
[2025-09-29T14:38:33.527+0000] {logging_mixin.py:190} INFO - [2025-09-29T14:38:33.526+0000] {dag.py:3239} INFO - Sync 4 DAGs
[2025-09-29T14:38:33.541+0000] {logging_mixin.py:190} INFO - [2025-09-29T14:38:33.541+0000] {dag.py:4180} INFO - Setting next_dagrun for dataset_alias_example_alias_consumer to None, run_after=None
[2025-09-29T14:38:33.544+0000] {logging_mixin.py:190} INFO - [2025-09-29T14:38:33.543+0000] {dag.py:4180} INFO - Setting next_dagrun for dataset_alias_example_alias_producer to None, run_after=None
[2025-09-29T14:38:33.544+0000] {logging_mixin.py:190} INFO - [2025-09-29T14:38:33.544+0000] {dag.py:4180} INFO - Setting next_dagrun for dataset_s3_bucket_consumer to None, run_after=None
[2025-09-29T14:38:33.545+0000] {logging_mixin.py:190} INFO - [2025-09-29T14:38:33.545+0000] {dag.py:4180} INFO - Setting next_dagrun for dataset_s3_bucket_producer to None, run_after=None
[2025-09-29T14:38:33.556+0000] {processor.py:208} INFO - Processing /home/airflow/.local/lib/python3.12/site-packages/airflow/example_dags/example_dataset_alias.py took 0.138 seconds
[2025-09-29T14:39:03.941+0000] {processor.py:186} INFO - Started process (PID=675) to work on /home/airflow/.local/lib/python3.12/site-packages/airflow/example_dags/example_dataset_alias.py
[2025-09-29T14:39:03.942+0000] {processor.py:914} INFO - Processing file /home/airflow/.local/lib/python3.12/site-packages/airflow/example_dags/example_dataset_alias.py for tasks to queue
[2025-09-29T14:39:03.943+0000] {logging_mixin.py:190} INFO - [2025-09-29T14:39:03.943+0000] {dagbag.py:588} INFO - Filling up the DagBag from /home/airflow/.local/lib/python3.12/site-packages/airflow/example_dags/example_dataset_alias.py
[2025-09-29T14:39:04.020+0000] {processor.py:925} INFO - DAG(s) 'dataset_s3_bucket_consumer', 'dataset_alias_example_alias_producer', 'dataset_s3_bucket_producer', 'dataset_alias_example_alias_consumer' retrieved from /home/airflow/.local/lib/python3.12/site-packages/airflow/example_dags/example_dataset_alias.py
[2025-09-29T14:39:04.037+0000] {logging_mixin.py:190} INFO - [2025-09-29T14:39:04.037+0000] {dag.py:3239} INFO - Sync 4 DAGs
[2025-09-29T14:39:04.050+0000] {logging_mixin.py:190} INFO - [2025-09-29T14:39:04.049+0000] {dag.py:4180} INFO - Setting next_dagrun for dataset_alias_example_alias_consumer to None, run_after=None
[2025-09-29T14:39:04.052+0000] {logging_mixin.py:190} INFO - [2025-09-29T14:39:04.052+0000] {dag.py:4180} INFO - Setting next_dagrun for dataset_alias_example_alias_producer to None, run_after=None
[2025-09-29T14:39:04.055+0000] {logging_mixin.py:190} INFO - [2025-09-29T14:39:04.055+0000] {dag.py:4180} INFO - Setting next_dagrun for dataset_s3_bucket_consumer to None, run_after=None
[2025-09-29T14:39:04.055+0000] {logging_mixin.py:190} INFO - [2025-09-29T14:39:04.055+0000] {dag.py:4180} INFO - Setting next_dagrun for dataset_s3_bucket_producer to None, run_after=None
[2025-09-29T14:39:04.071+0000] {processor.py:208} INFO - Processing /home/airflow/.local/lib/python3.12/site-packages/airflow/example_dags/example_dataset_alias.py took 0.133 seconds
[2025-09-29T14:39:34.477+0000] {processor.py:186} INFO - Started process (PID=738) to work on /home/airflow/.local/lib/python3.12/site-packages/airflow/example_dags/example_dataset_alias.py
[2025-09-29T14:39:34.477+0000] {processor.py:914} INFO - Processing file /home/airflow/.local/lib/python3.12/site-packages/airflow/example_dags/example_dataset_alias.py for tasks to queue
[2025-09-29T14:39:34.479+0000] {logging_mixin.py:190} INFO - [2025-09-29T14:39:34.479+0000] {dagbag.py:588} INFO - Filling up the DagBag from /home/airflow/.local/lib/python3.12/site-packages/airflow/example_dags/example_dataset_alias.py
[2025-09-29T14:39:34.569+0000] {processor.py:925} INFO - DAG(s) 'dataset_alias_example_alias_consumer', 'dataset_s3_bucket_consumer', 'dataset_alias_example_alias_producer', 'dataset_s3_bucket_producer' retrieved from /home/airflow/.local/lib/python3.12/site-packages/airflow/example_dags/example_dataset_alias.py
[2025-09-29T14:39:34.586+0000] {logging_mixin.py:190} INFO - [2025-09-29T14:39:34.586+0000] {dag.py:3239} INFO - Sync 4 DAGs
[2025-09-29T14:39:34.601+0000] {logging_mixin.py:190} INFO - [2025-09-29T14:39:34.601+0000] {dag.py:4180} INFO - Setting next_dagrun for dataset_alias_example_alias_consumer to None, run_after=None
[2025-09-29T14:39:34.605+0000] {logging_mixin.py:190} INFO - [2025-09-29T14:39:34.605+0000] {dag.py:4180} INFO - Setting next_dagrun for dataset_alias_example_alias_producer to None, run_after=None
[2025-09-29T14:39:34.606+0000] {logging_mixin.py:190} INFO - [2025-09-29T14:39:34.606+0000] {dag.py:4180} INFO - Setting next_dagrun for dataset_s3_bucket_consumer to None, run_after=None
[2025-09-29T14:39:34.606+0000] {logging_mixin.py:190} INFO - [2025-09-29T14:39:34.606+0000] {dag.py:4180} INFO - Setting next_dagrun for dataset_s3_bucket_producer to None, run_after=None
[2025-09-29T14:39:34.619+0000] {processor.py:208} INFO - Processing /home/airflow/.local/lib/python3.12/site-packages/airflow/example_dags/example_dataset_alias.py took 0.146 seconds
[2025-09-29T14:40:04.902+0000] {processor.py:186} INFO - Started process (PID=802) to work on /home/airflow/.local/lib/python3.12/site-packages/airflow/example_dags/example_dataset_alias.py
[2025-09-29T14:40:04.902+0000] {processor.py:914} INFO - Processing file /home/airflow/.local/lib/python3.12/site-packages/airflow/example_dags/example_dataset_alias.py for tasks to queue
[2025-09-29T14:40:04.903+0000] {logging_mixin.py:190} INFO - [2025-09-29T14:40:04.903+0000] {dagbag.py:588} INFO - Filling up the DagBag from /home/airflow/.local/lib/python3.12/site-packages/airflow/example_dags/example_dataset_alias.py
[2025-09-29T14:40:04.983+0000] {processor.py:925} INFO - DAG(s) 'dataset_s3_bucket_consumer', 'dataset_s3_bucket_producer', 'dataset_alias_example_alias_producer', 'dataset_alias_example_alias_consumer' retrieved from /home/airflow/.local/lib/python3.12/site-packages/airflow/example_dags/example_dataset_alias.py
[2025-09-29T14:40:05.002+0000] {logging_mixin.py:190} INFO - [2025-09-29T14:40:05.001+0000] {dag.py:3239} INFO - Sync 4 DAGs
[2025-09-29T14:40:05.012+0000] {logging_mixin.py:190} INFO - [2025-09-29T14:40:05.012+0000] {dag.py:4180} INFO - Setting next_dagrun for dataset_alias_example_alias_consumer to None, run_after=None
[2025-09-29T14:40:05.015+0000] {logging_mixin.py:190} INFO - [2025-09-29T14:40:05.015+0000] {dag.py:4180} INFO - Setting next_dagrun for dataset_alias_example_alias_producer to None, run_after=None
[2025-09-29T14:40:05.015+0000] {logging_mixin.py:190} INFO - [2025-09-29T14:40:05.015+0000] {dag.py:4180} INFO - Setting next_dagrun for dataset_s3_bucket_consumer to None, run_after=None
[2025-09-29T14:40:05.016+0000] {logging_mixin.py:190} INFO - [2025-09-29T14:40:05.016+0000] {dag.py:4180} INFO - Setting next_dagrun for dataset_s3_bucket_producer to None, run_after=None
[2025-09-29T14:40:05.027+0000] {processor.py:208} INFO - Processing /home/airflow/.local/lib/python3.12/site-packages/airflow/example_dags/example_dataset_alias.py took 0.129 seconds
[2025-09-29T14:40:35.282+0000] {processor.py:186} INFO - Started process (PID=865) to work on /home/airflow/.local/lib/python3.12/site-packages/airflow/example_dags/example_dataset_alias.py
[2025-09-29T14:40:35.284+0000] {processor.py:914} INFO - Processing file /home/airflow/.local/lib/python3.12/site-packages/airflow/example_dags/example_dataset_alias.py for tasks to queue
[2025-09-29T14:40:35.286+0000] {logging_mixin.py:190} INFO - [2025-09-29T14:40:35.286+0000] {dagbag.py:588} INFO - Filling up the DagBag from /home/airflow/.local/lib/python3.12/site-packages/airflow/example_dags/example_dataset_alias.py
[2025-09-29T14:40:35.375+0000] {processor.py:925} INFO - DAG(s) 'dataset_s3_bucket_consumer', 'dataset_s3_bucket_producer', 'dataset_alias_example_alias_producer', 'dataset_alias_example_alias_consumer' retrieved from /home/airflow/.local/lib/python3.12/site-packages/airflow/example_dags/example_dataset_alias.py
[2025-09-29T14:40:35.389+0000] {logging_mixin.py:190} INFO - [2025-09-29T14:40:35.389+0000] {dag.py:3239} INFO - Sync 4 DAGs
[2025-09-29T14:40:35.404+0000] {logging_mixin.py:190} INFO - [2025-09-29T14:40:35.403+0000] {dag.py:4180} INFO - Setting next_dagrun for dataset_alias_example_alias_consumer to None, run_after=None
[2025-09-29T14:40:35.406+0000] {logging_mixin.py:190} INFO - [2025-09-29T14:40:35.406+0000] {dag.py:4180} INFO - Setting next_dagrun for dataset_alias_example_alias_producer to None, run_after=None
[2025-09-29T14:40:35.407+0000] {logging_mixin.py:190} INFO - [2025-09-29T14:40:35.407+0000] {dag.py:4180} INFO - Setting next_dagrun for dataset_s3_bucket_consumer to None, run_after=None
[2025-09-29T14:40:35.409+0000] {logging_mixin.py:190} INFO - [2025-09-29T14:40:35.409+0000] {dag.py:4180} INFO - Setting next_dagrun for dataset_s3_bucket_producer to None, run_after=None
[2025-09-29T14:40:35.427+0000] {processor.py:208} INFO - Processing /home/airflow/.local/lib/python3.12/site-packages/airflow/example_dags/example_dataset_alias.py took 0.148 seconds
[2025-09-29T14:41:05.574+0000] {processor.py:186} INFO - Started process (PID=931) to work on /home/airflow/.local/lib/python3.12/site-packages/airflow/example_dags/example_dataset_alias.py
[2025-09-29T14:41:05.575+0000] {processor.py:914} INFO - Processing file /home/airflow/.local/lib/python3.12/site-packages/airflow/example_dags/example_dataset_alias.py for tasks to queue
[2025-09-29T14:41:05.576+0000] {logging_mixin.py:190} INFO - [2025-09-29T14:41:05.576+0000] {dagbag.py:588} INFO - Filling up the DagBag from /home/airflow/.local/lib/python3.12/site-packages/airflow/example_dags/example_dataset_alias.py
[2025-09-29T14:41:05.657+0000] {processor.py:925} INFO - DAG(s) 'dataset_alias_example_alias_producer', 'dataset_alias_example_alias_consumer', 'dataset_s3_bucket_consumer', 'dataset_s3_bucket_producer' retrieved from /home/airflow/.local/lib/python3.12/site-packages/airflow/example_dags/example_dataset_alias.py
[2025-09-29T14:41:05.672+0000] {logging_mixin.py:190} INFO - [2025-09-29T14:41:05.672+0000] {dag.py:3239} INFO - Sync 4 DAGs
[2025-09-29T14:41:05.687+0000] {logging_mixin.py:190} INFO - [2025-09-29T14:41:05.686+0000] {dag.py:4180} INFO - Setting next_dagrun for dataset_alias_example_alias_consumer to None, run_after=None
[2025-09-29T14:41:05.689+0000] {logging_mixin.py:190} INFO - [2025-09-29T14:41:05.689+0000] {dag.py:4180} INFO - Setting next_dagrun for dataset_alias_example_alias_producer to None, run_after=None
[2025-09-29T14:41:05.690+0000] {logging_mixin.py:190} INFO - [2025-09-29T14:41:05.690+0000] {dag.py:4180} INFO - Setting next_dagrun for dataset_s3_bucket_consumer to None, run_after=None
[2025-09-29T14:41:05.691+0000] {logging_mixin.py:190} INFO - [2025-09-29T14:41:05.691+0000] {dag.py:4180} INFO - Setting next_dagrun for dataset_s3_bucket_producer to None, run_after=None
[2025-09-29T14:41:05.702+0000] {processor.py:208} INFO - Processing /home/airflow/.local/lib/python3.12/site-packages/airflow/example_dags/example_dataset_alias.py took 0.131 seconds
[2025-09-29T14:41:36.015+0000] {processor.py:186} INFO - Started process (PID=995) to work on /home/airflow/.local/lib/python3.12/site-packages/airflow/example_dags/example_dataset_alias.py
[2025-09-29T14:41:36.016+0000] {processor.py:914} INFO - Processing file /home/airflow/.local/lib/python3.12/site-packages/airflow/example_dags/example_dataset_alias.py for tasks to queue
[2025-09-29T14:41:36.017+0000] {logging_mixin.py:190} INFO - [2025-09-29T14:41:36.017+0000] {dagbag.py:588} INFO - Filling up the DagBag from /home/airflow/.local/lib/python3.12/site-packages/airflow/example_dags/example_dataset_alias.py
[2025-09-29T14:41:36.109+0000] {processor.py:925} INFO - DAG(s) 'dataset_alias_example_alias_consumer', 'dataset_alias_example_alias_producer', 'dataset_s3_bucket_consumer', 'dataset_s3_bucket_producer' retrieved from /home/airflow/.local/lib/python3.12/site-packages/airflow/example_dags/example_dataset_alias.py
[2025-09-29T14:41:36.180+0000] {logging_mixin.py:190} INFO - [2025-09-29T14:41:36.179+0000] {dag.py:3239} INFO - Sync 4 DAGs
[2025-09-29T14:41:36.200+0000] {logging_mixin.py:190} INFO - [2025-09-29T14:41:36.200+0000] {dag.py:4180} INFO - Setting next_dagrun for dataset_alias_example_alias_consumer to None, run_after=None
[2025-09-29T14:41:36.205+0000] {logging_mixin.py:190} INFO - [2025-09-29T14:41:36.204+0000] {dag.py:4180} INFO - Setting next_dagrun for dataset_alias_example_alias_producer to None, run_after=None
[2025-09-29T14:41:36.207+0000] {logging_mixin.py:190} INFO - [2025-09-29T14:41:36.207+0000] {dag.py:4180} INFO - Setting next_dagrun for dataset_s3_bucket_consumer to None, run_after=None
[2025-09-29T14:41:36.210+0000] {logging_mixin.py:190} INFO - [2025-09-29T14:41:36.209+0000] {dag.py:4180} INFO - Setting next_dagrun for dataset_s3_bucket_producer to None, run_after=None
[2025-09-29T14:41:36.225+0000] {processor.py:208} INFO - Processing /home/airflow/.local/lib/python3.12/site-packages/airflow/example_dags/example_dataset_alias.py took 0.214 seconds
[2025-09-29T14:42:06.467+0000] {processor.py:186} INFO - Started process (PID=1060) to work on /home/airflow/.local/lib/python3.12/site-packages/airflow/example_dags/example_dataset_alias.py
[2025-09-29T14:42:06.468+0000] {processor.py:914} INFO - Processing file /home/airflow/.local/lib/python3.12/site-packages/airflow/example_dags/example_dataset_alias.py for tasks to queue
[2025-09-29T14:42:06.470+0000] {logging_mixin.py:190} INFO - [2025-09-29T14:42:06.470+0000] {dagbag.py:588} INFO - Filling up the DagBag from /home/airflow/.local/lib/python3.12/site-packages/airflow/example_dags/example_dataset_alias.py
[2025-09-29T14:42:06.554+0000] {processor.py:925} INFO - DAG(s) 'dataset_alias_example_alias_consumer', 'dataset_alias_example_alias_producer', 'dataset_s3_bucket_consumer', 'dataset_s3_bucket_producer' retrieved from /home/airflow/.local/lib/python3.12/site-packages/airflow/example_dags/example_dataset_alias.py
[2025-09-29T14:42:06.573+0000] {logging_mixin.py:190} INFO - [2025-09-29T14:42:06.573+0000] {dag.py:3239} INFO - Sync 4 DAGs
[2025-09-29T14:42:06.591+0000] {logging_mixin.py:190} INFO - [2025-09-29T14:42:06.591+0000] {dag.py:4180} INFO - Setting next_dagrun for dataset_alias_example_alias_consumer to None, run_after=None
[2025-09-29T14:42:06.594+0000] {logging_mixin.py:190} INFO - [2025-09-29T14:42:06.594+0000] {dag.py:4180} INFO - Setting next_dagrun for dataset_alias_example_alias_producer to None, run_after=None
[2025-09-29T14:42:06.596+0000] {logging_mixin.py:190} INFO - [2025-09-29T14:42:06.596+0000] {dag.py:4180} INFO - Setting next_dagrun for dataset_s3_bucket_consumer to None, run_after=None
[2025-09-29T14:42:06.597+0000] {logging_mixin.py:190} INFO - [2025-09-29T14:42:06.597+0000] {dag.py:4180} INFO - Setting next_dagrun for dataset_s3_bucket_producer to None, run_after=None
[2025-09-29T14:42:06.623+0000] {processor.py:208} INFO - Processing /home/airflow/.local/lib/python3.12/site-packages/airflow/example_dags/example_dataset_alias.py took 0.159 seconds
[2025-09-29T14:42:36.863+0000] {processor.py:186} INFO - Started process (PID=1124) to work on /home/airflow/.local/lib/python3.12/site-packages/airflow/example_dags/example_dataset_alias.py
[2025-09-29T14:42:36.864+0000] {processor.py:914} INFO - Processing file /home/airflow/.local/lib/python3.12/site-packages/airflow/example_dags/example_dataset_alias.py for tasks to queue
[2025-09-29T14:42:36.865+0000] {logging_mixin.py:190} INFO - [2025-09-29T14:42:36.865+0000] {dagbag.py:588} INFO - Filling up the DagBag from /home/airflow/.local/lib/python3.12/site-packages/airflow/example_dags/example_dataset_alias.py
[2025-09-29T14:42:36.943+0000] {processor.py:925} INFO - DAG(s) 'dataset_s3_bucket_producer', 'dataset_alias_example_alias_consumer', 'dataset_alias_example_alias_producer', 'dataset_s3_bucket_consumer' retrieved from /home/airflow/.local/lib/python3.12/site-packages/airflow/example_dags/example_dataset_alias.py
[2025-09-29T14:42:36.955+0000] {logging_mixin.py:190} INFO - [2025-09-29T14:42:36.954+0000] {dag.py:3239} INFO - Sync 4 DAGs
[2025-09-29T14:42:36.965+0000] {logging_mixin.py:190} INFO - [2025-09-29T14:42:36.965+0000] {dag.py:4180} INFO - Setting next_dagrun for dataset_alias_example_alias_consumer to None, run_after=None
[2025-09-29T14:42:36.967+0000] {logging_mixin.py:190} INFO - [2025-09-29T14:42:36.967+0000] {dag.py:4180} INFO - Setting next_dagrun for dataset_alias_example_alias_producer to None, run_after=None
[2025-09-29T14:42:36.968+0000] {logging_mixin.py:190} INFO - [2025-09-29T14:42:36.968+0000] {dag.py:4180} INFO - Setting next_dagrun for dataset_s3_bucket_consumer to None, run_after=None
[2025-09-29T14:42:36.970+0000] {logging_mixin.py:190} INFO - [2025-09-29T14:42:36.970+0000] {dag.py:4180} INFO - Setting next_dagrun for dataset_s3_bucket_producer to None, run_after=None
[2025-09-29T14:42:36.982+0000] {processor.py:208} INFO - Processing /home/airflow/.local/lib/python3.12/site-packages/airflow/example_dags/example_dataset_alias.py took 0.122 seconds
[2025-09-29T14:43:07.139+0000] {processor.py:186} INFO - Started process (PID=1188) to work on /home/airflow/.local/lib/python3.12/site-packages/airflow/example_dags/example_dataset_alias.py
[2025-09-29T14:43:07.140+0000] {processor.py:914} INFO - Processing file /home/airflow/.local/lib/python3.12/site-packages/airflow/example_dags/example_dataset_alias.py for tasks to queue
[2025-09-29T14:43:07.141+0000] {logging_mixin.py:190} INFO - [2025-09-29T14:43:07.141+0000] {dagbag.py:588} INFO - Filling up the DagBag from /home/airflow/.local/lib/python3.12/site-packages/airflow/example_dags/example_dataset_alias.py
[2025-09-29T14:43:07.219+0000] {processor.py:925} INFO - DAG(s) 'dataset_s3_bucket_consumer', 'dataset_alias_example_alias_producer', 'dataset_alias_example_alias_consumer', 'dataset_s3_bucket_producer' retrieved from /home/airflow/.local/lib/python3.12/site-packages/airflow/example_dags/example_dataset_alias.py
[2025-09-29T14:43:07.229+0000] {logging_mixin.py:190} INFO - [2025-09-29T14:43:07.228+0000] {dag.py:3239} INFO - Sync 4 DAGs
[2025-09-29T14:43:07.239+0000] {logging_mixin.py:190} INFO - [2025-09-29T14:43:07.239+0000] {dag.py:4180} INFO - Setting next_dagrun for dataset_alias_example_alias_consumer to None, run_after=None
[2025-09-29T14:43:07.242+0000] {logging_mixin.py:190} INFO - [2025-09-29T14:43:07.242+0000] {dag.py:4180} INFO - Setting next_dagrun for dataset_alias_example_alias_producer to None, run_after=None
[2025-09-29T14:43:07.244+0000] {logging_mixin.py:190} INFO - [2025-09-29T14:43:07.244+0000] {dag.py:4180} INFO - Setting next_dagrun for dataset_s3_bucket_consumer to None, run_after=None
[2025-09-29T14:43:07.245+0000] {logging_mixin.py:190} INFO - [2025-09-29T14:43:07.245+0000] {dag.py:4180} INFO - Setting next_dagrun for dataset_s3_bucket_producer to None, run_after=None
[2025-09-29T14:43:07.258+0000] {processor.py:208} INFO - Processing /home/airflow/.local/lib/python3.12/site-packages/airflow/example_dags/example_dataset_alias.py took 0.123 seconds
[2025-09-29T14:43:37.358+0000] {processor.py:186} INFO - Started process (PID=1252) to work on /home/airflow/.local/lib/python3.12/site-packages/airflow/example_dags/example_dataset_alias.py
[2025-09-29T14:43:37.359+0000] {processor.py:914} INFO - Processing file /home/airflow/.local/lib/python3.12/site-packages/airflow/example_dags/example_dataset_alias.py for tasks to queue
[2025-09-29T14:43:37.361+0000] {logging_mixin.py:190} INFO - [2025-09-29T14:43:37.361+0000] {dagbag.py:588} INFO - Filling up the DagBag from /home/airflow/.local/lib/python3.12/site-packages/airflow/example_dags/example_dataset_alias.py
[2025-09-29T14:43:37.436+0000] {processor.py:925} INFO - DAG(s) 'dataset_alias_example_alias_consumer', 'dataset_s3_bucket_producer', 'dataset_s3_bucket_consumer', 'dataset_alias_example_alias_producer' retrieved from /home/airflow/.local/lib/python3.12/site-packages/airflow/example_dags/example_dataset_alias.py
[2025-09-29T14:43:37.446+0000] {logging_mixin.py:190} INFO - [2025-09-29T14:43:37.446+0000] {dag.py:3239} INFO - Sync 4 DAGs
[2025-09-29T14:43:37.457+0000] {logging_mixin.py:190} INFO - [2025-09-29T14:43:37.457+0000] {dag.py:4180} INFO - Setting next_dagrun for dataset_alias_example_alias_consumer to None, run_after=None
[2025-09-29T14:43:37.459+0000] {logging_mixin.py:190} INFO - [2025-09-29T14:43:37.459+0000] {dag.py:4180} INFO - Setting next_dagrun for dataset_alias_example_alias_producer to None, run_after=None
[2025-09-29T14:43:37.461+0000] {logging_mixin.py:190} INFO - [2025-09-29T14:43:37.461+0000] {dag.py:4180} INFO - Setting next_dagrun for dataset_s3_bucket_consumer to None, run_after=None
[2025-09-29T14:43:37.461+0000] {logging_mixin.py:190} INFO - [2025-09-29T14:43:37.461+0000] {dag.py:4180} INFO - Setting next_dagrun for dataset_s3_bucket_producer to None, run_after=None
[2025-09-29T14:43:37.474+0000] {processor.py:208} INFO - Processing /home/airflow/.local/lib/python3.12/site-packages/airflow/example_dags/example_dataset_alias.py took 0.119 seconds
[2025-09-29T14:44:08.188+0000] {processor.py:186} INFO - Started process (PID=1316) to work on /home/airflow/.local/lib/python3.12/site-packages/airflow/example_dags/example_dataset_alias.py
[2025-09-29T14:44:08.190+0000] {processor.py:914} INFO - Processing file /home/airflow/.local/lib/python3.12/site-packages/airflow/example_dags/example_dataset_alias.py for tasks to queue
[2025-09-29T14:44:08.194+0000] {logging_mixin.py:190} INFO - [2025-09-29T14:44:08.193+0000] {dagbag.py:588} INFO - Filling up the DagBag from /home/airflow/.local/lib/python3.12/site-packages/airflow/example_dags/example_dataset_alias.py
[2025-09-29T14:44:08.278+0000] {processor.py:925} INFO - DAG(s) 'dataset_alias_example_alias_producer', 'dataset_alias_example_alias_consumer', 'dataset_s3_bucket_consumer', 'dataset_s3_bucket_producer' retrieved from /home/airflow/.local/lib/python3.12/site-packages/airflow/example_dags/example_dataset_alias.py
[2025-09-29T14:44:08.296+0000] {logging_mixin.py:190} INFO - [2025-09-29T14:44:08.296+0000] {dag.py:3239} INFO - Sync 4 DAGs
[2025-09-29T14:44:08.310+0000] {logging_mixin.py:190} INFO - [2025-09-29T14:44:08.310+0000] {dag.py:4180} INFO - Setting next_dagrun for dataset_alias_example_alias_consumer to None, run_after=None
[2025-09-29T14:44:08.313+0000] {logging_mixin.py:190} INFO - [2025-09-29T14:44:08.313+0000] {dag.py:4180} INFO - Setting next_dagrun for dataset_alias_example_alias_producer to None, run_after=None
[2025-09-29T14:44:08.315+0000] {logging_mixin.py:190} INFO - [2025-09-29T14:44:08.315+0000] {dag.py:4180} INFO - Setting next_dagrun for dataset_s3_bucket_consumer to None, run_after=None
[2025-09-29T14:44:08.318+0000] {logging_mixin.py:190} INFO - [2025-09-29T14:44:08.318+0000] {dag.py:4180} INFO - Setting next_dagrun for dataset_s3_bucket_producer to None, run_after=None
[2025-09-29T14:44:08.332+0000] {processor.py:208} INFO - Processing /home/airflow/.local/lib/python3.12/site-packages/airflow/example_dags/example_dataset_alias.py took 0.146 seconds
[2025-09-29T14:44:38.543+0000] {processor.py:186} INFO - Started process (PID=1379) to work on /home/airflow/.local/lib/python3.12/site-packages/airflow/example_dags/example_dataset_alias.py
[2025-09-29T14:44:38.543+0000] {processor.py:914} INFO - Processing file /home/airflow/.local/lib/python3.12/site-packages/airflow/example_dags/example_dataset_alias.py for tasks to queue
[2025-09-29T14:44:38.545+0000] {logging_mixin.py:190} INFO - [2025-09-29T14:44:38.545+0000] {dagbag.py:588} INFO - Filling up the DagBag from /home/airflow/.local/lib/python3.12/site-packages/airflow/example_dags/example_dataset_alias.py
[2025-09-29T14:44:38.629+0000] {processor.py:925} INFO - DAG(s) 'dataset_s3_bucket_producer', 'dataset_alias_example_alias_producer', 'dataset_alias_example_alias_consumer', 'dataset_s3_bucket_consumer' retrieved from /home/airflow/.local/lib/python3.12/site-packages/airflow/example_dags/example_dataset_alias.py
[2025-09-29T14:44:38.644+0000] {logging_mixin.py:190} INFO - [2025-09-29T14:44:38.644+0000] {dag.py:3239} INFO - Sync 4 DAGs
[2025-09-29T14:44:38.656+0000] {logging_mixin.py:190} INFO - [2025-09-29T14:44:38.656+0000] {dag.py:4180} INFO - Setting next_dagrun for dataset_alias_example_alias_consumer to None, run_after=None
[2025-09-29T14:44:38.657+0000] {logging_mixin.py:190} INFO - [2025-09-29T14:44:38.657+0000] {dag.py:4180} INFO - Setting next_dagrun for dataset_alias_example_alias_producer to None, run_after=None
[2025-09-29T14:44:38.658+0000] {logging_mixin.py:190} INFO - [2025-09-29T14:44:38.658+0000] {dag.py:4180} INFO - Setting next_dagrun for dataset_s3_bucket_consumer to None, run_after=None
[2025-09-29T14:44:38.658+0000] {logging_mixin.py:190} INFO - [2025-09-29T14:44:38.658+0000] {dag.py:4180} INFO - Setting next_dagrun for dataset_s3_bucket_producer to None, run_after=None
[2025-09-29T14:44:38.669+0000] {processor.py:208} INFO - Processing /home/airflow/.local/lib/python3.12/site-packages/airflow/example_dags/example_dataset_alias.py took 0.130 seconds
[2025-09-29T14:45:08.948+0000] {processor.py:186} INFO - Started process (PID=1443) to work on /home/airflow/.local/lib/python3.12/site-packages/airflow/example_dags/example_dataset_alias.py
[2025-09-29T14:45:08.949+0000] {processor.py:914} INFO - Processing file /home/airflow/.local/lib/python3.12/site-packages/airflow/example_dags/example_dataset_alias.py for tasks to queue
[2025-09-29T14:45:08.950+0000] {logging_mixin.py:190} INFO - [2025-09-29T14:45:08.950+0000] {dagbag.py:588} INFO - Filling up the DagBag from /home/airflow/.local/lib/python3.12/site-packages/airflow/example_dags/example_dataset_alias.py
[2025-09-29T14:45:09.028+0000] {processor.py:925} INFO - DAG(s) 'dataset_s3_bucket_consumer', 'dataset_alias_example_alias_producer', 'dataset_s3_bucket_producer', 'dataset_alias_example_alias_consumer' retrieved from /home/airflow/.local/lib/python3.12/site-packages/airflow/example_dags/example_dataset_alias.py
[2025-09-29T14:45:09.040+0000] {logging_mixin.py:190} INFO - [2025-09-29T14:45:09.040+0000] {dag.py:3239} INFO - Sync 4 DAGs
[2025-09-29T14:45:09.051+0000] {logging_mixin.py:190} INFO - [2025-09-29T14:45:09.050+0000] {dag.py:4180} INFO - Setting next_dagrun for dataset_alias_example_alias_consumer to None, run_after=None
[2025-09-29T14:45:09.053+0000] {logging_mixin.py:190} INFO - [2025-09-29T14:45:09.052+0000] {dag.py:4180} INFO - Setting next_dagrun for dataset_alias_example_alias_producer to None, run_after=None
[2025-09-29T14:45:09.053+0000] {logging_mixin.py:190} INFO - [2025-09-29T14:45:09.053+0000] {dag.py:4180} INFO - Setting next_dagrun for dataset_s3_bucket_consumer to None, run_after=None
[2025-09-29T14:45:09.054+0000] {logging_mixin.py:190} INFO - [2025-09-29T14:45:09.054+0000] {dag.py:4180} INFO - Setting next_dagrun for dataset_s3_bucket_producer to None, run_after=None
[2025-09-29T14:45:09.064+0000] {processor.py:208} INFO - Processing /home/airflow/.local/lib/python3.12/site-packages/airflow/example_dags/example_dataset_alias.py took 0.119 seconds
[2025-09-29T14:45:39.454+0000] {processor.py:186} INFO - Started process (PID=1507) to work on /home/airflow/.local/lib/python3.12/site-packages/airflow/example_dags/example_dataset_alias.py
[2025-09-29T14:45:39.456+0000] {processor.py:914} INFO - Processing file /home/airflow/.local/lib/python3.12/site-packages/airflow/example_dags/example_dataset_alias.py for tasks to queue
[2025-09-29T14:45:39.458+0000] {logging_mixin.py:190} INFO - [2025-09-29T14:45:39.458+0000] {dagbag.py:588} INFO - Filling up the DagBag from /home/airflow/.local/lib/python3.12/site-packages/airflow/example_dags/example_dataset_alias.py
[2025-09-29T14:45:39.543+0000] {processor.py:925} INFO - DAG(s) 'dataset_alias_example_alias_producer', 'dataset_s3_bucket_producer', 'dataset_s3_bucket_consumer', 'dataset_alias_example_alias_consumer' retrieved from /home/airflow/.local/lib/python3.12/site-packages/airflow/example_dags/example_dataset_alias.py
[2025-09-29T14:45:39.562+0000] {logging_mixin.py:190} INFO - [2025-09-29T14:45:39.562+0000] {dag.py:3239} INFO - Sync 4 DAGs
[2025-09-29T14:45:39.575+0000] {logging_mixin.py:190} INFO - [2025-09-29T14:45:39.575+0000] {dag.py:4180} INFO - Setting next_dagrun for dataset_alias_example_alias_consumer to None, run_after=None
[2025-09-29T14:45:39.577+0000] {logging_mixin.py:190} INFO - [2025-09-29T14:45:39.577+0000] {dag.py:4180} INFO - Setting next_dagrun for dataset_alias_example_alias_producer to None, run_after=None
[2025-09-29T14:45:39.578+0000] {logging_mixin.py:190} INFO - [2025-09-29T14:45:39.578+0000] {dag.py:4180} INFO - Setting next_dagrun for dataset_s3_bucket_consumer to None, run_after=None
[2025-09-29T14:45:39.578+0000] {logging_mixin.py:190} INFO - [2025-09-29T14:45:39.578+0000] {dag.py:4180} INFO - Setting next_dagrun for dataset_s3_bucket_producer to None, run_after=None
[2025-09-29T14:45:39.594+0000] {processor.py:208} INFO - Processing /home/airflow/.local/lib/python3.12/site-packages/airflow/example_dags/example_dataset_alias.py took 0.144 seconds
[2025-09-29T14:46:10.058+0000] {processor.py:186} INFO - Started process (PID=1571) to work on /home/airflow/.local/lib/python3.12/site-packages/airflow/example_dags/example_dataset_alias.py
[2025-09-29T14:46:10.059+0000] {processor.py:914} INFO - Processing file /home/airflow/.local/lib/python3.12/site-packages/airflow/example_dags/example_dataset_alias.py for tasks to queue
[2025-09-29T14:46:10.060+0000] {logging_mixin.py:190} INFO - [2025-09-29T14:46:10.060+0000] {dagbag.py:588} INFO - Filling up the DagBag from /home/airflow/.local/lib/python3.12/site-packages/airflow/example_dags/example_dataset_alias.py
[2025-09-29T14:46:10.141+0000] {processor.py:925} INFO - DAG(s) 'dataset_alias_example_alias_consumer', 'dataset_alias_example_alias_producer', 'dataset_s3_bucket_consumer', 'dataset_s3_bucket_producer' retrieved from /home/airflow/.local/lib/python3.12/site-packages/airflow/example_dags/example_dataset_alias.py
[2025-09-29T14:46:10.154+0000] {logging_mixin.py:190} INFO - [2025-09-29T14:46:10.154+0000] {dag.py:3239} INFO - Sync 4 DAGs
[2025-09-29T14:46:10.164+0000] {logging_mixin.py:190} INFO - [2025-09-29T14:46:10.164+0000] {dag.py:4180} INFO - Setting next_dagrun for dataset_alias_example_alias_consumer to None, run_after=None
[2025-09-29T14:46:10.166+0000] {logging_mixin.py:190} INFO - [2025-09-29T14:46:10.166+0000] {dag.py:4180} INFO - Setting next_dagrun for dataset_alias_example_alias_producer to None, run_after=None
[2025-09-29T14:46:10.167+0000] {logging_mixin.py:190} INFO - [2025-09-29T14:46:10.167+0000] {dag.py:4180} INFO - Setting next_dagrun for dataset_s3_bucket_consumer to None, run_after=None
[2025-09-29T14:46:10.168+0000] {logging_mixin.py:190} INFO - [2025-09-29T14:46:10.167+0000] {dag.py:4180} INFO - Setting next_dagrun for dataset_s3_bucket_producer to None, run_after=None
[2025-09-29T14:46:10.177+0000] {processor.py:208} INFO - Processing /home/airflow/.local/lib/python3.12/site-packages/airflow/example_dags/example_dataset_alias.py took 0.122 seconds
[2025-09-29T14:46:40.572+0000] {processor.py:186} INFO - Started process (PID=1635) to work on /home/airflow/.local/lib/python3.12/site-packages/airflow/example_dags/example_dataset_alias.py
[2025-09-29T14:46:40.574+0000] {processor.py:914} INFO - Processing file /home/airflow/.local/lib/python3.12/site-packages/airflow/example_dags/example_dataset_alias.py for tasks to queue
[2025-09-29T14:46:40.576+0000] {logging_mixin.py:190} INFO - [2025-09-29T14:46:40.576+0000] {dagbag.py:588} INFO - Filling up the DagBag from /home/airflow/.local/lib/python3.12/site-packages/airflow/example_dags/example_dataset_alias.py
[2025-09-29T14:46:40.655+0000] {processor.py:925} INFO - DAG(s) 'dataset_s3_bucket_consumer', 'dataset_alias_example_alias_producer', 'dataset_alias_example_alias_consumer', 'dataset_s3_bucket_producer' retrieved from /home/airflow/.local/lib/python3.12/site-packages/airflow/example_dags/example_dataset_alias.py
[2025-09-29T14:46:40.668+0000] {logging_mixin.py:190} INFO - [2025-09-29T14:46:40.668+0000] {dag.py:3239} INFO - Sync 4 DAGs
[2025-09-29T14:46:40.680+0000] {logging_mixin.py:190} INFO - [2025-09-29T14:46:40.680+0000] {dag.py:4180} INFO - Setting next_dagrun for dataset_alias_example_alias_consumer to None, run_after=None
[2025-09-29T14:46:40.682+0000] {logging_mixin.py:190} INFO - [2025-09-29T14:46:40.682+0000] {dag.py:4180} INFO - Setting next_dagrun for dataset_alias_example_alias_producer to None, run_after=None
[2025-09-29T14:46:40.682+0000] {logging_mixin.py:190} INFO - [2025-09-29T14:46:40.682+0000] {dag.py:4180} INFO - Setting next_dagrun for dataset_s3_bucket_consumer to None, run_after=None
[2025-09-29T14:46:40.683+0000] {logging_mixin.py:190} INFO - [2025-09-29T14:46:40.683+0000] {dag.py:4180} INFO - Setting next_dagrun for dataset_s3_bucket_producer to None, run_after=None
[2025-09-29T14:46:40.700+0000] {processor.py:208} INFO - Processing /home/airflow/.local/lib/python3.12/site-packages/airflow/example_dags/example_dataset_alias.py took 0.130 seconds
[2025-09-29T14:47:10.917+0000] {processor.py:186} INFO - Started process (PID=1699) to work on /home/airflow/.local/lib/python3.12/site-packages/airflow/example_dags/example_dataset_alias.py
[2025-09-29T14:47:10.923+0000] {processor.py:914} INFO - Processing file /home/airflow/.local/lib/python3.12/site-packages/airflow/example_dags/example_dataset_alias.py for tasks to queue
[2025-09-29T14:47:10.924+0000] {logging_mixin.py:190} INFO - [2025-09-29T14:47:10.924+0000] {dagbag.py:588} INFO - Filling up the DagBag from /home/airflow/.local/lib/python3.12/site-packages/airflow/example_dags/example_dataset_alias.py
[2025-09-29T14:47:11.012+0000] {processor.py:925} INFO - DAG(s) 'dataset_alias_example_alias_consumer', 'dataset_s3_bucket_consumer', 'dataset_s3_bucket_producer', 'dataset_alias_example_alias_producer' retrieved from /home/airflow/.local/lib/python3.12/site-packages/airflow/example_dags/example_dataset_alias.py
[2025-09-29T14:47:11.038+0000] {logging_mixin.py:190} INFO - [2025-09-29T14:47:11.038+0000] {dag.py:3239} INFO - Sync 4 DAGs
[2025-09-29T14:47:11.052+0000] {logging_mixin.py:190} INFO - [2025-09-29T14:47:11.051+0000] {dag.py:4180} INFO - Setting next_dagrun for dataset_alias_example_alias_consumer to None, run_after=None
[2025-09-29T14:47:11.053+0000] {logging_mixin.py:190} INFO - [2025-09-29T14:47:11.053+0000] {dag.py:4180} INFO - Setting next_dagrun for dataset_alias_example_alias_producer to None, run_after=None
[2025-09-29T14:47:11.054+0000] {logging_mixin.py:190} INFO - [2025-09-29T14:47:11.054+0000] {dag.py:4180} INFO - Setting next_dagrun for dataset_s3_bucket_consumer to None, run_after=None
[2025-09-29T14:47:11.054+0000] {logging_mixin.py:190} INFO - [2025-09-29T14:47:11.054+0000] {dag.py:4180} INFO - Setting next_dagrun for dataset_s3_bucket_producer to None, run_after=None
[2025-09-29T14:47:11.071+0000] {processor.py:208} INFO - Processing /home/airflow/.local/lib/python3.12/site-packages/airflow/example_dags/example_dataset_alias.py took 0.158 seconds
[2025-09-29T14:47:41.320+0000] {processor.py:186} INFO - Started process (PID=1763) to work on /home/airflow/.local/lib/python3.12/site-packages/airflow/example_dags/example_dataset_alias.py
[2025-09-29T14:47:41.321+0000] {processor.py:914} INFO - Processing file /home/airflow/.local/lib/python3.12/site-packages/airflow/example_dags/example_dataset_alias.py for tasks to queue
[2025-09-29T14:47:41.323+0000] {logging_mixin.py:190} INFO - [2025-09-29T14:47:41.322+0000] {dagbag.py:588} INFO - Filling up the DagBag from /home/airflow/.local/lib/python3.12/site-packages/airflow/example_dags/example_dataset_alias.py
[2025-09-29T14:47:41.398+0000] {processor.py:925} INFO - DAG(s) 'dataset_s3_bucket_consumer', 'dataset_alias_example_alias_consumer', 'dataset_s3_bucket_producer', 'dataset_alias_example_alias_producer' retrieved from /home/airflow/.local/lib/python3.12/site-packages/airflow/example_dags/example_dataset_alias.py
[2025-09-29T14:47:41.411+0000] {logging_mixin.py:190} INFO - [2025-09-29T14:47:41.411+0000] {dag.py:3239} INFO - Sync 4 DAGs
[2025-09-29T14:47:41.422+0000] {logging_mixin.py:190} INFO - [2025-09-29T14:47:41.421+0000] {dag.py:4180} INFO - Setting next_dagrun for dataset_alias_example_alias_consumer to None, run_after=None
[2025-09-29T14:47:41.424+0000] {logging_mixin.py:190} INFO - [2025-09-29T14:47:41.424+0000] {dag.py:4180} INFO - Setting next_dagrun for dataset_alias_example_alias_producer to None, run_after=None
[2025-09-29T14:47:41.425+0000] {logging_mixin.py:190} INFO - [2025-09-29T14:47:41.425+0000] {dag.py:4180} INFO - Setting next_dagrun for dataset_s3_bucket_consumer to None, run_after=None
[2025-09-29T14:47:41.426+0000] {logging_mixin.py:190} INFO - [2025-09-29T14:47:41.425+0000] {dag.py:4180} INFO - Setting next_dagrun for dataset_s3_bucket_producer to None, run_after=None
[2025-09-29T14:47:41.441+0000] {processor.py:208} INFO - Processing /home/airflow/.local/lib/python3.12/site-packages/airflow/example_dags/example_dataset_alias.py took 0.124 seconds
[2025-09-29T14:48:11.807+0000] {processor.py:186} INFO - Started process (PID=1827) to work on /home/airflow/.local/lib/python3.12/site-packages/airflow/example_dags/example_dataset_alias.py
[2025-09-29T14:48:11.809+0000] {processor.py:914} INFO - Processing file /home/airflow/.local/lib/python3.12/site-packages/airflow/example_dags/example_dataset_alias.py for tasks to queue
[2025-09-29T14:48:11.811+0000] {logging_mixin.py:190} INFO - [2025-09-29T14:48:11.811+0000] {dagbag.py:588} INFO - Filling up the DagBag from /home/airflow/.local/lib/python3.12/site-packages/airflow/example_dags/example_dataset_alias.py
[2025-09-29T14:48:11.914+0000] {processor.py:925} INFO - DAG(s) 'dataset_alias_example_alias_producer', 'dataset_s3_bucket_producer', 'dataset_alias_example_alias_consumer', 'dataset_s3_bucket_consumer' retrieved from /home/airflow/.local/lib/python3.12/site-packages/airflow/example_dags/example_dataset_alias.py
[2025-09-29T14:48:11.936+0000] {logging_mixin.py:190} INFO - [2025-09-29T14:48:11.935+0000] {dag.py:3239} INFO - Sync 4 DAGs
[2025-09-29T14:48:11.948+0000] {logging_mixin.py:190} INFO - [2025-09-29T14:48:11.947+0000] {dag.py:4180} INFO - Setting next_dagrun for dataset_alias_example_alias_consumer to None, run_after=None
[2025-09-29T14:48:11.949+0000] {logging_mixin.py:190} INFO - [2025-09-29T14:48:11.949+0000] {dag.py:4180} INFO - Setting next_dagrun for dataset_alias_example_alias_producer to None, run_after=None
[2025-09-29T14:48:11.950+0000] {logging_mixin.py:190} INFO - [2025-09-29T14:48:11.950+0000] {dag.py:4180} INFO - Setting next_dagrun for dataset_s3_bucket_consumer to None, run_after=None
[2025-09-29T14:48:11.951+0000] {logging_mixin.py:190} INFO - [2025-09-29T14:48:11.950+0000] {dag.py:4180} INFO - Setting next_dagrun for dataset_s3_bucket_producer to None, run_after=None
[2025-09-29T14:48:11.964+0000] {processor.py:208} INFO - Processing /home/airflow/.local/lib/python3.12/site-packages/airflow/example_dags/example_dataset_alias.py took 0.161 seconds
[2025-09-29T14:48:42.007+0000] {processor.py:186} INFO - Started process (PID=1891) to work on /home/airflow/.local/lib/python3.12/site-packages/airflow/example_dags/example_dataset_alias.py
[2025-09-29T14:48:42.009+0000] {processor.py:914} INFO - Processing file /home/airflow/.local/lib/python3.12/site-packages/airflow/example_dags/example_dataset_alias.py for tasks to queue
[2025-09-29T14:48:42.010+0000] {logging_mixin.py:190} INFO - [2025-09-29T14:48:42.010+0000] {dagbag.py:588} INFO - Filling up the DagBag from /home/airflow/.local/lib/python3.12/site-packages/airflow/example_dags/example_dataset_alias.py
[2025-09-29T14:48:42.084+0000] {processor.py:925} INFO - DAG(s) 'dataset_s3_bucket_consumer', 'dataset_alias_example_alias_consumer', 'dataset_s3_bucket_producer', 'dataset_alias_example_alias_producer' retrieved from /home/airflow/.local/lib/python3.12/site-packages/airflow/example_dags/example_dataset_alias.py
[2025-09-29T14:48:42.093+0000] {logging_mixin.py:190} INFO - [2025-09-29T14:48:42.093+0000] {dag.py:3239} INFO - Sync 4 DAGs
[2025-09-29T14:48:42.103+0000] {logging_mixin.py:190} INFO - [2025-09-29T14:48:42.103+0000] {dag.py:4180} INFO - Setting next_dagrun for dataset_alias_example_alias_consumer to None, run_after=None
[2025-09-29T14:48:42.104+0000] {logging_mixin.py:190} INFO - [2025-09-29T14:48:42.104+0000] {dag.py:4180} INFO - Setting next_dagrun for dataset_alias_example_alias_producer to None, run_after=None
[2025-09-29T14:48:42.105+0000] {logging_mixin.py:190} INFO - [2025-09-29T14:48:42.105+0000] {dag.py:4180} INFO - Setting next_dagrun for dataset_s3_bucket_consumer to None, run_after=None
[2025-09-29T14:48:42.106+0000] {logging_mixin.py:190} INFO - [2025-09-29T14:48:42.106+0000] {dag.py:4180} INFO - Setting next_dagrun for dataset_s3_bucket_producer to None, run_after=None
[2025-09-29T14:48:42.116+0000] {processor.py:208} INFO - Processing /home/airflow/.local/lib/python3.12/site-packages/airflow/example_dags/example_dataset_alias.py took 0.111 seconds
[2025-09-29T14:49:12.246+0000] {processor.py:186} INFO - Started process (PID=1955) to work on /home/airflow/.local/lib/python3.12/site-packages/airflow/example_dags/example_dataset_alias.py
[2025-09-29T14:49:12.247+0000] {processor.py:914} INFO - Processing file /home/airflow/.local/lib/python3.12/site-packages/airflow/example_dags/example_dataset_alias.py for tasks to queue
[2025-09-29T14:49:12.249+0000] {logging_mixin.py:190} INFO - [2025-09-29T14:49:12.249+0000] {dagbag.py:588} INFO - Filling up the DagBag from /home/airflow/.local/lib/python3.12/site-packages/airflow/example_dags/example_dataset_alias.py
[2025-09-29T14:49:12.325+0000] {processor.py:925} INFO - DAG(s) 'dataset_alias_example_alias_consumer', 'dataset_s3_bucket_consumer', 'dataset_alias_example_alias_producer', 'dataset_s3_bucket_producer' retrieved from /home/airflow/.local/lib/python3.12/site-packages/airflow/example_dags/example_dataset_alias.py
[2025-09-29T14:49:12.337+0000] {logging_mixin.py:190} INFO - [2025-09-29T14:49:12.336+0000] {dag.py:3239} INFO - Sync 4 DAGs
[2025-09-29T14:49:12.348+0000] {logging_mixin.py:190} INFO - [2025-09-29T14:49:12.348+0000] {dag.py:4180} INFO - Setting next_dagrun for dataset_alias_example_alias_consumer to None, run_after=None
[2025-09-29T14:49:12.350+0000] {logging_mixin.py:190} INFO - [2025-09-29T14:49:12.349+0000] {dag.py:4180} INFO - Setting next_dagrun for dataset_alias_example_alias_producer to None, run_after=None
[2025-09-29T14:49:12.350+0000] {logging_mixin.py:190} INFO - [2025-09-29T14:49:12.350+0000] {dag.py:4180} INFO - Setting next_dagrun for dataset_s3_bucket_consumer to None, run_after=None
[2025-09-29T14:49:12.351+0000] {logging_mixin.py:190} INFO - [2025-09-29T14:49:12.351+0000] {dag.py:4180} INFO - Setting next_dagrun for dataset_s3_bucket_producer to None, run_after=None
[2025-09-29T14:49:12.364+0000] {processor.py:208} INFO - Processing /home/airflow/.local/lib/python3.12/site-packages/airflow/example_dags/example_dataset_alias.py took 0.121 seconds
[2025-09-29T14:49:42.793+0000] {processor.py:186} INFO - Started process (PID=2019) to work on /home/airflow/.local/lib/python3.12/site-packages/airflow/example_dags/example_dataset_alias.py
[2025-09-29T14:49:42.795+0000] {processor.py:914} INFO - Processing file /home/airflow/.local/lib/python3.12/site-packages/airflow/example_dags/example_dataset_alias.py for tasks to queue
[2025-09-29T14:49:42.798+0000] {logging_mixin.py:190} INFO - [2025-09-29T14:49:42.797+0000] {dagbag.py:588} INFO - Filling up the DagBag from /home/airflow/.local/lib/python3.12/site-packages/airflow/example_dags/example_dataset_alias.py
[2025-09-29T14:49:42.873+0000] {processor.py:925} INFO - DAG(s) 'dataset_s3_bucket_producer', 'dataset_s3_bucket_consumer', 'dataset_alias_example_alias_producer', 'dataset_alias_example_alias_consumer' retrieved from /home/airflow/.local/lib/python3.12/site-packages/airflow/example_dags/example_dataset_alias.py
[2025-09-29T14:49:42.885+0000] {logging_mixin.py:190} INFO - [2025-09-29T14:49:42.885+0000] {dag.py:3239} INFO - Sync 4 DAGs
[2025-09-29T14:49:42.897+0000] {logging_mixin.py:190} INFO - [2025-09-29T14:49:42.897+0000] {dag.py:4180} INFO - Setting next_dagrun for dataset_alias_example_alias_consumer to None, run_after=None
[2025-09-29T14:49:42.900+0000] {logging_mixin.py:190} INFO - [2025-09-29T14:49:42.900+0000] {dag.py:4180} INFO - Setting next_dagrun for dataset_alias_example_alias_producer to None, run_after=None
[2025-09-29T14:49:42.901+0000] {logging_mixin.py:190} INFO - [2025-09-29T14:49:42.901+0000] {dag.py:4180} INFO - Setting next_dagrun for dataset_s3_bucket_consumer to None, run_after=None
[2025-09-29T14:49:42.902+0000] {logging_mixin.py:190} INFO - [2025-09-29T14:49:42.902+0000] {dag.py:4180} INFO - Setting next_dagrun for dataset_s3_bucket_producer to None, run_after=None
[2025-09-29T14:49:42.924+0000] {processor.py:208} INFO - Processing /home/airflow/.local/lib/python3.12/site-packages/airflow/example_dags/example_dataset_alias.py took 0.135 seconds
[2025-09-29T14:50:13.048+0000] {processor.py:186} INFO - Started process (PID=2083) to work on /home/airflow/.local/lib/python3.12/site-packages/airflow/example_dags/example_dataset_alias.py
[2025-09-29T14:50:13.049+0000] {processor.py:914} INFO - Processing file /home/airflow/.local/lib/python3.12/site-packages/airflow/example_dags/example_dataset_alias.py for tasks to queue
[2025-09-29T14:50:13.050+0000] {logging_mixin.py:190} INFO - [2025-09-29T14:50:13.050+0000] {dagbag.py:588} INFO - Filling up the DagBag from /home/airflow/.local/lib/python3.12/site-packages/airflow/example_dags/example_dataset_alias.py
[2025-09-29T14:50:13.130+0000] {processor.py:925} INFO - DAG(s) 'dataset_alias_example_alias_producer', 'dataset_alias_example_alias_consumer', 'dataset_s3_bucket_producer', 'dataset_s3_bucket_consumer' retrieved from /home/airflow/.local/lib/python3.12/site-packages/airflow/example_dags/example_dataset_alias.py
[2025-09-29T14:50:13.148+0000] {logging_mixin.py:190} INFO - [2025-09-29T14:50:13.147+0000] {dag.py:3239} INFO - Sync 4 DAGs
[2025-09-29T14:50:13.159+0000] {logging_mixin.py:190} INFO - [2025-09-29T14:50:13.159+0000] {dag.py:4180} INFO - Setting next_dagrun for dataset_alias_example_alias_consumer to None, run_after=None
[2025-09-29T14:50:13.162+0000] {logging_mixin.py:190} INFO - [2025-09-29T14:50:13.161+0000] {dag.py:4180} INFO - Setting next_dagrun for dataset_alias_example_alias_producer to None, run_after=None
[2025-09-29T14:50:13.162+0000] {logging_mixin.py:190} INFO - [2025-09-29T14:50:13.162+0000] {dag.py:4180} INFO - Setting next_dagrun for dataset_s3_bucket_consumer to None, run_after=None
[2025-09-29T14:50:13.164+0000] {logging_mixin.py:190} INFO - [2025-09-29T14:50:13.164+0000] {dag.py:4180} INFO - Setting next_dagrun for dataset_s3_bucket_producer to None, run_after=None
[2025-09-29T14:50:13.179+0000] {processor.py:208} INFO - Processing /home/airflow/.local/lib/python3.12/site-packages/airflow/example_dags/example_dataset_alias.py took 0.134 seconds
[2025-09-29T14:50:43.410+0000] {processor.py:186} INFO - Started process (PID=2147) to work on /home/airflow/.local/lib/python3.12/site-packages/airflow/example_dags/example_dataset_alias.py
[2025-09-29T14:50:43.413+0000] {processor.py:914} INFO - Processing file /home/airflow/.local/lib/python3.12/site-packages/airflow/example_dags/example_dataset_alias.py for tasks to queue
[2025-09-29T14:50:43.414+0000] {logging_mixin.py:190} INFO - [2025-09-29T14:50:43.414+0000] {dagbag.py:588} INFO - Filling up the DagBag from /home/airflow/.local/lib/python3.12/site-packages/airflow/example_dags/example_dataset_alias.py
[2025-09-29T14:50:43.490+0000] {processor.py:925} INFO - DAG(s) 'dataset_s3_bucket_consumer', 'dataset_alias_example_alias_producer', 'dataset_alias_example_alias_consumer', 'dataset_s3_bucket_producer' retrieved from /home/airflow/.local/lib/python3.12/site-packages/airflow/example_dags/example_dataset_alias.py
[2025-09-29T14:50:43.506+0000] {logging_mixin.py:190} INFO - [2025-09-29T14:50:43.506+0000] {dag.py:3239} INFO - Sync 4 DAGs
[2025-09-29T14:50:43.517+0000] {logging_mixin.py:190} INFO - [2025-09-29T14:50:43.517+0000] {dag.py:4180} INFO - Setting next_dagrun for dataset_alias_example_alias_consumer to None, run_after=None
[2025-09-29T14:50:43.522+0000] {logging_mixin.py:190} INFO - [2025-09-29T14:50:43.522+0000] {dag.py:4180} INFO - Setting next_dagrun for dataset_alias_example_alias_producer to None, run_after=None
[2025-09-29T14:50:43.523+0000] {logging_mixin.py:190} INFO - [2025-09-29T14:50:43.523+0000] {dag.py:4180} INFO - Setting next_dagrun for dataset_s3_bucket_consumer to None, run_after=None
[2025-09-29T14:50:43.524+0000] {logging_mixin.py:190} INFO - [2025-09-29T14:50:43.524+0000] {dag.py:4180} INFO - Setting next_dagrun for dataset_s3_bucket_producer to None, run_after=None
[2025-09-29T14:50:43.536+0000] {processor.py:208} INFO - Processing /home/airflow/.local/lib/python3.12/site-packages/airflow/example_dags/example_dataset_alias.py took 0.130 seconds
[2025-09-29T14:51:13.633+0000] {processor.py:186} INFO - Started process (PID=2211) to work on /home/airflow/.local/lib/python3.12/site-packages/airflow/example_dags/example_dataset_alias.py
[2025-09-29T14:51:13.634+0000] {processor.py:914} INFO - Processing file /home/airflow/.local/lib/python3.12/site-packages/airflow/example_dags/example_dataset_alias.py for tasks to queue
[2025-09-29T14:51:13.635+0000] {logging_mixin.py:190} INFO - [2025-09-29T14:51:13.635+0000] {dagbag.py:588} INFO - Filling up the DagBag from /home/airflow/.local/lib/python3.12/site-packages/airflow/example_dags/example_dataset_alias.py
[2025-09-29T14:51:13.716+0000] {processor.py:925} INFO - DAG(s) 'dataset_alias_example_alias_producer', 'dataset_s3_bucket_producer', 'dataset_alias_example_alias_consumer', 'dataset_s3_bucket_consumer' retrieved from /home/airflow/.local/lib/python3.12/site-packages/airflow/example_dags/example_dataset_alias.py
[2025-09-29T14:51:13.729+0000] {logging_mixin.py:190} INFO - [2025-09-29T14:51:13.729+0000] {dag.py:3239} INFO - Sync 4 DAGs
[2025-09-29T14:51:13.740+0000] {logging_mixin.py:190} INFO - [2025-09-29T14:51:13.740+0000] {dag.py:4180} INFO - Setting next_dagrun for dataset_alias_example_alias_consumer to None, run_after=None
[2025-09-29T14:51:13.742+0000] {logging_mixin.py:190} INFO - [2025-09-29T14:51:13.742+0000] {dag.py:4180} INFO - Setting next_dagrun for dataset_alias_example_alias_producer to None, run_after=None
[2025-09-29T14:51:13.744+0000] {logging_mixin.py:190} INFO - [2025-09-29T14:51:13.743+0000] {dag.py:4180} INFO - Setting next_dagrun for dataset_s3_bucket_consumer to None, run_after=None
[2025-09-29T14:51:13.744+0000] {logging_mixin.py:190} INFO - [2025-09-29T14:51:13.744+0000] {dag.py:4180} INFO - Setting next_dagrun for dataset_s3_bucket_producer to None, run_after=None
[2025-09-29T14:51:13.755+0000] {processor.py:208} INFO - Processing /home/airflow/.local/lib/python3.12/site-packages/airflow/example_dags/example_dataset_alias.py took 0.126 seconds
[2025-09-29T14:51:43.992+0000] {processor.py:186} INFO - Started process (PID=2275) to work on /home/airflow/.local/lib/python3.12/site-packages/airflow/example_dags/example_dataset_alias.py
[2025-09-29T14:51:43.995+0000] {processor.py:914} INFO - Processing file /home/airflow/.local/lib/python3.12/site-packages/airflow/example_dags/example_dataset_alias.py for tasks to queue
[2025-09-29T14:51:43.997+0000] {logging_mixin.py:190} INFO - [2025-09-29T14:51:43.996+0000] {dagbag.py:588} INFO - Filling up the DagBag from /home/airflow/.local/lib/python3.12/site-packages/airflow/example_dags/example_dataset_alias.py
[2025-09-29T14:51:44.076+0000] {processor.py:925} INFO - DAG(s) 'dataset_s3_bucket_consumer', 'dataset_alias_example_alias_consumer', 'dataset_s3_bucket_producer', 'dataset_alias_example_alias_producer' retrieved from /home/airflow/.local/lib/python3.12/site-packages/airflow/example_dags/example_dataset_alias.py
[2025-09-29T14:51:44.095+0000] {logging_mixin.py:190} INFO - [2025-09-29T14:51:44.095+0000] {dag.py:3239} INFO - Sync 4 DAGs
[2025-09-29T14:51:44.108+0000] {logging_mixin.py:190} INFO - [2025-09-29T14:51:44.108+0000] {dag.py:4180} INFO - Setting next_dagrun for dataset_alias_example_alias_consumer to None, run_after=None
[2025-09-29T14:51:44.110+0000] {logging_mixin.py:190} INFO - [2025-09-29T14:51:44.110+0000] {dag.py:4180} INFO - Setting next_dagrun for dataset_alias_example_alias_producer to None, run_after=None
[2025-09-29T14:51:44.112+0000] {logging_mixin.py:190} INFO - [2025-09-29T14:51:44.111+0000] {dag.py:4180} INFO - Setting next_dagrun for dataset_s3_bucket_consumer to None, run_after=None
[2025-09-29T14:51:44.112+0000] {logging_mixin.py:190} INFO - [2025-09-29T14:51:44.112+0000] {dag.py:4180} INFO - Setting next_dagrun for dataset_s3_bucket_producer to None, run_after=None
[2025-09-29T14:51:44.129+0000] {processor.py:208} INFO - Processing /home/airflow/.local/lib/python3.12/site-packages/airflow/example_dags/example_dataset_alias.py took 0.140 seconds
[2025-09-29T14:52:14.270+0000] {processor.py:186} INFO - Started process (PID=2338) to work on /home/airflow/.local/lib/python3.12/site-packages/airflow/example_dags/example_dataset_alias.py
[2025-09-29T14:52:14.271+0000] {processor.py:914} INFO - Processing file /home/airflow/.local/lib/python3.12/site-packages/airflow/example_dags/example_dataset_alias.py for tasks to queue
[2025-09-29T14:52:14.272+0000] {logging_mixin.py:190} INFO - [2025-09-29T14:52:14.271+0000] {dagbag.py:588} INFO - Filling up the DagBag from /home/airflow/.local/lib/python3.12/site-packages/airflow/example_dags/example_dataset_alias.py
[2025-09-29T14:52:14.350+0000] {processor.py:925} INFO - DAG(s) 'dataset_s3_bucket_producer', 'dataset_alias_example_alias_consumer', 'dataset_s3_bucket_consumer', 'dataset_alias_example_alias_producer' retrieved from /home/airflow/.local/lib/python3.12/site-packages/airflow/example_dags/example_dataset_alias.py
[2025-09-29T14:52:14.362+0000] {logging_mixin.py:190} INFO - [2025-09-29T14:52:14.362+0000] {dag.py:3239} INFO - Sync 4 DAGs
[2025-09-29T14:52:14.373+0000] {logging_mixin.py:190} INFO - [2025-09-29T14:52:14.373+0000] {dag.py:4180} INFO - Setting next_dagrun for dataset_alias_example_alias_consumer to None, run_after=None
[2025-09-29T14:52:14.375+0000] {logging_mixin.py:190} INFO - [2025-09-29T14:52:14.375+0000] {dag.py:4180} INFO - Setting next_dagrun for dataset_alias_example_alias_producer to None, run_after=None
[2025-09-29T14:52:14.376+0000] {logging_mixin.py:190} INFO - [2025-09-29T14:52:14.376+0000] {dag.py:4180} INFO - Setting next_dagrun for dataset_s3_bucket_consumer to None, run_after=None
[2025-09-29T14:52:14.378+0000] {logging_mixin.py:190} INFO - [2025-09-29T14:52:14.378+0000] {dag.py:4180} INFO - Setting next_dagrun for dataset_s3_bucket_producer to None, run_after=None
[2025-09-29T14:52:14.392+0000] {processor.py:208} INFO - Processing /home/airflow/.local/lib/python3.12/site-packages/airflow/example_dags/example_dataset_alias.py took 0.125 seconds
[2025-09-29T14:52:44.471+0000] {processor.py:186} INFO - Started process (PID=2401) to work on /home/airflow/.local/lib/python3.12/site-packages/airflow/example_dags/example_dataset_alias.py
[2025-09-29T14:52:44.471+0000] {processor.py:914} INFO - Processing file /home/airflow/.local/lib/python3.12/site-packages/airflow/example_dags/example_dataset_alias.py for tasks to queue
[2025-09-29T14:52:44.472+0000] {logging_mixin.py:190} INFO - [2025-09-29T14:52:44.472+0000] {dagbag.py:588} INFO - Filling up the DagBag from /home/airflow/.local/lib/python3.12/site-packages/airflow/example_dags/example_dataset_alias.py
[2025-09-29T14:52:44.548+0000] {processor.py:925} INFO - DAG(s) 'dataset_s3_bucket_consumer', 'dataset_alias_example_alias_consumer', 'dataset_alias_example_alias_producer', 'dataset_s3_bucket_producer' retrieved from /home/airflow/.local/lib/python3.12/site-packages/airflow/example_dags/example_dataset_alias.py
[2025-09-29T14:52:44.558+0000] {logging_mixin.py:190} INFO - [2025-09-29T14:52:44.558+0000] {dag.py:3239} INFO - Sync 4 DAGs
[2025-09-29T14:52:44.569+0000] {logging_mixin.py:190} INFO - [2025-09-29T14:52:44.569+0000] {dag.py:4180} INFO - Setting next_dagrun for dataset_alias_example_alias_consumer to None, run_after=None
[2025-09-29T14:52:44.570+0000] {logging_mixin.py:190} INFO - [2025-09-29T14:52:44.570+0000] {dag.py:4180} INFO - Setting next_dagrun for dataset_alias_example_alias_producer to None, run_after=None
[2025-09-29T14:52:44.571+0000] {logging_mixin.py:190} INFO - [2025-09-29T14:52:44.571+0000] {dag.py:4180} INFO - Setting next_dagrun for dataset_s3_bucket_consumer to None, run_after=None
[2025-09-29T14:52:44.572+0000] {logging_mixin.py:190} INFO - [2025-09-29T14:52:44.572+0000] {dag.py:4180} INFO - Setting next_dagrun for dataset_s3_bucket_producer to None, run_after=None
[2025-09-29T14:52:44.581+0000] {processor.py:208} INFO - Processing /home/airflow/.local/lib/python3.12/site-packages/airflow/example_dags/example_dataset_alias.py took 0.114 seconds
[2025-09-29T14:53:14.663+0000] {processor.py:186} INFO - Started process (PID=2464) to work on /home/airflow/.local/lib/python3.12/site-packages/airflow/example_dags/example_dataset_alias.py
[2025-09-29T14:53:14.664+0000] {processor.py:914} INFO - Processing file /home/airflow/.local/lib/python3.12/site-packages/airflow/example_dags/example_dataset_alias.py for tasks to queue
[2025-09-29T14:53:14.665+0000] {logging_mixin.py:190} INFO - [2025-09-29T14:53:14.664+0000] {dagbag.py:588} INFO - Filling up the DagBag from /home/airflow/.local/lib/python3.12/site-packages/airflow/example_dags/example_dataset_alias.py
[2025-09-29T14:53:14.740+0000] {processor.py:925} INFO - DAG(s) 'dataset_s3_bucket_consumer', 'dataset_alias_example_alias_consumer', 'dataset_alias_example_alias_producer', 'dataset_s3_bucket_producer' retrieved from /home/airflow/.local/lib/python3.12/site-packages/airflow/example_dags/example_dataset_alias.py
[2025-09-29T14:53:14.754+0000] {logging_mixin.py:190} INFO - [2025-09-29T14:53:14.754+0000] {dag.py:3239} INFO - Sync 4 DAGs
[2025-09-29T14:53:14.766+0000] {logging_mixin.py:190} INFO - [2025-09-29T14:53:14.766+0000] {dag.py:4180} INFO - Setting next_dagrun for dataset_alias_example_alias_consumer to None, run_after=None
[2025-09-29T14:53:14.771+0000] {logging_mixin.py:190} INFO - [2025-09-29T14:53:14.771+0000] {dag.py:4180} INFO - Setting next_dagrun for dataset_alias_example_alias_producer to None, run_after=None
[2025-09-29T14:53:14.772+0000] {logging_mixin.py:190} INFO - [2025-09-29T14:53:14.772+0000] {dag.py:4180} INFO - Setting next_dagrun for dataset_s3_bucket_consumer to None, run_after=None
[2025-09-29T14:53:14.772+0000] {logging_mixin.py:190} INFO - [2025-09-29T14:53:14.772+0000] {dag.py:4180} INFO - Setting next_dagrun for dataset_s3_bucket_producer to None, run_after=None
[2025-09-29T14:53:14.782+0000] {processor.py:208} INFO - Processing /home/airflow/.local/lib/python3.12/site-packages/airflow/example_dags/example_dataset_alias.py took 0.122 seconds
[2025-09-29T14:53:44.934+0000] {processor.py:186} INFO - Started process (PID=2527) to work on /home/airflow/.local/lib/python3.12/site-packages/airflow/example_dags/example_dataset_alias.py
[2025-09-29T14:53:44.935+0000] {processor.py:914} INFO - Processing file /home/airflow/.local/lib/python3.12/site-packages/airflow/example_dags/example_dataset_alias.py for tasks to queue
[2025-09-29T14:53:44.939+0000] {logging_mixin.py:190} INFO - [2025-09-29T14:53:44.938+0000] {dagbag.py:588} INFO - Filling up the DagBag from /home/airflow/.local/lib/python3.12/site-packages/airflow/example_dags/example_dataset_alias.py
[2025-09-29T14:53:45.013+0000] {processor.py:925} INFO - DAG(s) 'dataset_s3_bucket_consumer', 'dataset_alias_example_alias_consumer', 'dataset_alias_example_alias_producer', 'dataset_s3_bucket_producer' retrieved from /home/airflow/.local/lib/python3.12/site-packages/airflow/example_dags/example_dataset_alias.py
[2025-09-29T14:53:45.025+0000] {logging_mixin.py:190} INFO - [2025-09-29T14:53:45.025+0000] {dag.py:3239} INFO - Sync 4 DAGs
[2025-09-29T14:53:45.038+0000] {logging_mixin.py:190} INFO - [2025-09-29T14:53:45.037+0000] {dag.py:4180} INFO - Setting next_dagrun for dataset_alias_example_alias_consumer to None, run_after=None
[2025-09-29T14:53:45.039+0000] {logging_mixin.py:190} INFO - [2025-09-29T14:53:45.039+0000] {dag.py:4180} INFO - Setting next_dagrun for dataset_alias_example_alias_producer to None, run_after=None
[2025-09-29T14:53:45.039+0000] {logging_mixin.py:190} INFO - [2025-09-29T14:53:45.039+0000] {dag.py:4180} INFO - Setting next_dagrun for dataset_s3_bucket_consumer to None, run_after=None
[2025-09-29T14:53:45.040+0000] {logging_mixin.py:190} INFO - [2025-09-29T14:53:45.040+0000] {dag.py:4180} INFO - Setting next_dagrun for dataset_s3_bucket_producer to None, run_after=None
[2025-09-29T14:53:45.051+0000] {processor.py:208} INFO - Processing /home/airflow/.local/lib/python3.12/site-packages/airflow/example_dags/example_dataset_alias.py took 0.120 seconds
[2025-09-29T14:54:15.189+0000] {processor.py:186} INFO - Started process (PID=2590) to work on /home/airflow/.local/lib/python3.12/site-packages/airflow/example_dags/example_dataset_alias.py
[2025-09-29T14:54:15.189+0000] {processor.py:914} INFO - Processing file /home/airflow/.local/lib/python3.12/site-packages/airflow/example_dags/example_dataset_alias.py for tasks to queue
[2025-09-29T14:54:15.190+0000] {logging_mixin.py:190} INFO - [2025-09-29T14:54:15.190+0000] {dagbag.py:588} INFO - Filling up the DagBag from /home/airflow/.local/lib/python3.12/site-packages/airflow/example_dags/example_dataset_alias.py
[2025-09-29T14:54:15.264+0000] {processor.py:925} INFO - DAG(s) 'dataset_s3_bucket_producer', 'dataset_alias_example_alias_consumer', 'dataset_alias_example_alias_producer', 'dataset_s3_bucket_consumer' retrieved from /home/airflow/.local/lib/python3.12/site-packages/airflow/example_dags/example_dataset_alias.py
[2025-09-29T14:54:15.274+0000] {logging_mixin.py:190} INFO - [2025-09-29T14:54:15.274+0000] {dag.py:3239} INFO - Sync 4 DAGs
[2025-09-29T14:54:15.286+0000] {logging_mixin.py:190} INFO - [2025-09-29T14:54:15.286+0000] {dag.py:4180} INFO - Setting next_dagrun for dataset_alias_example_alias_consumer to None, run_after=None
[2025-09-29T14:54:15.287+0000] {logging_mixin.py:190} INFO - [2025-09-29T14:54:15.287+0000] {dag.py:4180} INFO - Setting next_dagrun for dataset_alias_example_alias_producer to None, run_after=None
[2025-09-29T14:54:15.289+0000] {logging_mixin.py:190} INFO - [2025-09-29T14:54:15.289+0000] {dag.py:4180} INFO - Setting next_dagrun for dataset_s3_bucket_consumer to None, run_after=None
[2025-09-29T14:54:15.290+0000] {logging_mixin.py:190} INFO - [2025-09-29T14:54:15.290+0000] {dag.py:4180} INFO - Setting next_dagrun for dataset_s3_bucket_producer to None, run_after=None
[2025-09-29T14:54:15.301+0000] {processor.py:208} INFO - Processing /home/airflow/.local/lib/python3.12/site-packages/airflow/example_dags/example_dataset_alias.py took 0.115 seconds
[2025-09-29T14:54:45.615+0000] {processor.py:186} INFO - Started process (PID=2653) to work on /home/airflow/.local/lib/python3.12/site-packages/airflow/example_dags/example_dataset_alias.py
[2025-09-29T14:54:45.618+0000] {processor.py:914} INFO - Processing file /home/airflow/.local/lib/python3.12/site-packages/airflow/example_dags/example_dataset_alias.py for tasks to queue
[2025-09-29T14:54:45.619+0000] {logging_mixin.py:190} INFO - [2025-09-29T14:54:45.619+0000] {dagbag.py:588} INFO - Filling up the DagBag from /home/airflow/.local/lib/python3.12/site-packages/airflow/example_dags/example_dataset_alias.py
[2025-09-29T14:54:45.694+0000] {processor.py:925} INFO - DAG(s) 'dataset_alias_example_alias_producer', 'dataset_s3_bucket_producer', 'dataset_s3_bucket_consumer', 'dataset_alias_example_alias_consumer' retrieved from /home/airflow/.local/lib/python3.12/site-packages/airflow/example_dags/example_dataset_alias.py
[2025-09-29T14:54:45.707+0000] {logging_mixin.py:190} INFO - [2025-09-29T14:54:45.707+0000] {dag.py:3239} INFO - Sync 4 DAGs
[2025-09-29T14:54:45.719+0000] {logging_mixin.py:190} INFO - [2025-09-29T14:54:45.719+0000] {dag.py:4180} INFO - Setting next_dagrun for dataset_alias_example_alias_consumer to None, run_after=None
[2025-09-29T14:54:45.721+0000] {logging_mixin.py:190} INFO - [2025-09-29T14:54:45.721+0000] {dag.py:4180} INFO - Setting next_dagrun for dataset_alias_example_alias_producer to None, run_after=None
[2025-09-29T14:54:45.721+0000] {logging_mixin.py:190} INFO - [2025-09-29T14:54:45.721+0000] {dag.py:4180} INFO - Setting next_dagrun for dataset_s3_bucket_consumer to None, run_after=None
[2025-09-29T14:54:45.722+0000] {logging_mixin.py:190} INFO - [2025-09-29T14:54:45.722+0000] {dag.py:4180} INFO - Setting next_dagrun for dataset_s3_bucket_producer to None, run_after=None
[2025-09-29T14:54:45.734+0000] {processor.py:208} INFO - Processing /home/airflow/.local/lib/python3.12/site-packages/airflow/example_dags/example_dataset_alias.py took 0.122 seconds
[2025-09-29T14:55:16.055+0000] {processor.py:186} INFO - Started process (PID=2716) to work on /home/airflow/.local/lib/python3.12/site-packages/airflow/example_dags/example_dataset_alias.py
[2025-09-29T14:55:16.058+0000] {processor.py:914} INFO - Processing file /home/airflow/.local/lib/python3.12/site-packages/airflow/example_dags/example_dataset_alias.py for tasks to queue
[2025-09-29T14:55:16.059+0000] {logging_mixin.py:190} INFO - [2025-09-29T14:55:16.058+0000] {dagbag.py:588} INFO - Filling up the DagBag from /home/airflow/.local/lib/python3.12/site-packages/airflow/example_dags/example_dataset_alias.py
[2025-09-29T14:55:16.134+0000] {processor.py:925} INFO - DAG(s) 'dataset_s3_bucket_consumer', 'dataset_alias_example_alias_consumer', 'dataset_alias_example_alias_producer', 'dataset_s3_bucket_producer' retrieved from /home/airflow/.local/lib/python3.12/site-packages/airflow/example_dags/example_dataset_alias.py
[2025-09-29T14:55:16.148+0000] {logging_mixin.py:190} INFO - [2025-09-29T14:55:16.147+0000] {dag.py:3239} INFO - Sync 4 DAGs
[2025-09-29T14:55:16.270+0000] {logging_mixin.py:190} INFO - [2025-09-29T14:55:16.270+0000] {dag.py:4180} INFO - Setting next_dagrun for dataset_alias_example_alias_consumer to None, run_after=None
[2025-09-29T14:55:16.275+0000] {logging_mixin.py:190} INFO - [2025-09-29T14:55:16.275+0000] {dag.py:4180} INFO - Setting next_dagrun for dataset_alias_example_alias_producer to None, run_after=None
[2025-09-29T14:55:16.275+0000] {logging_mixin.py:190} INFO - [2025-09-29T14:55:16.275+0000] {dag.py:4180} INFO - Setting next_dagrun for dataset_s3_bucket_consumer to None, run_after=None
[2025-09-29T14:55:16.276+0000] {logging_mixin.py:190} INFO - [2025-09-29T14:55:16.276+0000] {dag.py:4180} INFO - Setting next_dagrun for dataset_s3_bucket_producer to None, run_after=None
[2025-09-29T14:55:16.285+0000] {processor.py:208} INFO - Processing /home/airflow/.local/lib/python3.12/site-packages/airflow/example_dags/example_dataset_alias.py took 0.233 seconds
[2025-09-29T14:55:46.473+0000] {processor.py:186} INFO - Started process (PID=2778) to work on /home/airflow/.local/lib/python3.12/site-packages/airflow/example_dags/example_dataset_alias.py
[2025-09-29T14:55:46.474+0000] {processor.py:914} INFO - Processing file /home/airflow/.local/lib/python3.12/site-packages/airflow/example_dags/example_dataset_alias.py for tasks to queue
[2025-09-29T14:55:46.474+0000] {logging_mixin.py:190} INFO - [2025-09-29T14:55:46.474+0000] {dagbag.py:588} INFO - Filling up the DagBag from /home/airflow/.local/lib/python3.12/site-packages/airflow/example_dags/example_dataset_alias.py
[2025-09-29T14:55:46.548+0000] {processor.py:925} INFO - DAG(s) 'dataset_s3_bucket_consumer', 'dataset_alias_example_alias_consumer', 'dataset_s3_bucket_producer', 'dataset_alias_example_alias_producer' retrieved from /home/airflow/.local/lib/python3.12/site-packages/airflow/example_dags/example_dataset_alias.py
[2025-09-29T14:55:46.557+0000] {logging_mixin.py:190} INFO - [2025-09-29T14:55:46.556+0000] {dag.py:3239} INFO - Sync 4 DAGs
[2025-09-29T14:55:46.662+0000] {logging_mixin.py:190} INFO - [2025-09-29T14:55:46.662+0000] {dag.py:4180} INFO - Setting next_dagrun for dataset_alias_example_alias_consumer to None, run_after=None
[2025-09-29T14:55:46.664+0000] {logging_mixin.py:190} INFO - [2025-09-29T14:55:46.664+0000] {dag.py:4180} INFO - Setting next_dagrun for dataset_alias_example_alias_producer to None, run_after=None
[2025-09-29T14:55:46.664+0000] {logging_mixin.py:190} INFO - [2025-09-29T14:55:46.664+0000] {dag.py:4180} INFO - Setting next_dagrun for dataset_s3_bucket_consumer to None, run_after=None
[2025-09-29T14:55:46.665+0000] {logging_mixin.py:190} INFO - [2025-09-29T14:55:46.665+0000] {dag.py:4180} INFO - Setting next_dagrun for dataset_s3_bucket_producer to None, run_after=None
[2025-09-29T14:55:46.673+0000] {processor.py:208} INFO - Processing /home/airflow/.local/lib/python3.12/site-packages/airflow/example_dags/example_dataset_alias.py took 0.203 seconds
[2025-09-29T14:56:16.981+0000] {processor.py:186} INFO - Started process (PID=2841) to work on /home/airflow/.local/lib/python3.12/site-packages/airflow/example_dags/example_dataset_alias.py
[2025-09-29T14:56:16.982+0000] {processor.py:914} INFO - Processing file /home/airflow/.local/lib/python3.12/site-packages/airflow/example_dags/example_dataset_alias.py for tasks to queue
[2025-09-29T14:56:16.983+0000] {logging_mixin.py:190} INFO - [2025-09-29T14:56:16.982+0000] {dagbag.py:588} INFO - Filling up the DagBag from /home/airflow/.local/lib/python3.12/site-packages/airflow/example_dags/example_dataset_alias.py
[2025-09-29T14:56:17.070+0000] {processor.py:925} INFO - DAG(s) 'dataset_alias_example_alias_consumer', 'dataset_s3_bucket_consumer', 'dataset_s3_bucket_producer', 'dataset_alias_example_alias_producer' retrieved from /home/airflow/.local/lib/python3.12/site-packages/airflow/example_dags/example_dataset_alias.py
[2025-09-29T14:56:17.079+0000] {logging_mixin.py:190} INFO - [2025-09-29T14:56:17.079+0000] {dag.py:3239} INFO - Sync 4 DAGs
[2025-09-29T14:56:17.196+0000] {logging_mixin.py:190} INFO - [2025-09-29T14:56:17.196+0000] {dag.py:4180} INFO - Setting next_dagrun for dataset_alias_example_alias_consumer to None, run_after=None
[2025-09-29T14:56:17.200+0000] {logging_mixin.py:190} INFO - [2025-09-29T14:56:17.200+0000] {dag.py:4180} INFO - Setting next_dagrun for dataset_alias_example_alias_producer to None, run_after=None
[2025-09-29T14:56:17.202+0000] {logging_mixin.py:190} INFO - [2025-09-29T14:56:17.202+0000] {dag.py:4180} INFO - Setting next_dagrun for dataset_s3_bucket_consumer to None, run_after=None
[2025-09-29T14:56:17.203+0000] {logging_mixin.py:190} INFO - [2025-09-29T14:56:17.203+0000] {dag.py:4180} INFO - Setting next_dagrun for dataset_s3_bucket_producer to None, run_after=None
[2025-09-29T14:56:17.216+0000] {processor.py:208} INFO - Processing /home/airflow/.local/lib/python3.12/site-packages/airflow/example_dags/example_dataset_alias.py took 0.238 seconds
[2025-09-29T14:56:47.430+0000] {processor.py:186} INFO - Started process (PID=2906) to work on /home/airflow/.local/lib/python3.12/site-packages/airflow/example_dags/example_dataset_alias.py
[2025-09-29T14:56:47.432+0000] {processor.py:914} INFO - Processing file /home/airflow/.local/lib/python3.12/site-packages/airflow/example_dags/example_dataset_alias.py for tasks to queue
[2025-09-29T14:56:47.433+0000] {logging_mixin.py:190} INFO - [2025-09-29T14:56:47.433+0000] {dagbag.py:588} INFO - Filling up the DagBag from /home/airflow/.local/lib/python3.12/site-packages/airflow/example_dags/example_dataset_alias.py
[2025-09-29T14:56:47.510+0000] {processor.py:925} INFO - DAG(s) 'dataset_alias_example_alias_producer', 'dataset_s3_bucket_producer', 'dataset_s3_bucket_consumer', 'dataset_alias_example_alias_consumer' retrieved from /home/airflow/.local/lib/python3.12/site-packages/airflow/example_dags/example_dataset_alias.py
[2025-09-29T14:56:47.520+0000] {logging_mixin.py:190} INFO - [2025-09-29T14:56:47.520+0000] {dag.py:3239} INFO - Sync 4 DAGs
[2025-09-29T14:56:47.639+0000] {logging_mixin.py:190} INFO - [2025-09-29T14:56:47.639+0000] {dag.py:4180} INFO - Setting next_dagrun for dataset_alias_example_alias_consumer to None, run_after=None
[2025-09-29T14:56:47.641+0000] {logging_mixin.py:190} INFO - [2025-09-29T14:56:47.641+0000] {dag.py:4180} INFO - Setting next_dagrun for dataset_alias_example_alias_producer to None, run_after=None
[2025-09-29T14:56:47.641+0000] {logging_mixin.py:190} INFO - [2025-09-29T14:56:47.641+0000] {dag.py:4180} INFO - Setting next_dagrun for dataset_s3_bucket_consumer to None, run_after=None
[2025-09-29T14:56:47.642+0000] {logging_mixin.py:190} INFO - [2025-09-29T14:56:47.642+0000] {dag.py:4180} INFO - Setting next_dagrun for dataset_s3_bucket_producer to None, run_after=None
[2025-09-29T14:56:47.652+0000] {processor.py:208} INFO - Processing /home/airflow/.local/lib/python3.12/site-packages/airflow/example_dags/example_dataset_alias.py took 0.225 seconds
[2025-09-29T14:57:17.925+0000] {processor.py:186} INFO - Started process (PID=2967) to work on /home/airflow/.local/lib/python3.12/site-packages/airflow/example_dags/example_dataset_alias.py
[2025-09-29T14:57:17.929+0000] {processor.py:914} INFO - Processing file /home/airflow/.local/lib/python3.12/site-packages/airflow/example_dags/example_dataset_alias.py for tasks to queue
[2025-09-29T14:57:17.930+0000] {logging_mixin.py:190} INFO - [2025-09-29T14:57:17.930+0000] {dagbag.py:588} INFO - Filling up the DagBag from /home/airflow/.local/lib/python3.12/site-packages/airflow/example_dags/example_dataset_alias.py
[2025-09-29T14:57:18.006+0000] {processor.py:925} INFO - DAG(s) 'dataset_alias_example_alias_consumer', 'dataset_s3_bucket_consumer', 'dataset_s3_bucket_producer', 'dataset_alias_example_alias_producer' retrieved from /home/airflow/.local/lib/python3.12/site-packages/airflow/example_dags/example_dataset_alias.py
[2025-09-29T14:57:18.019+0000] {logging_mixin.py:190} INFO - [2025-09-29T14:57:18.019+0000] {dag.py:3239} INFO - Sync 4 DAGs
[2025-09-29T14:57:18.031+0000] {logging_mixin.py:190} INFO - [2025-09-29T14:57:18.031+0000] {dag.py:4180} INFO - Setting next_dagrun for dataset_alias_example_alias_consumer to None, run_after=None
[2025-09-29T14:57:18.033+0000] {logging_mixin.py:190} INFO - [2025-09-29T14:57:18.033+0000] {dag.py:4180} INFO - Setting next_dagrun for dataset_alias_example_alias_producer to None, run_after=None
[2025-09-29T14:57:18.034+0000] {logging_mixin.py:190} INFO - [2025-09-29T14:57:18.033+0000] {dag.py:4180} INFO - Setting next_dagrun for dataset_s3_bucket_consumer to None, run_after=None
[2025-09-29T14:57:18.034+0000] {logging_mixin.py:190} INFO - [2025-09-29T14:57:18.034+0000] {dag.py:4180} INFO - Setting next_dagrun for dataset_s3_bucket_producer to None, run_after=None
[2025-09-29T14:57:18.154+0000] {processor.py:208} INFO - Processing /home/airflow/.local/lib/python3.12/site-packages/airflow/example_dags/example_dataset_alias.py took 0.232 seconds
[2025-09-29T14:57:48.609+0000] {processor.py:186} INFO - Started process (PID=3030) to work on /home/airflow/.local/lib/python3.12/site-packages/airflow/example_dags/example_dataset_alias.py
[2025-09-29T14:57:48.609+0000] {processor.py:914} INFO - Processing file /home/airflow/.local/lib/python3.12/site-packages/airflow/example_dags/example_dataset_alias.py for tasks to queue
[2025-09-29T14:57:48.610+0000] {logging_mixin.py:190} INFO - [2025-09-29T14:57:48.610+0000] {dagbag.py:588} INFO - Filling up the DagBag from /home/airflow/.local/lib/python3.12/site-packages/airflow/example_dags/example_dataset_alias.py
[2025-09-29T14:57:48.798+0000] {processor.py:925} INFO - DAG(s) 'dataset_s3_bucket_consumer', 'dataset_alias_example_alias_producer', 'dataset_alias_example_alias_consumer', 'dataset_s3_bucket_producer' retrieved from /home/airflow/.local/lib/python3.12/site-packages/airflow/example_dags/example_dataset_alias.py
[2025-09-29T14:57:48.809+0000] {logging_mixin.py:190} INFO - [2025-09-29T14:57:48.809+0000] {dag.py:3239} INFO - Sync 4 DAGs
[2025-09-29T14:57:48.820+0000] {logging_mixin.py:190} INFO - [2025-09-29T14:57:48.819+0000] {dag.py:4180} INFO - Setting next_dagrun for dataset_alias_example_alias_consumer to None, run_after=None
[2025-09-29T14:57:48.821+0000] {logging_mixin.py:190} INFO - [2025-09-29T14:57:48.821+0000] {dag.py:4180} INFO - Setting next_dagrun for dataset_alias_example_alias_producer to None, run_after=None
[2025-09-29T14:57:48.822+0000] {logging_mixin.py:190} INFO - [2025-09-29T14:57:48.822+0000] {dag.py:4180} INFO - Setting next_dagrun for dataset_s3_bucket_consumer to None, run_after=None
[2025-09-29T14:57:48.822+0000] {logging_mixin.py:190} INFO - [2025-09-29T14:57:48.822+0000] {dag.py:4180} INFO - Setting next_dagrun for dataset_s3_bucket_producer to None, run_after=None
[2025-09-29T14:57:48.834+0000] {processor.py:208} INFO - Processing /home/airflow/.local/lib/python3.12/site-packages/airflow/example_dags/example_dataset_alias.py took 0.228 seconds
[2025-09-29T14:58:19.305+0000] {processor.py:186} INFO - Started process (PID=3092) to work on /home/airflow/.local/lib/python3.12/site-packages/airflow/example_dags/example_dataset_alias.py
[2025-09-29T14:58:19.306+0000] {processor.py:914} INFO - Processing file /home/airflow/.local/lib/python3.12/site-packages/airflow/example_dags/example_dataset_alias.py for tasks to queue
[2025-09-29T14:58:19.307+0000] {logging_mixin.py:190} INFO - [2025-09-29T14:58:19.306+0000] {dagbag.py:588} INFO - Filling up the DagBag from /home/airflow/.local/lib/python3.12/site-packages/airflow/example_dags/example_dataset_alias.py
[2025-09-29T14:58:19.490+0000] {processor.py:925} INFO - DAG(s) 'dataset_s3_bucket_producer', 'dataset_alias_example_alias_producer', 'dataset_alias_example_alias_consumer', 'dataset_s3_bucket_consumer' retrieved from /home/airflow/.local/lib/python3.12/site-packages/airflow/example_dags/example_dataset_alias.py
[2025-09-29T14:58:19.500+0000] {logging_mixin.py:190} INFO - [2025-09-29T14:58:19.500+0000] {dag.py:3239} INFO - Sync 4 DAGs
[2025-09-29T14:58:19.510+0000] {logging_mixin.py:190} INFO - [2025-09-29T14:58:19.510+0000] {dag.py:4180} INFO - Setting next_dagrun for dataset_alias_example_alias_consumer to None, run_after=None
[2025-09-29T14:58:19.511+0000] {logging_mixin.py:190} INFO - [2025-09-29T14:58:19.511+0000] {dag.py:4180} INFO - Setting next_dagrun for dataset_alias_example_alias_producer to None, run_after=None
[2025-09-29T14:58:19.512+0000] {logging_mixin.py:190} INFO - [2025-09-29T14:58:19.512+0000] {dag.py:4180} INFO - Setting next_dagrun for dataset_s3_bucket_consumer to None, run_after=None
[2025-09-29T14:58:19.513+0000] {logging_mixin.py:190} INFO - [2025-09-29T14:58:19.513+0000] {dag.py:4180} INFO - Setting next_dagrun for dataset_s3_bucket_producer to None, run_after=None
[2025-09-29T14:58:19.523+0000] {processor.py:208} INFO - Processing /home/airflow/.local/lib/python3.12/site-packages/airflow/example_dags/example_dataset_alias.py took 0.221 seconds
[2025-09-29T14:58:49.996+0000] {processor.py:186} INFO - Started process (PID=3155) to work on /home/airflow/.local/lib/python3.12/site-packages/airflow/example_dags/example_dataset_alias.py
[2025-09-29T14:58:49.996+0000] {processor.py:914} INFO - Processing file /home/airflow/.local/lib/python3.12/site-packages/airflow/example_dags/example_dataset_alias.py for tasks to queue
[2025-09-29T14:58:49.997+0000] {logging_mixin.py:190} INFO - [2025-09-29T14:58:49.997+0000] {dagbag.py:588} INFO - Filling up the DagBag from /home/airflow/.local/lib/python3.12/site-packages/airflow/example_dags/example_dataset_alias.py
[2025-09-29T14:58:50.161+0000] {processor.py:925} INFO - DAG(s) 'dataset_s3_bucket_producer', 'dataset_s3_bucket_consumer', 'dataset_alias_example_alias_consumer', 'dataset_alias_example_alias_producer' retrieved from /home/airflow/.local/lib/python3.12/site-packages/airflow/example_dags/example_dataset_alias.py
[2025-09-29T14:58:50.169+0000] {logging_mixin.py:190} INFO - [2025-09-29T14:58:50.169+0000] {dag.py:3239} INFO - Sync 4 DAGs
[2025-09-29T14:58:50.177+0000] {logging_mixin.py:190} INFO - [2025-09-29T14:58:50.177+0000] {dag.py:4180} INFO - Setting next_dagrun for dataset_alias_example_alias_consumer to None, run_after=None
[2025-09-29T14:58:50.178+0000] {logging_mixin.py:190} INFO - [2025-09-29T14:58:50.178+0000] {dag.py:4180} INFO - Setting next_dagrun for dataset_alias_example_alias_producer to None, run_after=None
[2025-09-29T14:58:50.179+0000] {logging_mixin.py:190} INFO - [2025-09-29T14:58:50.179+0000] {dag.py:4180} INFO - Setting next_dagrun for dataset_s3_bucket_consumer to None, run_after=None
[2025-09-29T14:58:50.179+0000] {logging_mixin.py:190} INFO - [2025-09-29T14:58:50.179+0000] {dag.py:4180} INFO - Setting next_dagrun for dataset_s3_bucket_producer to None, run_after=None
[2025-09-29T14:58:50.187+0000] {processor.py:208} INFO - Processing /home/airflow/.local/lib/python3.12/site-packages/airflow/example_dags/example_dataset_alias.py took 0.195 seconds
[2025-09-29T14:59:20.609+0000] {processor.py:186} INFO - Started process (PID=3218) to work on /home/airflow/.local/lib/python3.12/site-packages/airflow/example_dags/example_dataset_alias.py
[2025-09-29T14:59:20.611+0000] {processor.py:914} INFO - Processing file /home/airflow/.local/lib/python3.12/site-packages/airflow/example_dags/example_dataset_alias.py for tasks to queue
[2025-09-29T14:59:20.612+0000] {logging_mixin.py:190} INFO - [2025-09-29T14:59:20.612+0000] {dagbag.py:588} INFO - Filling up the DagBag from /home/airflow/.local/lib/python3.12/site-packages/airflow/example_dags/example_dataset_alias.py
[2025-09-29T14:59:20.792+0000] {processor.py:925} INFO - DAG(s) 'dataset_s3_bucket_producer', 'dataset_alias_example_alias_producer', 'dataset_alias_example_alias_consumer', 'dataset_s3_bucket_consumer' retrieved from /home/airflow/.local/lib/python3.12/site-packages/airflow/example_dags/example_dataset_alias.py
[2025-09-29T14:59:20.803+0000] {logging_mixin.py:190} INFO - [2025-09-29T14:59:20.803+0000] {dag.py:3239} INFO - Sync 4 DAGs
[2025-09-29T14:59:20.813+0000] {logging_mixin.py:190} INFO - [2025-09-29T14:59:20.813+0000] {dag.py:4180} INFO - Setting next_dagrun for dataset_alias_example_alias_consumer to None, run_after=None
[2025-09-29T14:59:20.815+0000] {logging_mixin.py:190} INFO - [2025-09-29T14:59:20.815+0000] {dag.py:4180} INFO - Setting next_dagrun for dataset_alias_example_alias_producer to None, run_after=None
[2025-09-29T14:59:20.818+0000] {logging_mixin.py:190} INFO - [2025-09-29T14:59:20.818+0000] {dag.py:4180} INFO - Setting next_dagrun for dataset_s3_bucket_consumer to None, run_after=None
[2025-09-29T14:59:20.818+0000] {logging_mixin.py:190} INFO - [2025-09-29T14:59:20.818+0000] {dag.py:4180} INFO - Setting next_dagrun for dataset_s3_bucket_producer to None, run_after=None
[2025-09-29T14:59:20.829+0000] {processor.py:208} INFO - Processing /home/airflow/.local/lib/python3.12/site-packages/airflow/example_dags/example_dataset_alias.py took 0.223 seconds
[2025-09-29T14:59:51.097+0000] {processor.py:186} INFO - Started process (PID=3281) to work on /home/airflow/.local/lib/python3.12/site-packages/airflow/example_dags/example_dataset_alias.py
[2025-09-29T14:59:51.098+0000] {processor.py:914} INFO - Processing file /home/airflow/.local/lib/python3.12/site-packages/airflow/example_dags/example_dataset_alias.py for tasks to queue
[2025-09-29T14:59:51.098+0000] {logging_mixin.py:190} INFO - [2025-09-29T14:59:51.098+0000] {dagbag.py:588} INFO - Filling up the DagBag from /home/airflow/.local/lib/python3.12/site-packages/airflow/example_dags/example_dataset_alias.py
[2025-09-29T14:59:51.279+0000] {processor.py:925} INFO - DAG(s) 'dataset_s3_bucket_producer', 'dataset_alias_example_alias_consumer', 'dataset_s3_bucket_consumer', 'dataset_alias_example_alias_producer' retrieved from /home/airflow/.local/lib/python3.12/site-packages/airflow/example_dags/example_dataset_alias.py
[2025-09-29T14:59:51.289+0000] {logging_mixin.py:190} INFO - [2025-09-29T14:59:51.289+0000] {dag.py:3239} INFO - Sync 4 DAGs
[2025-09-29T14:59:51.301+0000] {logging_mixin.py:190} INFO - [2025-09-29T14:59:51.301+0000] {dag.py:4180} INFO - Setting next_dagrun for dataset_alias_example_alias_consumer to None, run_after=None
[2025-09-29T14:59:51.304+0000] {logging_mixin.py:190} INFO - [2025-09-29T14:59:51.304+0000] {dag.py:4180} INFO - Setting next_dagrun for dataset_alias_example_alias_producer to None, run_after=None
[2025-09-29T14:59:51.305+0000] {logging_mixin.py:190} INFO - [2025-09-29T14:59:51.305+0000] {dag.py:4180} INFO - Setting next_dagrun for dataset_s3_bucket_consumer to None, run_after=None
[2025-09-29T14:59:51.305+0000] {logging_mixin.py:190} INFO - [2025-09-29T14:59:51.305+0000] {dag.py:4180} INFO - Setting next_dagrun for dataset_s3_bucket_producer to None, run_after=None
[2025-09-29T14:59:51.318+0000] {processor.py:208} INFO - Processing /home/airflow/.local/lib/python3.12/site-packages/airflow/example_dags/example_dataset_alias.py took 0.224 seconds
[2025-09-29T15:00:21.755+0000] {processor.py:186} INFO - Started process (PID=3344) to work on /home/airflow/.local/lib/python3.12/site-packages/airflow/example_dags/example_dataset_alias.py
[2025-09-29T15:00:21.758+0000] {processor.py:914} INFO - Processing file /home/airflow/.local/lib/python3.12/site-packages/airflow/example_dags/example_dataset_alias.py for tasks to queue
[2025-09-29T15:00:21.759+0000] {logging_mixin.py:190} INFO - [2025-09-29T15:00:21.758+0000] {dagbag.py:588} INFO - Filling up the DagBag from /home/airflow/.local/lib/python3.12/site-packages/airflow/example_dags/example_dataset_alias.py
[2025-09-29T15:00:21.939+0000] {processor.py:925} INFO - DAG(s) 'dataset_alias_example_alias_consumer', 'dataset_alias_example_alias_producer', 'dataset_s3_bucket_consumer', 'dataset_s3_bucket_producer' retrieved from /home/airflow/.local/lib/python3.12/site-packages/airflow/example_dags/example_dataset_alias.py
[2025-09-29T15:00:21.951+0000] {logging_mixin.py:190} INFO - [2025-09-29T15:00:21.951+0000] {dag.py:3239} INFO - Sync 4 DAGs
[2025-09-29T15:00:21.960+0000] {logging_mixin.py:190} INFO - [2025-09-29T15:00:21.960+0000] {dag.py:4180} INFO - Setting next_dagrun for dataset_alias_example_alias_consumer to None, run_after=None
[2025-09-29T15:00:21.964+0000] {logging_mixin.py:190} INFO - [2025-09-29T15:00:21.964+0000] {dag.py:4180} INFO - Setting next_dagrun for dataset_alias_example_alias_producer to None, run_after=None
[2025-09-29T15:00:21.964+0000] {logging_mixin.py:190} INFO - [2025-09-29T15:00:21.964+0000] {dag.py:4180} INFO - Setting next_dagrun for dataset_s3_bucket_consumer to None, run_after=None
[2025-09-29T15:00:21.965+0000] {logging_mixin.py:190} INFO - [2025-09-29T15:00:21.965+0000] {dag.py:4180} INFO - Setting next_dagrun for dataset_s3_bucket_producer to None, run_after=None
[2025-09-29T15:00:21.975+0000] {processor.py:208} INFO - Processing /home/airflow/.local/lib/python3.12/site-packages/airflow/example_dags/example_dataset_alias.py took 0.224 seconds
[2025-09-29T15:00:52.332+0000] {processor.py:186} INFO - Started process (PID=3407) to work on /home/airflow/.local/lib/python3.12/site-packages/airflow/example_dags/example_dataset_alias.py
[2025-09-29T15:00:52.335+0000] {processor.py:914} INFO - Processing file /home/airflow/.local/lib/python3.12/site-packages/airflow/example_dags/example_dataset_alias.py for tasks to queue
[2025-09-29T15:00:52.336+0000] {logging_mixin.py:190} INFO - [2025-09-29T15:00:52.336+0000] {dagbag.py:588} INFO - Filling up the DagBag from /home/airflow/.local/lib/python3.12/site-packages/airflow/example_dags/example_dataset_alias.py
[2025-09-29T15:00:52.516+0000] {processor.py:925} INFO - DAG(s) 'dataset_alias_example_alias_producer', 'dataset_s3_bucket_producer', 'dataset_alias_example_alias_consumer', 'dataset_s3_bucket_consumer' retrieved from /home/airflow/.local/lib/python3.12/site-packages/airflow/example_dags/example_dataset_alias.py
[2025-09-29T15:00:52.527+0000] {logging_mixin.py:190} INFO - [2025-09-29T15:00:52.527+0000] {dag.py:3239} INFO - Sync 4 DAGs
[2025-09-29T15:00:52.536+0000] {logging_mixin.py:190} INFO - [2025-09-29T15:00:52.536+0000] {dag.py:4180} INFO - Setting next_dagrun for dataset_alias_example_alias_consumer to None, run_after=None
[2025-09-29T15:00:52.538+0000] {logging_mixin.py:190} INFO - [2025-09-29T15:00:52.538+0000] {dag.py:4180} INFO - Setting next_dagrun for dataset_alias_example_alias_producer to None, run_after=None
[2025-09-29T15:00:52.539+0000] {logging_mixin.py:190} INFO - [2025-09-29T15:00:52.539+0000] {dag.py:4180} INFO - Setting next_dagrun for dataset_s3_bucket_consumer to None, run_after=None
[2025-09-29T15:00:52.539+0000] {logging_mixin.py:190} INFO - [2025-09-29T15:00:52.539+0000] {dag.py:4180} INFO - Setting next_dagrun for dataset_s3_bucket_producer to None, run_after=None
[2025-09-29T15:00:52.551+0000] {processor.py:208} INFO - Processing /home/airflow/.local/lib/python3.12/site-packages/airflow/example_dags/example_dataset_alias.py took 0.221 seconds
[2025-09-29T15:01:22.926+0000] {processor.py:186} INFO - Started process (PID=3470) to work on /home/airflow/.local/lib/python3.12/site-packages/airflow/example_dags/example_dataset_alias.py
[2025-09-29T15:01:22.926+0000] {processor.py:914} INFO - Processing file /home/airflow/.local/lib/python3.12/site-packages/airflow/example_dags/example_dataset_alias.py for tasks to queue
[2025-09-29T15:01:22.927+0000] {logging_mixin.py:190} INFO - [2025-09-29T15:01:22.927+0000] {dagbag.py:588} INFO - Filling up the DagBag from /home/airflow/.local/lib/python3.12/site-packages/airflow/example_dags/example_dataset_alias.py
[2025-09-29T15:01:23.136+0000] {processor.py:925} INFO - DAG(s) 'dataset_s3_bucket_producer', 'dataset_alias_example_alias_consumer', 'dataset_alias_example_alias_producer', 'dataset_s3_bucket_consumer' retrieved from /home/airflow/.local/lib/python3.12/site-packages/airflow/example_dags/example_dataset_alias.py
[2025-09-29T15:01:23.147+0000] {logging_mixin.py:190} INFO - [2025-09-29T15:01:23.147+0000] {dag.py:3239} INFO - Sync 4 DAGs
[2025-09-29T15:01:23.159+0000] {logging_mixin.py:190} INFO - [2025-09-29T15:01:23.159+0000] {dag.py:4180} INFO - Setting next_dagrun for dataset_alias_example_alias_consumer to None, run_after=None
[2025-09-29T15:01:23.161+0000] {logging_mixin.py:190} INFO - [2025-09-29T15:01:23.161+0000] {dag.py:4180} INFO - Setting next_dagrun for dataset_alias_example_alias_producer to None, run_after=None
[2025-09-29T15:01:23.162+0000] {logging_mixin.py:190} INFO - [2025-09-29T15:01:23.161+0000] {dag.py:4180} INFO - Setting next_dagrun for dataset_s3_bucket_consumer to None, run_after=None
[2025-09-29T15:01:23.162+0000] {logging_mixin.py:190} INFO - [2025-09-29T15:01:23.162+0000] {dag.py:4180} INFO - Setting next_dagrun for dataset_s3_bucket_producer to None, run_after=None
[2025-09-29T15:01:23.175+0000] {processor.py:208} INFO - Processing /home/airflow/.local/lib/python3.12/site-packages/airflow/example_dags/example_dataset_alias.py took 0.252 seconds
[2025-09-29T15:01:53.439+0000] {processor.py:186} INFO - Started process (PID=3533) to work on /home/airflow/.local/lib/python3.12/site-packages/airflow/example_dags/example_dataset_alias.py
[2025-09-29T15:01:53.440+0000] {processor.py:914} INFO - Processing file /home/airflow/.local/lib/python3.12/site-packages/airflow/example_dags/example_dataset_alias.py for tasks to queue
[2025-09-29T15:01:53.441+0000] {logging_mixin.py:190} INFO - [2025-09-29T15:01:53.441+0000] {dagbag.py:588} INFO - Filling up the DagBag from /home/airflow/.local/lib/python3.12/site-packages/airflow/example_dags/example_dataset_alias.py
[2025-09-29T15:01:53.632+0000] {processor.py:925} INFO - DAG(s) 'dataset_alias_example_alias_consumer', 'dataset_alias_example_alias_producer', 'dataset_s3_bucket_producer', 'dataset_s3_bucket_consumer' retrieved from /home/airflow/.local/lib/python3.12/site-packages/airflow/example_dags/example_dataset_alias.py
[2025-09-29T15:01:53.641+0000] {logging_mixin.py:190} INFO - [2025-09-29T15:01:53.641+0000] {dag.py:3239} INFO - Sync 4 DAGs
[2025-09-29T15:01:53.651+0000] {logging_mixin.py:190} INFO - [2025-09-29T15:01:53.651+0000] {dag.py:4180} INFO - Setting next_dagrun for dataset_alias_example_alias_consumer to None, run_after=None
[2025-09-29T15:01:53.652+0000] {logging_mixin.py:190} INFO - [2025-09-29T15:01:53.652+0000] {dag.py:4180} INFO - Setting next_dagrun for dataset_alias_example_alias_producer to None, run_after=None
[2025-09-29T15:01:53.653+0000] {logging_mixin.py:190} INFO - [2025-09-29T15:01:53.653+0000] {dag.py:4180} INFO - Setting next_dagrun for dataset_s3_bucket_consumer to None, run_after=None
[2025-09-29T15:01:53.653+0000] {logging_mixin.py:190} INFO - [2025-09-29T15:01:53.653+0000] {dag.py:4180} INFO - Setting next_dagrun for dataset_s3_bucket_producer to None, run_after=None
[2025-09-29T15:01:53.662+0000] {processor.py:208} INFO - Processing /home/airflow/.local/lib/python3.12/site-packages/airflow/example_dags/example_dataset_alias.py took 0.226 seconds
[2025-09-29T15:02:24.050+0000] {processor.py:186} INFO - Started process (PID=3596) to work on /home/airflow/.local/lib/python3.12/site-packages/airflow/example_dags/example_dataset_alias.py
[2025-09-29T15:02:24.051+0000] {processor.py:914} INFO - Processing file /home/airflow/.local/lib/python3.12/site-packages/airflow/example_dags/example_dataset_alias.py for tasks to queue
[2025-09-29T15:02:24.052+0000] {logging_mixin.py:190} INFO - [2025-09-29T15:02:24.052+0000] {dagbag.py:588} INFO - Filling up the DagBag from /home/airflow/.local/lib/python3.12/site-packages/airflow/example_dags/example_dataset_alias.py
[2025-09-29T15:02:24.256+0000] {processor.py:925} INFO - DAG(s) 'dataset_s3_bucket_consumer', 'dataset_s3_bucket_producer', 'dataset_alias_example_alias_producer', 'dataset_alias_example_alias_consumer' retrieved from /home/airflow/.local/lib/python3.12/site-packages/airflow/example_dags/example_dataset_alias.py
[2025-09-29T15:02:24.268+0000] {logging_mixin.py:190} INFO - [2025-09-29T15:02:24.268+0000] {dag.py:3239} INFO - Sync 4 DAGs
[2025-09-29T15:02:24.279+0000] {logging_mixin.py:190} INFO - [2025-09-29T15:02:24.279+0000] {dag.py:4180} INFO - Setting next_dagrun for dataset_alias_example_alias_consumer to None, run_after=None
[2025-09-29T15:02:24.281+0000] {logging_mixin.py:190} INFO - [2025-09-29T15:02:24.280+0000] {dag.py:4180} INFO - Setting next_dagrun for dataset_alias_example_alias_producer to None, run_after=None
[2025-09-29T15:02:24.282+0000] {logging_mixin.py:190} INFO - [2025-09-29T15:02:24.281+0000] {dag.py:4180} INFO - Setting next_dagrun for dataset_s3_bucket_consumer to None, run_after=None
[2025-09-29T15:02:24.282+0000] {logging_mixin.py:190} INFO - [2025-09-29T15:02:24.282+0000] {dag.py:4180} INFO - Setting next_dagrun for dataset_s3_bucket_producer to None, run_after=None
[2025-09-29T15:02:24.298+0000] {processor.py:208} INFO - Processing /home/airflow/.local/lib/python3.12/site-packages/airflow/example_dags/example_dataset_alias.py took 0.252 seconds
