[2025-09-29T14:34:30.184+0000] {processor.py:186} INFO - Started process (PID=77) to work on /home/airflow/.local/lib/python3.12/site-packages/airflow/example_dags/example_branch_datetime_operator.py
[2025-09-29T14:34:30.185+0000] {processor.py:914} INFO - Processing file /home/airflow/.local/lib/python3.12/site-packages/airflow/example_dags/example_branch_datetime_operator.py for tasks to queue
[2025-09-29T14:34:30.186+0000] {logging_mixin.py:190} INFO - [2025-09-29T14:34:30.186+0000] {dagbag.py:588} INFO - Filling up the DagBag from /home/airflow/.local/lib/python3.12/site-packages/airflow/example_dags/example_branch_datetime_operator.py
[2025-09-29T14:34:30.192+0000] {processor.py:925} INFO - DAG(s) 'example_branch_datetime_operator_2', 'example_branch_datetime_operator', 'example_branch_datetime_operator_3' retrieved from /home/airflow/.local/lib/python3.12/site-packages/airflow/example_dags/example_branch_datetime_operator.py
[2025-09-29T14:34:30.211+0000] {logging_mixin.py:190} INFO - [2025-09-29T14:34:30.211+0000] {dag.py:3239} INFO - Sync 3 DAGs
[2025-09-29T14:34:30.229+0000] {logging_mixin.py:190} INFO - [2025-09-29T14:34:30.229+0000] {dag.py:4180} INFO - Setting next_dagrun for example_branch_datetime_operator to 2025-09-28 00:00:00+00:00, run_after=2025-09-29 00:00:00+00:00
[2025-09-29T14:34:30.234+0000] {logging_mixin.py:190} INFO - [2025-09-29T14:34:30.234+0000] {dag.py:4180} INFO - Setting next_dagrun for example_branch_datetime_operator_2 to 2025-09-28 00:00:00+00:00, run_after=2025-09-29 00:00:00+00:00
[2025-09-29T14:34:30.235+0000] {logging_mixin.py:190} INFO - [2025-09-29T14:34:30.235+0000] {dag.py:4180} INFO - Setting next_dagrun for example_branch_datetime_operator_3 to 2025-09-28 00:00:00+00:00, run_after=2025-09-29 00:00:00+00:00
[2025-09-29T14:34:30.246+0000] {processor.py:208} INFO - Processing /home/airflow/.local/lib/python3.12/site-packages/airflow/example_dags/example_branch_datetime_operator.py took 0.066 seconds
[2025-09-29T14:35:01.155+0000] {processor.py:186} INFO - Started process (PID=151) to work on /home/airflow/.local/lib/python3.12/site-packages/airflow/example_dags/example_branch_datetime_operator.py
[2025-09-29T14:35:01.157+0000] {processor.py:914} INFO - Processing file /home/airflow/.local/lib/python3.12/site-packages/airflow/example_dags/example_branch_datetime_operator.py for tasks to queue
[2025-09-29T14:35:01.160+0000] {logging_mixin.py:190} INFO - [2025-09-29T14:35:01.159+0000] {dagbag.py:588} INFO - Filling up the DagBag from /home/airflow/.local/lib/python3.12/site-packages/airflow/example_dags/example_branch_datetime_operator.py
[2025-09-29T14:35:01.167+0000] {processor.py:925} INFO - DAG(s) 'example_branch_datetime_operator', 'example_branch_datetime_operator_2', 'example_branch_datetime_operator_3' retrieved from /home/airflow/.local/lib/python3.12/site-packages/airflow/example_dags/example_branch_datetime_operator.py
[2025-09-29T14:35:01.187+0000] {logging_mixin.py:190} INFO - [2025-09-29T14:35:01.187+0000] {dag.py:3239} INFO - Sync 3 DAGs
[2025-09-29T14:35:01.204+0000] {logging_mixin.py:190} INFO - [2025-09-29T14:35:01.204+0000] {dag.py:4180} INFO - Setting next_dagrun for example_branch_datetime_operator to 2025-09-28 00:00:00+00:00, run_after=2025-09-29 00:00:00+00:00
[2025-09-29T14:35:01.206+0000] {logging_mixin.py:190} INFO - [2025-09-29T14:35:01.206+0000] {dag.py:4180} INFO - Setting next_dagrun for example_branch_datetime_operator_2 to 2025-09-28 00:00:00+00:00, run_after=2025-09-29 00:00:00+00:00
[2025-09-29T14:35:01.207+0000] {logging_mixin.py:190} INFO - [2025-09-29T14:35:01.207+0000] {dag.py:4180} INFO - Setting next_dagrun for example_branch_datetime_operator_3 to 2025-09-28 00:00:00+00:00, run_after=2025-09-29 00:00:00+00:00
[2025-09-29T14:35:01.216+0000] {processor.py:208} INFO - Processing /home/airflow/.local/lib/python3.12/site-packages/airflow/example_dags/example_branch_datetime_operator.py took 0.064 seconds
[2025-09-29T14:35:31.448+0000] {processor.py:186} INFO - Started process (PID=215) to work on /home/airflow/.local/lib/python3.12/site-packages/airflow/example_dags/example_branch_datetime_operator.py
[2025-09-29T14:35:31.449+0000] {processor.py:914} INFO - Processing file /home/airflow/.local/lib/python3.12/site-packages/airflow/example_dags/example_branch_datetime_operator.py for tasks to queue
[2025-09-29T14:35:31.450+0000] {logging_mixin.py:190} INFO - [2025-09-29T14:35:31.450+0000] {dagbag.py:588} INFO - Filling up the DagBag from /home/airflow/.local/lib/python3.12/site-packages/airflow/example_dags/example_branch_datetime_operator.py
[2025-09-29T14:35:31.456+0000] {processor.py:925} INFO - DAG(s) 'example_branch_datetime_operator', 'example_branch_datetime_operator_2', 'example_branch_datetime_operator_3' retrieved from /home/airflow/.local/lib/python3.12/site-packages/airflow/example_dags/example_branch_datetime_operator.py
[2025-09-29T14:35:31.472+0000] {logging_mixin.py:190} INFO - [2025-09-29T14:35:31.472+0000] {dag.py:3239} INFO - Sync 3 DAGs
[2025-09-29T14:35:31.484+0000] {logging_mixin.py:190} INFO - [2025-09-29T14:35:31.484+0000] {dag.py:4180} INFO - Setting next_dagrun for example_branch_datetime_operator to 2025-09-28 00:00:00+00:00, run_after=2025-09-29 00:00:00+00:00
[2025-09-29T14:35:31.486+0000] {logging_mixin.py:190} INFO - [2025-09-29T14:35:31.486+0000] {dag.py:4180} INFO - Setting next_dagrun for example_branch_datetime_operator_2 to 2025-09-28 00:00:00+00:00, run_after=2025-09-29 00:00:00+00:00
[2025-09-29T14:35:31.489+0000] {logging_mixin.py:190} INFO - [2025-09-29T14:35:31.489+0000] {dag.py:4180} INFO - Setting next_dagrun for example_branch_datetime_operator_3 to 2025-09-28 00:00:00+00:00, run_after=2025-09-29 00:00:00+00:00
[2025-09-29T14:35:31.499+0000] {processor.py:208} INFO - Processing /home/airflow/.local/lib/python3.12/site-packages/airflow/example_dags/example_branch_datetime_operator.py took 0.054 seconds
[2025-09-29T14:36:01.666+0000] {processor.py:186} INFO - Started process (PID=279) to work on /home/airflow/.local/lib/python3.12/site-packages/airflow/example_dags/example_branch_datetime_operator.py
[2025-09-29T14:36:01.667+0000] {processor.py:914} INFO - Processing file /home/airflow/.local/lib/python3.12/site-packages/airflow/example_dags/example_branch_datetime_operator.py for tasks to queue
[2025-09-29T14:36:01.668+0000] {logging_mixin.py:190} INFO - [2025-09-29T14:36:01.668+0000] {dagbag.py:588} INFO - Filling up the DagBag from /home/airflow/.local/lib/python3.12/site-packages/airflow/example_dags/example_branch_datetime_operator.py
[2025-09-29T14:36:01.675+0000] {processor.py:925} INFO - DAG(s) 'example_branch_datetime_operator_2', 'example_branch_datetime_operator', 'example_branch_datetime_operator_3' retrieved from /home/airflow/.local/lib/python3.12/site-packages/airflow/example_dags/example_branch_datetime_operator.py
[2025-09-29T14:36:01.693+0000] {logging_mixin.py:190} INFO - [2025-09-29T14:36:01.693+0000] {dag.py:3239} INFO - Sync 3 DAGs
[2025-09-29T14:36:01.705+0000] {logging_mixin.py:190} INFO - [2025-09-29T14:36:01.705+0000] {dag.py:4180} INFO - Setting next_dagrun for example_branch_datetime_operator to 2025-09-28 00:00:00+00:00, run_after=2025-09-29 00:00:00+00:00
[2025-09-29T14:36:01.708+0000] {logging_mixin.py:190} INFO - [2025-09-29T14:36:01.708+0000] {dag.py:4180} INFO - Setting next_dagrun for example_branch_datetime_operator_2 to 2025-09-28 00:00:00+00:00, run_after=2025-09-29 00:00:00+00:00
[2025-09-29T14:36:01.709+0000] {logging_mixin.py:190} INFO - [2025-09-29T14:36:01.709+0000] {dag.py:4180} INFO - Setting next_dagrun for example_branch_datetime_operator_3 to 2025-09-28 00:00:00+00:00, run_after=2025-09-29 00:00:00+00:00
[2025-09-29T14:36:01.717+0000] {processor.py:208} INFO - Processing /home/airflow/.local/lib/python3.12/site-packages/airflow/example_dags/example_branch_datetime_operator.py took 0.055 seconds
[2025-09-29T14:36:31.850+0000] {processor.py:186} INFO - Started process (PID=343) to work on /home/airflow/.local/lib/python3.12/site-packages/airflow/example_dags/example_branch_datetime_operator.py
[2025-09-29T14:36:31.851+0000] {processor.py:914} INFO - Processing file /home/airflow/.local/lib/python3.12/site-packages/airflow/example_dags/example_branch_datetime_operator.py for tasks to queue
[2025-09-29T14:36:31.852+0000] {logging_mixin.py:190} INFO - [2025-09-29T14:36:31.852+0000] {dagbag.py:588} INFO - Filling up the DagBag from /home/airflow/.local/lib/python3.12/site-packages/airflow/example_dags/example_branch_datetime_operator.py
[2025-09-29T14:36:31.858+0000] {processor.py:925} INFO - DAG(s) 'example_branch_datetime_operator_3', 'example_branch_datetime_operator_2', 'example_branch_datetime_operator' retrieved from /home/airflow/.local/lib/python3.12/site-packages/airflow/example_dags/example_branch_datetime_operator.py
[2025-09-29T14:36:31.871+0000] {logging_mixin.py:190} INFO - [2025-09-29T14:36:31.871+0000] {dag.py:3239} INFO - Sync 3 DAGs
[2025-09-29T14:36:31.883+0000] {logging_mixin.py:190} INFO - [2025-09-29T14:36:31.883+0000] {dag.py:4180} INFO - Setting next_dagrun for example_branch_datetime_operator to 2025-09-28 00:00:00+00:00, run_after=2025-09-29 00:00:00+00:00
[2025-09-29T14:36:31.886+0000] {logging_mixin.py:190} INFO - [2025-09-29T14:36:31.886+0000] {dag.py:4180} INFO - Setting next_dagrun for example_branch_datetime_operator_2 to 2025-09-28 00:00:00+00:00, run_after=2025-09-29 00:00:00+00:00
[2025-09-29T14:36:31.887+0000] {logging_mixin.py:190} INFO - [2025-09-29T14:36:31.887+0000] {dag.py:4180} INFO - Setting next_dagrun for example_branch_datetime_operator_3 to 2025-09-28 00:00:00+00:00, run_after=2025-09-29 00:00:00+00:00
[2025-09-29T14:36:31.896+0000] {processor.py:208} INFO - Processing /home/airflow/.local/lib/python3.12/site-packages/airflow/example_dags/example_branch_datetime_operator.py took 0.050 seconds
[2025-09-29T14:37:02.064+0000] {processor.py:186} INFO - Started process (PID=406) to work on /home/airflow/.local/lib/python3.12/site-packages/airflow/example_dags/example_branch_datetime_operator.py
[2025-09-29T14:37:02.067+0000] {processor.py:914} INFO - Processing file /home/airflow/.local/lib/python3.12/site-packages/airflow/example_dags/example_branch_datetime_operator.py for tasks to queue
[2025-09-29T14:37:02.069+0000] {logging_mixin.py:190} INFO - [2025-09-29T14:37:02.068+0000] {dagbag.py:588} INFO - Filling up the DagBag from /home/airflow/.local/lib/python3.12/site-packages/airflow/example_dags/example_branch_datetime_operator.py
[2025-09-29T14:37:02.074+0000] {processor.py:925} INFO - DAG(s) 'example_branch_datetime_operator', 'example_branch_datetime_operator_2', 'example_branch_datetime_operator_3' retrieved from /home/airflow/.local/lib/python3.12/site-packages/airflow/example_dags/example_branch_datetime_operator.py
[2025-09-29T14:37:02.087+0000] {logging_mixin.py:190} INFO - [2025-09-29T14:37:02.087+0000] {dag.py:3239} INFO - Sync 3 DAGs
[2025-09-29T14:37:02.100+0000] {logging_mixin.py:190} INFO - [2025-09-29T14:37:02.099+0000] {dag.py:4180} INFO - Setting next_dagrun for example_branch_datetime_operator to 2025-09-28 00:00:00+00:00, run_after=2025-09-29 00:00:00+00:00
[2025-09-29T14:37:02.103+0000] {logging_mixin.py:190} INFO - [2025-09-29T14:37:02.103+0000] {dag.py:4180} INFO - Setting next_dagrun for example_branch_datetime_operator_2 to 2025-09-28 00:00:00+00:00, run_after=2025-09-29 00:00:00+00:00
[2025-09-29T14:37:02.106+0000] {logging_mixin.py:190} INFO - [2025-09-29T14:37:02.105+0000] {dag.py:4180} INFO - Setting next_dagrun for example_branch_datetime_operator_3 to 2025-09-28 00:00:00+00:00, run_after=2025-09-29 00:00:00+00:00
[2025-09-29T14:37:02.118+0000] {processor.py:208} INFO - Processing /home/airflow/.local/lib/python3.12/site-packages/airflow/example_dags/example_branch_datetime_operator.py took 0.058 seconds
[2025-09-29T14:37:32.414+0000] {processor.py:186} INFO - Started process (PID=470) to work on /home/airflow/.local/lib/python3.12/site-packages/airflow/example_dags/example_branch_datetime_operator.py
[2025-09-29T14:37:32.416+0000] {processor.py:914} INFO - Processing file /home/airflow/.local/lib/python3.12/site-packages/airflow/example_dags/example_branch_datetime_operator.py for tasks to queue
[2025-09-29T14:37:32.418+0000] {logging_mixin.py:190} INFO - [2025-09-29T14:37:32.418+0000] {dagbag.py:588} INFO - Filling up the DagBag from /home/airflow/.local/lib/python3.12/site-packages/airflow/example_dags/example_branch_datetime_operator.py
[2025-09-29T14:37:32.425+0000] {processor.py:925} INFO - DAG(s) 'example_branch_datetime_operator', 'example_branch_datetime_operator_3', 'example_branch_datetime_operator_2' retrieved from /home/airflow/.local/lib/python3.12/site-packages/airflow/example_dags/example_branch_datetime_operator.py
[2025-09-29T14:37:32.446+0000] {logging_mixin.py:190} INFO - [2025-09-29T14:37:32.446+0000] {dag.py:3239} INFO - Sync 3 DAGs
[2025-09-29T14:37:32.459+0000] {logging_mixin.py:190} INFO - [2025-09-29T14:37:32.458+0000] {dag.py:4180} INFO - Setting next_dagrun for example_branch_datetime_operator to 2025-09-28 00:00:00+00:00, run_after=2025-09-29 00:00:00+00:00
[2025-09-29T14:37:32.461+0000] {logging_mixin.py:190} INFO - [2025-09-29T14:37:32.461+0000] {dag.py:4180} INFO - Setting next_dagrun for example_branch_datetime_operator_2 to 2025-09-28 00:00:00+00:00, run_after=2025-09-29 00:00:00+00:00
[2025-09-29T14:37:32.466+0000] {logging_mixin.py:190} INFO - [2025-09-29T14:37:32.465+0000] {dag.py:4180} INFO - Setting next_dagrun for example_branch_datetime_operator_3 to 2025-09-28 00:00:00+00:00, run_after=2025-09-29 00:00:00+00:00
[2025-09-29T14:37:32.477+0000] {processor.py:208} INFO - Processing /home/airflow/.local/lib/python3.12/site-packages/airflow/example_dags/example_branch_datetime_operator.py took 0.066 seconds
[2025-09-29T14:38:02.808+0000] {processor.py:186} INFO - Started process (PID=534) to work on /home/airflow/.local/lib/python3.12/site-packages/airflow/example_dags/example_branch_datetime_operator.py
[2025-09-29T14:38:02.810+0000] {processor.py:914} INFO - Processing file /home/airflow/.local/lib/python3.12/site-packages/airflow/example_dags/example_branch_datetime_operator.py for tasks to queue
[2025-09-29T14:38:02.811+0000] {logging_mixin.py:190} INFO - [2025-09-29T14:38:02.811+0000] {dagbag.py:588} INFO - Filling up the DagBag from /home/airflow/.local/lib/python3.12/site-packages/airflow/example_dags/example_branch_datetime_operator.py
[2025-09-29T14:38:02.817+0000] {processor.py:925} INFO - DAG(s) 'example_branch_datetime_operator', 'example_branch_datetime_operator_2', 'example_branch_datetime_operator_3' retrieved from /home/airflow/.local/lib/python3.12/site-packages/airflow/example_dags/example_branch_datetime_operator.py
[2025-09-29T14:38:02.841+0000] {logging_mixin.py:190} INFO - [2025-09-29T14:38:02.840+0000] {dag.py:3239} INFO - Sync 3 DAGs
[2025-09-29T14:38:02.858+0000] {logging_mixin.py:190} INFO - [2025-09-29T14:38:02.857+0000] {dag.py:4180} INFO - Setting next_dagrun for example_branch_datetime_operator to 2025-09-28 00:00:00+00:00, run_after=2025-09-29 00:00:00+00:00
[2025-09-29T14:38:02.863+0000] {logging_mixin.py:190} INFO - [2025-09-29T14:38:02.863+0000] {dag.py:4180} INFO - Setting next_dagrun for example_branch_datetime_operator_2 to 2025-09-28 00:00:00+00:00, run_after=2025-09-29 00:00:00+00:00
[2025-09-29T14:38:02.864+0000] {logging_mixin.py:190} INFO - [2025-09-29T14:38:02.864+0000] {dag.py:4180} INFO - Setting next_dagrun for example_branch_datetime_operator_3 to 2025-09-28 00:00:00+00:00, run_after=2025-09-29 00:00:00+00:00
[2025-09-29T14:38:02.876+0000] {processor.py:208} INFO - Processing /home/airflow/.local/lib/python3.12/site-packages/airflow/example_dags/example_branch_datetime_operator.py took 0.071 seconds
[2025-09-29T14:38:33.222+0000] {processor.py:186} INFO - Started process (PID=606) to work on /home/airflow/.local/lib/python3.12/site-packages/airflow/example_dags/example_branch_datetime_operator.py
[2025-09-29T14:38:33.222+0000] {processor.py:914} INFO - Processing file /home/airflow/.local/lib/python3.12/site-packages/airflow/example_dags/example_branch_datetime_operator.py for tasks to queue
[2025-09-29T14:38:33.224+0000] {logging_mixin.py:190} INFO - [2025-09-29T14:38:33.224+0000] {dagbag.py:588} INFO - Filling up the DagBag from /home/airflow/.local/lib/python3.12/site-packages/airflow/example_dags/example_branch_datetime_operator.py
[2025-09-29T14:38:33.229+0000] {processor.py:925} INFO - DAG(s) 'example_branch_datetime_operator_2', 'example_branch_datetime_operator_3', 'example_branch_datetime_operator' retrieved from /home/airflow/.local/lib/python3.12/site-packages/airflow/example_dags/example_branch_datetime_operator.py
[2025-09-29T14:38:33.243+0000] {logging_mixin.py:190} INFO - [2025-09-29T14:38:33.243+0000] {dag.py:3239} INFO - Sync 3 DAGs
[2025-09-29T14:38:33.258+0000] {logging_mixin.py:190} INFO - [2025-09-29T14:38:33.257+0000] {dag.py:4180} INFO - Setting next_dagrun for example_branch_datetime_operator to 2025-09-28 00:00:00+00:00, run_after=2025-09-29 00:00:00+00:00
[2025-09-29T14:38:33.262+0000] {logging_mixin.py:190} INFO - [2025-09-29T14:38:33.262+0000] {dag.py:4180} INFO - Setting next_dagrun for example_branch_datetime_operator_2 to 2025-09-28 00:00:00+00:00, run_after=2025-09-29 00:00:00+00:00
[2025-09-29T14:38:33.263+0000] {logging_mixin.py:190} INFO - [2025-09-29T14:38:33.263+0000] {dag.py:4180} INFO - Setting next_dagrun for example_branch_datetime_operator_3 to 2025-09-28 00:00:00+00:00, run_after=2025-09-29 00:00:00+00:00
[2025-09-29T14:38:33.279+0000] {processor.py:208} INFO - Processing /home/airflow/.local/lib/python3.12/site-packages/airflow/example_dags/example_branch_datetime_operator.py took 0.060 seconds
[2025-09-29T14:39:03.741+0000] {processor.py:186} INFO - Started process (PID=669) to work on /home/airflow/.local/lib/python3.12/site-packages/airflow/example_dags/example_branch_datetime_operator.py
[2025-09-29T14:39:03.743+0000] {processor.py:914} INFO - Processing file /home/airflow/.local/lib/python3.12/site-packages/airflow/example_dags/example_branch_datetime_operator.py for tasks to queue
[2025-09-29T14:39:03.744+0000] {logging_mixin.py:190} INFO - [2025-09-29T14:39:03.744+0000] {dagbag.py:588} INFO - Filling up the DagBag from /home/airflow/.local/lib/python3.12/site-packages/airflow/example_dags/example_branch_datetime_operator.py
[2025-09-29T14:39:03.749+0000] {processor.py:925} INFO - DAG(s) 'example_branch_datetime_operator_2', 'example_branch_datetime_operator', 'example_branch_datetime_operator_3' retrieved from /home/airflow/.local/lib/python3.12/site-packages/airflow/example_dags/example_branch_datetime_operator.py
[2025-09-29T14:39:03.763+0000] {logging_mixin.py:190} INFO - [2025-09-29T14:39:03.763+0000] {dag.py:3239} INFO - Sync 3 DAGs
[2025-09-29T14:39:03.778+0000] {logging_mixin.py:190} INFO - [2025-09-29T14:39:03.778+0000] {dag.py:4180} INFO - Setting next_dagrun for example_branch_datetime_operator to 2025-09-28 00:00:00+00:00, run_after=2025-09-29 00:00:00+00:00
[2025-09-29T14:39:03.780+0000] {logging_mixin.py:190} INFO - [2025-09-29T14:39:03.780+0000] {dag.py:4180} INFO - Setting next_dagrun for example_branch_datetime_operator_2 to 2025-09-28 00:00:00+00:00, run_after=2025-09-29 00:00:00+00:00
[2025-09-29T14:39:03.781+0000] {logging_mixin.py:190} INFO - [2025-09-29T14:39:03.781+0000] {dag.py:4180} INFO - Setting next_dagrun for example_branch_datetime_operator_3 to 2025-09-28 00:00:00+00:00, run_after=2025-09-29 00:00:00+00:00
[2025-09-29T14:39:03.791+0000] {processor.py:208} INFO - Processing /home/airflow/.local/lib/python3.12/site-packages/airflow/example_dags/example_branch_datetime_operator.py took 0.053 seconds
[2025-09-29T14:39:34.257+0000] {processor.py:186} INFO - Started process (PID=732) to work on /home/airflow/.local/lib/python3.12/site-packages/airflow/example_dags/example_branch_datetime_operator.py
[2025-09-29T14:39:34.258+0000] {processor.py:914} INFO - Processing file /home/airflow/.local/lib/python3.12/site-packages/airflow/example_dags/example_branch_datetime_operator.py for tasks to queue
[2025-09-29T14:39:34.262+0000] {logging_mixin.py:190} INFO - [2025-09-29T14:39:34.262+0000] {dagbag.py:588} INFO - Filling up the DagBag from /home/airflow/.local/lib/python3.12/site-packages/airflow/example_dags/example_branch_datetime_operator.py
[2025-09-29T14:39:34.270+0000] {processor.py:925} INFO - DAG(s) 'example_branch_datetime_operator', 'example_branch_datetime_operator_3', 'example_branch_datetime_operator_2' retrieved from /home/airflow/.local/lib/python3.12/site-packages/airflow/example_dags/example_branch_datetime_operator.py
[2025-09-29T14:39:34.288+0000] {logging_mixin.py:190} INFO - [2025-09-29T14:39:34.288+0000] {dag.py:3239} INFO - Sync 3 DAGs
[2025-09-29T14:39:34.305+0000] {logging_mixin.py:190} INFO - [2025-09-29T14:39:34.305+0000] {dag.py:4180} INFO - Setting next_dagrun for example_branch_datetime_operator to 2025-09-28 00:00:00+00:00, run_after=2025-09-29 00:00:00+00:00
[2025-09-29T14:39:34.308+0000] {logging_mixin.py:190} INFO - [2025-09-29T14:39:34.308+0000] {dag.py:4180} INFO - Setting next_dagrun for example_branch_datetime_operator_2 to 2025-09-28 00:00:00+00:00, run_after=2025-09-29 00:00:00+00:00
[2025-09-29T14:39:34.309+0000] {logging_mixin.py:190} INFO - [2025-09-29T14:39:34.309+0000] {dag.py:4180} INFO - Setting next_dagrun for example_branch_datetime_operator_3 to 2025-09-28 00:00:00+00:00, run_after=2025-09-29 00:00:00+00:00
[2025-09-29T14:39:34.323+0000] {processor.py:208} INFO - Processing /home/airflow/.local/lib/python3.12/site-packages/airflow/example_dags/example_branch_datetime_operator.py took 0.069 seconds
[2025-09-29T14:40:04.712+0000] {processor.py:186} INFO - Started process (PID=796) to work on /home/airflow/.local/lib/python3.12/site-packages/airflow/example_dags/example_branch_datetime_operator.py
[2025-09-29T14:40:04.713+0000] {processor.py:914} INFO - Processing file /home/airflow/.local/lib/python3.12/site-packages/airflow/example_dags/example_branch_datetime_operator.py for tasks to queue
[2025-09-29T14:40:04.715+0000] {logging_mixin.py:190} INFO - [2025-09-29T14:40:04.714+0000] {dagbag.py:588} INFO - Filling up the DagBag from /home/airflow/.local/lib/python3.12/site-packages/airflow/example_dags/example_branch_datetime_operator.py
[2025-09-29T14:40:04.720+0000] {processor.py:925} INFO - DAG(s) 'example_branch_datetime_operator', 'example_branch_datetime_operator_2', 'example_branch_datetime_operator_3' retrieved from /home/airflow/.local/lib/python3.12/site-packages/airflow/example_dags/example_branch_datetime_operator.py
[2025-09-29T14:40:04.733+0000] {logging_mixin.py:190} INFO - [2025-09-29T14:40:04.733+0000] {dag.py:3239} INFO - Sync 3 DAGs
[2025-09-29T14:40:04.747+0000] {logging_mixin.py:190} INFO - [2025-09-29T14:40:04.747+0000] {dag.py:4180} INFO - Setting next_dagrun for example_branch_datetime_operator to 2025-09-28 00:00:00+00:00, run_after=2025-09-29 00:00:00+00:00
[2025-09-29T14:40:04.754+0000] {logging_mixin.py:190} INFO - [2025-09-29T14:40:04.753+0000] {dag.py:4180} INFO - Setting next_dagrun for example_branch_datetime_operator_2 to 2025-09-28 00:00:00+00:00, run_after=2025-09-29 00:00:00+00:00
[2025-09-29T14:40:04.756+0000] {logging_mixin.py:190} INFO - [2025-09-29T14:40:04.756+0000] {dag.py:4180} INFO - Setting next_dagrun for example_branch_datetime_operator_3 to 2025-09-28 00:00:00+00:00, run_after=2025-09-29 00:00:00+00:00
[2025-09-29T14:40:04.767+0000] {processor.py:208} INFO - Processing /home/airflow/.local/lib/python3.12/site-packages/airflow/example_dags/example_branch_datetime_operator.py took 0.058 seconds
[2025-09-29T14:40:35.068+0000] {processor.py:186} INFO - Started process (PID=859) to work on /home/airflow/.local/lib/python3.12/site-packages/airflow/example_dags/example_branch_datetime_operator.py
[2025-09-29T14:40:35.069+0000] {processor.py:914} INFO - Processing file /home/airflow/.local/lib/python3.12/site-packages/airflow/example_dags/example_branch_datetime_operator.py for tasks to queue
[2025-09-29T14:40:35.071+0000] {logging_mixin.py:190} INFO - [2025-09-29T14:40:35.071+0000] {dagbag.py:588} INFO - Filling up the DagBag from /home/airflow/.local/lib/python3.12/site-packages/airflow/example_dags/example_branch_datetime_operator.py
[2025-09-29T14:40:35.077+0000] {processor.py:925} INFO - DAG(s) 'example_branch_datetime_operator', 'example_branch_datetime_operator_3', 'example_branch_datetime_operator_2' retrieved from /home/airflow/.local/lib/python3.12/site-packages/airflow/example_dags/example_branch_datetime_operator.py
[2025-09-29T14:40:35.094+0000] {logging_mixin.py:190} INFO - [2025-09-29T14:40:35.094+0000] {dag.py:3239} INFO - Sync 3 DAGs
[2025-09-29T14:40:35.110+0000] {logging_mixin.py:190} INFO - [2025-09-29T14:40:35.110+0000] {dag.py:4180} INFO - Setting next_dagrun for example_branch_datetime_operator to 2025-09-28 00:00:00+00:00, run_after=2025-09-29 00:00:00+00:00
[2025-09-29T14:40:35.114+0000] {logging_mixin.py:190} INFO - [2025-09-29T14:40:35.114+0000] {dag.py:4180} INFO - Setting next_dagrun for example_branch_datetime_operator_2 to 2025-09-28 00:00:00+00:00, run_after=2025-09-29 00:00:00+00:00
[2025-09-29T14:40:35.116+0000] {logging_mixin.py:190} INFO - [2025-09-29T14:40:35.116+0000] {dag.py:4180} INFO - Setting next_dagrun for example_branch_datetime_operator_3 to 2025-09-28 00:00:00+00:00, run_after=2025-09-29 00:00:00+00:00
[2025-09-29T14:40:35.128+0000] {processor.py:208} INFO - Processing /home/airflow/.local/lib/python3.12/site-packages/airflow/example_dags/example_branch_datetime_operator.py took 0.063 seconds
[2025-09-29T14:41:05.393+0000] {processor.py:186} INFO - Started process (PID=925) to work on /home/airflow/.local/lib/python3.12/site-packages/airflow/example_dags/example_branch_datetime_operator.py
[2025-09-29T14:41:05.394+0000] {processor.py:914} INFO - Processing file /home/airflow/.local/lib/python3.12/site-packages/airflow/example_dags/example_branch_datetime_operator.py for tasks to queue
[2025-09-29T14:41:05.396+0000] {logging_mixin.py:190} INFO - [2025-09-29T14:41:05.395+0000] {dagbag.py:588} INFO - Filling up the DagBag from /home/airflow/.local/lib/python3.12/site-packages/airflow/example_dags/example_branch_datetime_operator.py
[2025-09-29T14:41:05.401+0000] {processor.py:925} INFO - DAG(s) 'example_branch_datetime_operator', 'example_branch_datetime_operator_3', 'example_branch_datetime_operator_2' retrieved from /home/airflow/.local/lib/python3.12/site-packages/airflow/example_dags/example_branch_datetime_operator.py
[2025-09-29T14:41:05.417+0000] {logging_mixin.py:190} INFO - [2025-09-29T14:41:05.417+0000] {dag.py:3239} INFO - Sync 3 DAGs
[2025-09-29T14:41:05.429+0000] {logging_mixin.py:190} INFO - [2025-09-29T14:41:05.429+0000] {dag.py:4180} INFO - Setting next_dagrun for example_branch_datetime_operator to 2025-09-28 00:00:00+00:00, run_after=2025-09-29 00:00:00+00:00
[2025-09-29T14:41:05.432+0000] {logging_mixin.py:190} INFO - [2025-09-29T14:41:05.432+0000] {dag.py:4180} INFO - Setting next_dagrun for example_branch_datetime_operator_2 to 2025-09-28 00:00:00+00:00, run_after=2025-09-29 00:00:00+00:00
[2025-09-29T14:41:05.434+0000] {logging_mixin.py:190} INFO - [2025-09-29T14:41:05.434+0000] {dag.py:4180} INFO - Setting next_dagrun for example_branch_datetime_operator_3 to 2025-09-28 00:00:00+00:00, run_after=2025-09-29 00:00:00+00:00
[2025-09-29T14:41:05.443+0000] {processor.py:208} INFO - Processing /home/airflow/.local/lib/python3.12/site-packages/airflow/example_dags/example_branch_datetime_operator.py took 0.053 seconds
[2025-09-29T14:41:35.748+0000] {processor.py:186} INFO - Started process (PID=989) to work on /home/airflow/.local/lib/python3.12/site-packages/airflow/example_dags/example_branch_datetime_operator.py
[2025-09-29T14:41:35.749+0000] {processor.py:914} INFO - Processing file /home/airflow/.local/lib/python3.12/site-packages/airflow/example_dags/example_branch_datetime_operator.py for tasks to queue
[2025-09-29T14:41:35.751+0000] {logging_mixin.py:190} INFO - [2025-09-29T14:41:35.751+0000] {dagbag.py:588} INFO - Filling up the DagBag from /home/airflow/.local/lib/python3.12/site-packages/airflow/example_dags/example_branch_datetime_operator.py
[2025-09-29T14:41:35.758+0000] {processor.py:925} INFO - DAG(s) 'example_branch_datetime_operator', 'example_branch_datetime_operator_3', 'example_branch_datetime_operator_2' retrieved from /home/airflow/.local/lib/python3.12/site-packages/airflow/example_dags/example_branch_datetime_operator.py
[2025-09-29T14:41:35.774+0000] {logging_mixin.py:190} INFO - [2025-09-29T14:41:35.774+0000] {dag.py:3239} INFO - Sync 3 DAGs
[2025-09-29T14:41:35.792+0000] {logging_mixin.py:190} INFO - [2025-09-29T14:41:35.792+0000] {dag.py:4180} INFO - Setting next_dagrun for example_branch_datetime_operator to 2025-09-28 00:00:00+00:00, run_after=2025-09-29 00:00:00+00:00
[2025-09-29T14:41:35.796+0000] {logging_mixin.py:190} INFO - [2025-09-29T14:41:35.796+0000] {dag.py:4180} INFO - Setting next_dagrun for example_branch_datetime_operator_2 to 2025-09-28 00:00:00+00:00, run_after=2025-09-29 00:00:00+00:00
[2025-09-29T14:41:35.798+0000] {logging_mixin.py:190} INFO - [2025-09-29T14:41:35.798+0000] {dag.py:4180} INFO - Setting next_dagrun for example_branch_datetime_operator_3 to 2025-09-28 00:00:00+00:00, run_after=2025-09-29 00:00:00+00:00
[2025-09-29T14:41:35.811+0000] {processor.py:208} INFO - Processing /home/airflow/.local/lib/python3.12/site-packages/airflow/example_dags/example_branch_datetime_operator.py took 0.067 seconds
[2025-09-29T14:42:06.241+0000] {processor.py:186} INFO - Started process (PID=1054) to work on /home/airflow/.local/lib/python3.12/site-packages/airflow/example_dags/example_branch_datetime_operator.py
[2025-09-29T14:42:06.241+0000] {processor.py:914} INFO - Processing file /home/airflow/.local/lib/python3.12/site-packages/airflow/example_dags/example_branch_datetime_operator.py for tasks to queue
[2025-09-29T14:42:06.243+0000] {logging_mixin.py:190} INFO - [2025-09-29T14:42:06.243+0000] {dagbag.py:588} INFO - Filling up the DagBag from /home/airflow/.local/lib/python3.12/site-packages/airflow/example_dags/example_branch_datetime_operator.py
[2025-09-29T14:42:06.250+0000] {processor.py:925} INFO - DAG(s) 'example_branch_datetime_operator_3', 'example_branch_datetime_operator_2', 'example_branch_datetime_operator' retrieved from /home/airflow/.local/lib/python3.12/site-packages/airflow/example_dags/example_branch_datetime_operator.py
[2025-09-29T14:42:06.269+0000] {logging_mixin.py:190} INFO - [2025-09-29T14:42:06.269+0000] {dag.py:3239} INFO - Sync 3 DAGs
[2025-09-29T14:42:06.285+0000] {logging_mixin.py:190} INFO - [2025-09-29T14:42:06.285+0000] {dag.py:4180} INFO - Setting next_dagrun for example_branch_datetime_operator to 2025-09-28 00:00:00+00:00, run_after=2025-09-29 00:00:00+00:00
[2025-09-29T14:42:06.287+0000] {logging_mixin.py:190} INFO - [2025-09-29T14:42:06.287+0000] {dag.py:4180} INFO - Setting next_dagrun for example_branch_datetime_operator_2 to 2025-09-28 00:00:00+00:00, run_after=2025-09-29 00:00:00+00:00
[2025-09-29T14:42:06.289+0000] {logging_mixin.py:190} INFO - [2025-09-29T14:42:06.289+0000] {dag.py:4180} INFO - Setting next_dagrun for example_branch_datetime_operator_3 to 2025-09-28 00:00:00+00:00, run_after=2025-09-29 00:00:00+00:00
[2025-09-29T14:42:06.303+0000] {processor.py:208} INFO - Processing /home/airflow/.local/lib/python3.12/site-packages/airflow/example_dags/example_branch_datetime_operator.py took 0.066 seconds
[2025-09-29T14:42:36.655+0000] {processor.py:186} INFO - Started process (PID=1118) to work on /home/airflow/.local/lib/python3.12/site-packages/airflow/example_dags/example_branch_datetime_operator.py
[2025-09-29T14:42:36.656+0000] {processor.py:914} INFO - Processing file /home/airflow/.local/lib/python3.12/site-packages/airflow/example_dags/example_branch_datetime_operator.py for tasks to queue
[2025-09-29T14:42:36.658+0000] {logging_mixin.py:190} INFO - [2025-09-29T14:42:36.658+0000] {dagbag.py:588} INFO - Filling up the DagBag from /home/airflow/.local/lib/python3.12/site-packages/airflow/example_dags/example_branch_datetime_operator.py
[2025-09-29T14:42:36.668+0000] {processor.py:925} INFO - DAG(s) 'example_branch_datetime_operator_2', 'example_branch_datetime_operator_3', 'example_branch_datetime_operator' retrieved from /home/airflow/.local/lib/python3.12/site-packages/airflow/example_dags/example_branch_datetime_operator.py
[2025-09-29T14:42:36.689+0000] {logging_mixin.py:190} INFO - [2025-09-29T14:42:36.689+0000] {dag.py:3239} INFO - Sync 3 DAGs
[2025-09-29T14:42:36.704+0000] {logging_mixin.py:190} INFO - [2025-09-29T14:42:36.704+0000] {dag.py:4180} INFO - Setting next_dagrun for example_branch_datetime_operator to 2025-09-28 00:00:00+00:00, run_after=2025-09-29 00:00:00+00:00
[2025-09-29T14:42:36.707+0000] {logging_mixin.py:190} INFO - [2025-09-29T14:42:36.707+0000] {dag.py:4180} INFO - Setting next_dagrun for example_branch_datetime_operator_2 to 2025-09-28 00:00:00+00:00, run_after=2025-09-29 00:00:00+00:00
[2025-09-29T14:42:36.710+0000] {logging_mixin.py:190} INFO - [2025-09-29T14:42:36.709+0000] {dag.py:4180} INFO - Setting next_dagrun for example_branch_datetime_operator_3 to 2025-09-28 00:00:00+00:00, run_after=2025-09-29 00:00:00+00:00
[2025-09-29T14:42:36.721+0000] {processor.py:208} INFO - Processing /home/airflow/.local/lib/python3.12/site-packages/airflow/example_dags/example_branch_datetime_operator.py took 0.070 seconds
[2025-09-29T14:43:06.932+0000] {processor.py:186} INFO - Started process (PID=1182) to work on /home/airflow/.local/lib/python3.12/site-packages/airflow/example_dags/example_branch_datetime_operator.py
[2025-09-29T14:43:06.933+0000] {processor.py:914} INFO - Processing file /home/airflow/.local/lib/python3.12/site-packages/airflow/example_dags/example_branch_datetime_operator.py for tasks to queue
[2025-09-29T14:43:06.935+0000] {logging_mixin.py:190} INFO - [2025-09-29T14:43:06.935+0000] {dagbag.py:588} INFO - Filling up the DagBag from /home/airflow/.local/lib/python3.12/site-packages/airflow/example_dags/example_branch_datetime_operator.py
[2025-09-29T14:43:06.942+0000] {processor.py:925} INFO - DAG(s) 'example_branch_datetime_operator', 'example_branch_datetime_operator_3', 'example_branch_datetime_operator_2' retrieved from /home/airflow/.local/lib/python3.12/site-packages/airflow/example_dags/example_branch_datetime_operator.py
[2025-09-29T14:43:06.957+0000] {logging_mixin.py:190} INFO - [2025-09-29T14:43:06.957+0000] {dag.py:3239} INFO - Sync 3 DAGs
[2025-09-29T14:43:06.971+0000] {logging_mixin.py:190} INFO - [2025-09-29T14:43:06.970+0000] {dag.py:4180} INFO - Setting next_dagrun for example_branch_datetime_operator to 2025-09-28 00:00:00+00:00, run_after=2025-09-29 00:00:00+00:00
[2025-09-29T14:43:06.975+0000] {logging_mixin.py:190} INFO - [2025-09-29T14:43:06.974+0000] {dag.py:4180} INFO - Setting next_dagrun for example_branch_datetime_operator_2 to 2025-09-28 00:00:00+00:00, run_after=2025-09-29 00:00:00+00:00
[2025-09-29T14:43:06.977+0000] {logging_mixin.py:190} INFO - [2025-09-29T14:43:06.977+0000] {dag.py:4180} INFO - Setting next_dagrun for example_branch_datetime_operator_3 to 2025-09-28 00:00:00+00:00, run_after=2025-09-29 00:00:00+00:00
[2025-09-29T14:43:06.988+0000] {processor.py:208} INFO - Processing /home/airflow/.local/lib/python3.12/site-packages/airflow/example_dags/example_branch_datetime_operator.py took 0.059 seconds
[2025-09-29T14:43:37.180+0000] {processor.py:186} INFO - Started process (PID=1246) to work on /home/airflow/.local/lib/python3.12/site-packages/airflow/example_dags/example_branch_datetime_operator.py
[2025-09-29T14:43:37.183+0000] {processor.py:914} INFO - Processing file /home/airflow/.local/lib/python3.12/site-packages/airflow/example_dags/example_branch_datetime_operator.py for tasks to queue
[2025-09-29T14:43:37.185+0000] {logging_mixin.py:190} INFO - [2025-09-29T14:43:37.185+0000] {dagbag.py:588} INFO - Filling up the DagBag from /home/airflow/.local/lib/python3.12/site-packages/airflow/example_dags/example_branch_datetime_operator.py
[2025-09-29T14:43:37.191+0000] {processor.py:925} INFO - DAG(s) 'example_branch_datetime_operator', 'example_branch_datetime_operator_2', 'example_branch_datetime_operator_3' retrieved from /home/airflow/.local/lib/python3.12/site-packages/airflow/example_dags/example_branch_datetime_operator.py
[2025-09-29T14:43:37.206+0000] {logging_mixin.py:190} INFO - [2025-09-29T14:43:37.206+0000] {dag.py:3239} INFO - Sync 3 DAGs
[2025-09-29T14:43:37.219+0000] {logging_mixin.py:190} INFO - [2025-09-29T14:43:37.219+0000] {dag.py:4180} INFO - Setting next_dagrun for example_branch_datetime_operator to 2025-09-28 00:00:00+00:00, run_after=2025-09-29 00:00:00+00:00
[2025-09-29T14:43:37.223+0000] {logging_mixin.py:190} INFO - [2025-09-29T14:43:37.223+0000] {dag.py:4180} INFO - Setting next_dagrun for example_branch_datetime_operator_2 to 2025-09-28 00:00:00+00:00, run_after=2025-09-29 00:00:00+00:00
[2025-09-29T14:43:37.225+0000] {logging_mixin.py:190} INFO - [2025-09-29T14:43:37.225+0000] {dag.py:4180} INFO - Setting next_dagrun for example_branch_datetime_operator_3 to 2025-09-28 00:00:00+00:00, run_after=2025-09-29 00:00:00+00:00
[2025-09-29T14:43:37.233+0000] {processor.py:208} INFO - Processing /home/airflow/.local/lib/python3.12/site-packages/airflow/example_dags/example_branch_datetime_operator.py took 0.056 seconds
[2025-09-29T14:44:07.939+0000] {processor.py:186} INFO - Started process (PID=1310) to work on /home/airflow/.local/lib/python3.12/site-packages/airflow/example_dags/example_branch_datetime_operator.py
[2025-09-29T14:44:07.939+0000] {processor.py:914} INFO - Processing file /home/airflow/.local/lib/python3.12/site-packages/airflow/example_dags/example_branch_datetime_operator.py for tasks to queue
[2025-09-29T14:44:07.941+0000] {logging_mixin.py:190} INFO - [2025-09-29T14:44:07.941+0000] {dagbag.py:588} INFO - Filling up the DagBag from /home/airflow/.local/lib/python3.12/site-packages/airflow/example_dags/example_branch_datetime_operator.py
[2025-09-29T14:44:07.947+0000] {processor.py:925} INFO - DAG(s) 'example_branch_datetime_operator_2', 'example_branch_datetime_operator', 'example_branch_datetime_operator_3' retrieved from /home/airflow/.local/lib/python3.12/site-packages/airflow/example_dags/example_branch_datetime_operator.py
[2025-09-29T14:44:07.962+0000] {logging_mixin.py:190} INFO - [2025-09-29T14:44:07.962+0000] {dag.py:3239} INFO - Sync 3 DAGs
[2025-09-29T14:44:07.982+0000] {logging_mixin.py:190} INFO - [2025-09-29T14:44:07.982+0000] {dag.py:4180} INFO - Setting next_dagrun for example_branch_datetime_operator to 2025-09-28 00:00:00+00:00, run_after=2025-09-29 00:00:00+00:00
[2025-09-29T14:44:07.986+0000] {logging_mixin.py:190} INFO - [2025-09-29T14:44:07.986+0000] {dag.py:4180} INFO - Setting next_dagrun for example_branch_datetime_operator_2 to 2025-09-28 00:00:00+00:00, run_after=2025-09-29 00:00:00+00:00
[2025-09-29T14:44:07.990+0000] {logging_mixin.py:190} INFO - [2025-09-29T14:44:07.990+0000] {dag.py:4180} INFO - Setting next_dagrun for example_branch_datetime_operator_3 to 2025-09-28 00:00:00+00:00, run_after=2025-09-29 00:00:00+00:00
[2025-09-29T14:44:08.002+0000] {processor.py:208} INFO - Processing /home/airflow/.local/lib/python3.12/site-packages/airflow/example_dags/example_branch_datetime_operator.py took 0.066 seconds
[2025-09-29T14:44:38.350+0000] {processor.py:186} INFO - Started process (PID=1373) to work on /home/airflow/.local/lib/python3.12/site-packages/airflow/example_dags/example_branch_datetime_operator.py
[2025-09-29T14:44:38.351+0000] {processor.py:914} INFO - Processing file /home/airflow/.local/lib/python3.12/site-packages/airflow/example_dags/example_branch_datetime_operator.py for tasks to queue
[2025-09-29T14:44:38.352+0000] {logging_mixin.py:190} INFO - [2025-09-29T14:44:38.352+0000] {dagbag.py:588} INFO - Filling up the DagBag from /home/airflow/.local/lib/python3.12/site-packages/airflow/example_dags/example_branch_datetime_operator.py
[2025-09-29T14:44:38.358+0000] {processor.py:925} INFO - DAG(s) 'example_branch_datetime_operator', 'example_branch_datetime_operator_3', 'example_branch_datetime_operator_2' retrieved from /home/airflow/.local/lib/python3.12/site-packages/airflow/example_dags/example_branch_datetime_operator.py
[2025-09-29T14:44:38.381+0000] {logging_mixin.py:190} INFO - [2025-09-29T14:44:38.381+0000] {dag.py:3239} INFO - Sync 3 DAGs
[2025-09-29T14:44:38.394+0000] {logging_mixin.py:190} INFO - [2025-09-29T14:44:38.394+0000] {dag.py:4180} INFO - Setting next_dagrun for example_branch_datetime_operator to 2025-09-28 00:00:00+00:00, run_after=2025-09-29 00:00:00+00:00
[2025-09-29T14:44:38.396+0000] {logging_mixin.py:190} INFO - [2025-09-29T14:44:38.396+0000] {dag.py:4180} INFO - Setting next_dagrun for example_branch_datetime_operator_2 to 2025-09-28 00:00:00+00:00, run_after=2025-09-29 00:00:00+00:00
[2025-09-29T14:44:38.398+0000] {logging_mixin.py:190} INFO - [2025-09-29T14:44:38.398+0000] {dag.py:4180} INFO - Setting next_dagrun for example_branch_datetime_operator_3 to 2025-09-28 00:00:00+00:00, run_after=2025-09-29 00:00:00+00:00
[2025-09-29T14:44:38.409+0000] {processor.py:208} INFO - Processing /home/airflow/.local/lib/python3.12/site-packages/airflow/example_dags/example_branch_datetime_operator.py took 0.062 seconds
[2025-09-29T14:45:08.757+0000] {processor.py:186} INFO - Started process (PID=1437) to work on /home/airflow/.local/lib/python3.12/site-packages/airflow/example_dags/example_branch_datetime_operator.py
[2025-09-29T14:45:08.757+0000] {processor.py:914} INFO - Processing file /home/airflow/.local/lib/python3.12/site-packages/airflow/example_dags/example_branch_datetime_operator.py for tasks to queue
[2025-09-29T14:45:08.759+0000] {logging_mixin.py:190} INFO - [2025-09-29T14:45:08.758+0000] {dagbag.py:588} INFO - Filling up the DagBag from /home/airflow/.local/lib/python3.12/site-packages/airflow/example_dags/example_branch_datetime_operator.py
[2025-09-29T14:45:08.764+0000] {processor.py:925} INFO - DAG(s) 'example_branch_datetime_operator_3', 'example_branch_datetime_operator_2', 'example_branch_datetime_operator' retrieved from /home/airflow/.local/lib/python3.12/site-packages/airflow/example_dags/example_branch_datetime_operator.py
[2025-09-29T14:45:08.777+0000] {logging_mixin.py:190} INFO - [2025-09-29T14:45:08.777+0000] {dag.py:3239} INFO - Sync 3 DAGs
[2025-09-29T14:45:08.792+0000] {logging_mixin.py:190} INFO - [2025-09-29T14:45:08.792+0000] {dag.py:4180} INFO - Setting next_dagrun for example_branch_datetime_operator to 2025-09-28 00:00:00+00:00, run_after=2025-09-29 00:00:00+00:00
[2025-09-29T14:45:08.796+0000] {logging_mixin.py:190} INFO - [2025-09-29T14:45:08.796+0000] {dag.py:4180} INFO - Setting next_dagrun for example_branch_datetime_operator_2 to 2025-09-28 00:00:00+00:00, run_after=2025-09-29 00:00:00+00:00
[2025-09-29T14:45:08.801+0000] {logging_mixin.py:190} INFO - [2025-09-29T14:45:08.801+0000] {dag.py:4180} INFO - Setting next_dagrun for example_branch_datetime_operator_3 to 2025-09-28 00:00:00+00:00, run_after=2025-09-29 00:00:00+00:00
[2025-09-29T14:45:08.814+0000] {processor.py:208} INFO - Processing /home/airflow/.local/lib/python3.12/site-packages/airflow/example_dags/example_branch_datetime_operator.py took 0.060 seconds
[2025-09-29T14:45:39.216+0000] {processor.py:186} INFO - Started process (PID=1501) to work on /home/airflow/.local/lib/python3.12/site-packages/airflow/example_dags/example_branch_datetime_operator.py
[2025-09-29T14:45:39.217+0000] {processor.py:914} INFO - Processing file /home/airflow/.local/lib/python3.12/site-packages/airflow/example_dags/example_branch_datetime_operator.py for tasks to queue
[2025-09-29T14:45:39.219+0000] {logging_mixin.py:190} INFO - [2025-09-29T14:45:39.218+0000] {dagbag.py:588} INFO - Filling up the DagBag from /home/airflow/.local/lib/python3.12/site-packages/airflow/example_dags/example_branch_datetime_operator.py
[2025-09-29T14:45:39.224+0000] {processor.py:925} INFO - DAG(s) 'example_branch_datetime_operator_3', 'example_branch_datetime_operator_2', 'example_branch_datetime_operator' retrieved from /home/airflow/.local/lib/python3.12/site-packages/airflow/example_dags/example_branch_datetime_operator.py
[2025-09-29T14:45:39.239+0000] {logging_mixin.py:190} INFO - [2025-09-29T14:45:39.239+0000] {dag.py:3239} INFO - Sync 3 DAGs
[2025-09-29T14:45:39.256+0000] {logging_mixin.py:190} INFO - [2025-09-29T14:45:39.256+0000] {dag.py:4180} INFO - Setting next_dagrun for example_branch_datetime_operator to 2025-09-28 00:00:00+00:00, run_after=2025-09-29 00:00:00+00:00
[2025-09-29T14:45:39.262+0000] {logging_mixin.py:190} INFO - [2025-09-29T14:45:39.261+0000] {dag.py:4180} INFO - Setting next_dagrun for example_branch_datetime_operator_2 to 2025-09-28 00:00:00+00:00, run_after=2025-09-29 00:00:00+00:00
[2025-09-29T14:45:39.264+0000] {logging_mixin.py:190} INFO - [2025-09-29T14:45:39.264+0000] {dag.py:4180} INFO - Setting next_dagrun for example_branch_datetime_operator_3 to 2025-09-28 00:00:00+00:00, run_after=2025-09-29 00:00:00+00:00
[2025-09-29T14:45:39.281+0000] {processor.py:208} INFO - Processing /home/airflow/.local/lib/python3.12/site-packages/airflow/example_dags/example_branch_datetime_operator.py took 0.068 seconds
[2025-09-29T14:46:09.812+0000] {processor.py:186} INFO - Started process (PID=1565) to work on /home/airflow/.local/lib/python3.12/site-packages/airflow/example_dags/example_branch_datetime_operator.py
[2025-09-29T14:46:09.815+0000] {processor.py:914} INFO - Processing file /home/airflow/.local/lib/python3.12/site-packages/airflow/example_dags/example_branch_datetime_operator.py for tasks to queue
[2025-09-29T14:46:09.819+0000] {logging_mixin.py:190} INFO - [2025-09-29T14:46:09.819+0000] {dagbag.py:588} INFO - Filling up the DagBag from /home/airflow/.local/lib/python3.12/site-packages/airflow/example_dags/example_branch_datetime_operator.py
[2025-09-29T14:46:09.830+0000] {processor.py:925} INFO - DAG(s) 'example_branch_datetime_operator_3', 'example_branch_datetime_operator_2', 'example_branch_datetime_operator' retrieved from /home/airflow/.local/lib/python3.12/site-packages/airflow/example_dags/example_branch_datetime_operator.py
[2025-09-29T14:46:09.855+0000] {logging_mixin.py:190} INFO - [2025-09-29T14:46:09.854+0000] {dag.py:3239} INFO - Sync 3 DAGs
[2025-09-29T14:46:09.875+0000] {logging_mixin.py:190} INFO - [2025-09-29T14:46:09.875+0000] {dag.py:4180} INFO - Setting next_dagrun for example_branch_datetime_operator to 2025-09-28 00:00:00+00:00, run_after=2025-09-29 00:00:00+00:00
[2025-09-29T14:46:09.879+0000] {logging_mixin.py:190} INFO - [2025-09-29T14:46:09.878+0000] {dag.py:4180} INFO - Setting next_dagrun for example_branch_datetime_operator_2 to 2025-09-28 00:00:00+00:00, run_after=2025-09-29 00:00:00+00:00
[2025-09-29T14:46:09.881+0000] {logging_mixin.py:190} INFO - [2025-09-29T14:46:09.881+0000] {dag.py:4180} INFO - Setting next_dagrun for example_branch_datetime_operator_3 to 2025-09-28 00:00:00+00:00, run_after=2025-09-29 00:00:00+00:00
[2025-09-29T14:46:09.896+0000] {processor.py:208} INFO - Processing /home/airflow/.local/lib/python3.12/site-packages/airflow/example_dags/example_branch_datetime_operator.py took 0.088 seconds
[2025-09-29T14:46:40.378+0000] {processor.py:186} INFO - Started process (PID=1629) to work on /home/airflow/.local/lib/python3.12/site-packages/airflow/example_dags/example_branch_datetime_operator.py
[2025-09-29T14:46:40.380+0000] {processor.py:914} INFO - Processing file /home/airflow/.local/lib/python3.12/site-packages/airflow/example_dags/example_branch_datetime_operator.py for tasks to queue
[2025-09-29T14:46:40.382+0000] {logging_mixin.py:190} INFO - [2025-09-29T14:46:40.381+0000] {dagbag.py:588} INFO - Filling up the DagBag from /home/airflow/.local/lib/python3.12/site-packages/airflow/example_dags/example_branch_datetime_operator.py
[2025-09-29T14:46:40.388+0000] {processor.py:925} INFO - DAG(s) 'example_branch_datetime_operator_2', 'example_branch_datetime_operator', 'example_branch_datetime_operator_3' retrieved from /home/airflow/.local/lib/python3.12/site-packages/airflow/example_dags/example_branch_datetime_operator.py
[2025-09-29T14:46:40.401+0000] {logging_mixin.py:190} INFO - [2025-09-29T14:46:40.401+0000] {dag.py:3239} INFO - Sync 3 DAGs
[2025-09-29T14:46:40.414+0000] {logging_mixin.py:190} INFO - [2025-09-29T14:46:40.414+0000] {dag.py:4180} INFO - Setting next_dagrun for example_branch_datetime_operator to 2025-09-28 00:00:00+00:00, run_after=2025-09-29 00:00:00+00:00
[2025-09-29T14:46:40.417+0000] {logging_mixin.py:190} INFO - [2025-09-29T14:46:40.417+0000] {dag.py:4180} INFO - Setting next_dagrun for example_branch_datetime_operator_2 to 2025-09-28 00:00:00+00:00, run_after=2025-09-29 00:00:00+00:00
[2025-09-29T14:46:40.418+0000] {logging_mixin.py:190} INFO - [2025-09-29T14:46:40.418+0000] {dag.py:4180} INFO - Setting next_dagrun for example_branch_datetime_operator_3 to 2025-09-28 00:00:00+00:00, run_after=2025-09-29 00:00:00+00:00
[2025-09-29T14:46:40.429+0000] {processor.py:208} INFO - Processing /home/airflow/.local/lib/python3.12/site-packages/airflow/example_dags/example_branch_datetime_operator.py took 0.055 seconds
[2025-09-29T14:47:10.709+0000] {processor.py:186} INFO - Started process (PID=1693) to work on /home/airflow/.local/lib/python3.12/site-packages/airflow/example_dags/example_branch_datetime_operator.py
[2025-09-29T14:47:10.710+0000] {processor.py:914} INFO - Processing file /home/airflow/.local/lib/python3.12/site-packages/airflow/example_dags/example_branch_datetime_operator.py for tasks to queue
[2025-09-29T14:47:10.711+0000] {logging_mixin.py:190} INFO - [2025-09-29T14:47:10.711+0000] {dagbag.py:588} INFO - Filling up the DagBag from /home/airflow/.local/lib/python3.12/site-packages/airflow/example_dags/example_branch_datetime_operator.py
[2025-09-29T14:47:10.719+0000] {processor.py:925} INFO - DAG(s) 'example_branch_datetime_operator_2', 'example_branch_datetime_operator', 'example_branch_datetime_operator_3' retrieved from /home/airflow/.local/lib/python3.12/site-packages/airflow/example_dags/example_branch_datetime_operator.py
[2025-09-29T14:47:10.737+0000] {logging_mixin.py:190} INFO - [2025-09-29T14:47:10.737+0000] {dag.py:3239} INFO - Sync 3 DAGs
[2025-09-29T14:47:10.751+0000] {logging_mixin.py:190} INFO - [2025-09-29T14:47:10.750+0000] {dag.py:4180} INFO - Setting next_dagrun for example_branch_datetime_operator to 2025-09-28 00:00:00+00:00, run_after=2025-09-29 00:00:00+00:00
[2025-09-29T14:47:10.753+0000] {logging_mixin.py:190} INFO - [2025-09-29T14:47:10.753+0000] {dag.py:4180} INFO - Setting next_dagrun for example_branch_datetime_operator_2 to 2025-09-28 00:00:00+00:00, run_after=2025-09-29 00:00:00+00:00
[2025-09-29T14:47:10.755+0000] {logging_mixin.py:190} INFO - [2025-09-29T14:47:10.754+0000] {dag.py:4180} INFO - Setting next_dagrun for example_branch_datetime_operator_3 to 2025-09-28 00:00:00+00:00, run_after=2025-09-29 00:00:00+00:00
[2025-09-29T14:47:10.764+0000] {processor.py:208} INFO - Processing /home/airflow/.local/lib/python3.12/site-packages/airflow/example_dags/example_branch_datetime_operator.py took 0.059 seconds
[2025-09-29T14:47:41.137+0000] {processor.py:186} INFO - Started process (PID=1757) to work on /home/airflow/.local/lib/python3.12/site-packages/airflow/example_dags/example_branch_datetime_operator.py
[2025-09-29T14:47:41.139+0000] {processor.py:914} INFO - Processing file /home/airflow/.local/lib/python3.12/site-packages/airflow/example_dags/example_branch_datetime_operator.py for tasks to queue
[2025-09-29T14:47:41.141+0000] {logging_mixin.py:190} INFO - [2025-09-29T14:47:41.141+0000] {dagbag.py:588} INFO - Filling up the DagBag from /home/airflow/.local/lib/python3.12/site-packages/airflow/example_dags/example_branch_datetime_operator.py
[2025-09-29T14:47:41.148+0000] {processor.py:925} INFO - DAG(s) 'example_branch_datetime_operator_3', 'example_branch_datetime_operator_2', 'example_branch_datetime_operator' retrieved from /home/airflow/.local/lib/python3.12/site-packages/airflow/example_dags/example_branch_datetime_operator.py
[2025-09-29T14:47:41.163+0000] {logging_mixin.py:190} INFO - [2025-09-29T14:47:41.163+0000] {dag.py:3239} INFO - Sync 3 DAGs
[2025-09-29T14:47:41.175+0000] {logging_mixin.py:190} INFO - [2025-09-29T14:47:41.175+0000] {dag.py:4180} INFO - Setting next_dagrun for example_branch_datetime_operator to 2025-09-28 00:00:00+00:00, run_after=2025-09-29 00:00:00+00:00
[2025-09-29T14:47:41.178+0000] {logging_mixin.py:190} INFO - [2025-09-29T14:47:41.178+0000] {dag.py:4180} INFO - Setting next_dagrun for example_branch_datetime_operator_2 to 2025-09-28 00:00:00+00:00, run_after=2025-09-29 00:00:00+00:00
[2025-09-29T14:47:41.180+0000] {logging_mixin.py:190} INFO - [2025-09-29T14:47:41.180+0000] {dag.py:4180} INFO - Setting next_dagrun for example_branch_datetime_operator_3 to 2025-09-28 00:00:00+00:00, run_after=2025-09-29 00:00:00+00:00
[2025-09-29T14:47:41.189+0000] {processor.py:208} INFO - Processing /home/airflow/.local/lib/python3.12/site-packages/airflow/example_dags/example_branch_datetime_operator.py took 0.055 seconds
[2025-09-29T14:48:11.490+0000] {processor.py:186} INFO - Started process (PID=1821) to work on /home/airflow/.local/lib/python3.12/site-packages/airflow/example_dags/example_branch_datetime_operator.py
[2025-09-29T14:48:11.492+0000] {processor.py:914} INFO - Processing file /home/airflow/.local/lib/python3.12/site-packages/airflow/example_dags/example_branch_datetime_operator.py for tasks to queue
[2025-09-29T14:48:11.493+0000] {logging_mixin.py:190} INFO - [2025-09-29T14:48:11.493+0000] {dagbag.py:588} INFO - Filling up the DagBag from /home/airflow/.local/lib/python3.12/site-packages/airflow/example_dags/example_branch_datetime_operator.py
[2025-09-29T14:48:11.499+0000] {processor.py:925} INFO - DAG(s) 'example_branch_datetime_operator', 'example_branch_datetime_operator_2', 'example_branch_datetime_operator_3' retrieved from /home/airflow/.local/lib/python3.12/site-packages/airflow/example_dags/example_branch_datetime_operator.py
[2025-09-29T14:48:11.547+0000] {logging_mixin.py:190} INFO - [2025-09-29T14:48:11.546+0000] {dag.py:3239} INFO - Sync 3 DAGs
[2025-09-29T14:48:11.565+0000] {logging_mixin.py:190} INFO - [2025-09-29T14:48:11.565+0000] {dag.py:4180} INFO - Setting next_dagrun for example_branch_datetime_operator to 2025-09-28 00:00:00+00:00, run_after=2025-09-29 00:00:00+00:00
[2025-09-29T14:48:11.569+0000] {logging_mixin.py:190} INFO - [2025-09-29T14:48:11.569+0000] {dag.py:4180} INFO - Setting next_dagrun for example_branch_datetime_operator_2 to 2025-09-28 00:00:00+00:00, run_after=2025-09-29 00:00:00+00:00
[2025-09-29T14:48:11.590+0000] {logging_mixin.py:190} INFO - [2025-09-29T14:48:11.589+0000] {dag.py:4180} INFO - Setting next_dagrun for example_branch_datetime_operator_3 to 2025-09-28 00:00:00+00:00, run_after=2025-09-29 00:00:00+00:00
[2025-09-29T14:48:11.614+0000] {processor.py:208} INFO - Processing /home/airflow/.local/lib/python3.12/site-packages/airflow/example_dags/example_branch_datetime_operator.py took 0.127 seconds
[2025-09-29T14:48:41.827+0000] {processor.py:186} INFO - Started process (PID=1885) to work on /home/airflow/.local/lib/python3.12/site-packages/airflow/example_dags/example_branch_datetime_operator.py
[2025-09-29T14:48:41.828+0000] {processor.py:914} INFO - Processing file /home/airflow/.local/lib/python3.12/site-packages/airflow/example_dags/example_branch_datetime_operator.py for tasks to queue
[2025-09-29T14:48:41.830+0000] {logging_mixin.py:190} INFO - [2025-09-29T14:48:41.829+0000] {dagbag.py:588} INFO - Filling up the DagBag from /home/airflow/.local/lib/python3.12/site-packages/airflow/example_dags/example_branch_datetime_operator.py
[2025-09-29T14:48:41.835+0000] {processor.py:925} INFO - DAG(s) 'example_branch_datetime_operator', 'example_branch_datetime_operator_2', 'example_branch_datetime_operator_3' retrieved from /home/airflow/.local/lib/python3.12/site-packages/airflow/example_dags/example_branch_datetime_operator.py
[2025-09-29T14:48:41.851+0000] {logging_mixin.py:190} INFO - [2025-09-29T14:48:41.851+0000] {dag.py:3239} INFO - Sync 3 DAGs
[2025-09-29T14:48:41.863+0000] {logging_mixin.py:190} INFO - [2025-09-29T14:48:41.862+0000] {dag.py:4180} INFO - Setting next_dagrun for example_branch_datetime_operator to 2025-09-28 00:00:00+00:00, run_after=2025-09-29 00:00:00+00:00
[2025-09-29T14:48:41.865+0000] {logging_mixin.py:190} INFO - [2025-09-29T14:48:41.865+0000] {dag.py:4180} INFO - Setting next_dagrun for example_branch_datetime_operator_2 to 2025-09-28 00:00:00+00:00, run_after=2025-09-29 00:00:00+00:00
[2025-09-29T14:48:41.866+0000] {logging_mixin.py:190} INFO - [2025-09-29T14:48:41.866+0000] {dag.py:4180} INFO - Setting next_dagrun for example_branch_datetime_operator_3 to 2025-09-28 00:00:00+00:00, run_after=2025-09-29 00:00:00+00:00
[2025-09-29T14:48:41.875+0000] {processor.py:208} INFO - Processing /home/airflow/.local/lib/python3.12/site-packages/airflow/example_dags/example_branch_datetime_operator.py took 0.051 seconds
[2025-09-29T14:49:12.057+0000] {processor.py:186} INFO - Started process (PID=1949) to work on /home/airflow/.local/lib/python3.12/site-packages/airflow/example_dags/example_branch_datetime_operator.py
[2025-09-29T14:49:12.059+0000] {processor.py:914} INFO - Processing file /home/airflow/.local/lib/python3.12/site-packages/airflow/example_dags/example_branch_datetime_operator.py for tasks to queue
[2025-09-29T14:49:12.061+0000] {logging_mixin.py:190} INFO - [2025-09-29T14:49:12.061+0000] {dagbag.py:588} INFO - Filling up the DagBag from /home/airflow/.local/lib/python3.12/site-packages/airflow/example_dags/example_branch_datetime_operator.py
[2025-09-29T14:49:12.067+0000] {processor.py:925} INFO - DAG(s) 'example_branch_datetime_operator_2', 'example_branch_datetime_operator', 'example_branch_datetime_operator_3' retrieved from /home/airflow/.local/lib/python3.12/site-packages/airflow/example_dags/example_branch_datetime_operator.py
[2025-09-29T14:49:12.084+0000] {logging_mixin.py:190} INFO - [2025-09-29T14:49:12.084+0000] {dag.py:3239} INFO - Sync 3 DAGs
[2025-09-29T14:49:12.097+0000] {logging_mixin.py:190} INFO - [2025-09-29T14:49:12.097+0000] {dag.py:4180} INFO - Setting next_dagrun for example_branch_datetime_operator to 2025-09-28 00:00:00+00:00, run_after=2025-09-29 00:00:00+00:00
[2025-09-29T14:49:12.099+0000] {logging_mixin.py:190} INFO - [2025-09-29T14:49:12.099+0000] {dag.py:4180} INFO - Setting next_dagrun for example_branch_datetime_operator_2 to 2025-09-28 00:00:00+00:00, run_after=2025-09-29 00:00:00+00:00
[2025-09-29T14:49:12.100+0000] {logging_mixin.py:190} INFO - [2025-09-29T14:49:12.100+0000] {dag.py:4180} INFO - Setting next_dagrun for example_branch_datetime_operator_3 to 2025-09-28 00:00:00+00:00, run_after=2025-09-29 00:00:00+00:00
[2025-09-29T14:49:12.109+0000] {processor.py:208} INFO - Processing /home/airflow/.local/lib/python3.12/site-packages/airflow/example_dags/example_branch_datetime_operator.py took 0.055 seconds
[2025-09-29T14:49:42.564+0000] {processor.py:186} INFO - Started process (PID=2013) to work on /home/airflow/.local/lib/python3.12/site-packages/airflow/example_dags/example_branch_datetime_operator.py
[2025-09-29T14:49:42.568+0000] {processor.py:914} INFO - Processing file /home/airflow/.local/lib/python3.12/site-packages/airflow/example_dags/example_branch_datetime_operator.py for tasks to queue
[2025-09-29T14:49:42.569+0000] {logging_mixin.py:190} INFO - [2025-09-29T14:49:42.569+0000] {dagbag.py:588} INFO - Filling up the DagBag from /home/airflow/.local/lib/python3.12/site-packages/airflow/example_dags/example_branch_datetime_operator.py
[2025-09-29T14:49:42.575+0000] {processor.py:925} INFO - DAG(s) 'example_branch_datetime_operator', 'example_branch_datetime_operator_2', 'example_branch_datetime_operator_3' retrieved from /home/airflow/.local/lib/python3.12/site-packages/airflow/example_dags/example_branch_datetime_operator.py
[2025-09-29T14:49:42.589+0000] {logging_mixin.py:190} INFO - [2025-09-29T14:49:42.589+0000] {dag.py:3239} INFO - Sync 3 DAGs
[2025-09-29T14:49:42.601+0000] {logging_mixin.py:190} INFO - [2025-09-29T14:49:42.601+0000] {dag.py:4180} INFO - Setting next_dagrun for example_branch_datetime_operator to 2025-09-28 00:00:00+00:00, run_after=2025-09-29 00:00:00+00:00
[2025-09-29T14:49:42.605+0000] {logging_mixin.py:190} INFO - [2025-09-29T14:49:42.604+0000] {dag.py:4180} INFO - Setting next_dagrun for example_branch_datetime_operator_2 to 2025-09-28 00:00:00+00:00, run_after=2025-09-29 00:00:00+00:00
[2025-09-29T14:49:42.606+0000] {logging_mixin.py:190} INFO - [2025-09-29T14:49:42.606+0000] {dag.py:4180} INFO - Setting next_dagrun for example_branch_datetime_operator_3 to 2025-09-28 00:00:00+00:00, run_after=2025-09-29 00:00:00+00:00
[2025-09-29T14:49:42.617+0000] {processor.py:208} INFO - Processing /home/airflow/.local/lib/python3.12/site-packages/airflow/example_dags/example_branch_datetime_operator.py took 0.056 seconds
[2025-09-29T14:50:12.860+0000] {processor.py:186} INFO - Started process (PID=2077) to work on /home/airflow/.local/lib/python3.12/site-packages/airflow/example_dags/example_branch_datetime_operator.py
[2025-09-29T14:50:12.862+0000] {processor.py:914} INFO - Processing file /home/airflow/.local/lib/python3.12/site-packages/airflow/example_dags/example_branch_datetime_operator.py for tasks to queue
[2025-09-29T14:50:12.863+0000] {logging_mixin.py:190} INFO - [2025-09-29T14:50:12.863+0000] {dagbag.py:588} INFO - Filling up the DagBag from /home/airflow/.local/lib/python3.12/site-packages/airflow/example_dags/example_branch_datetime_operator.py
[2025-09-29T14:50:12.869+0000] {processor.py:925} INFO - DAG(s) 'example_branch_datetime_operator', 'example_branch_datetime_operator_3', 'example_branch_datetime_operator_2' retrieved from /home/airflow/.local/lib/python3.12/site-packages/airflow/example_dags/example_branch_datetime_operator.py
[2025-09-29T14:50:12.883+0000] {logging_mixin.py:190} INFO - [2025-09-29T14:50:12.883+0000] {dag.py:3239} INFO - Sync 3 DAGs
[2025-09-29T14:50:12.898+0000] {logging_mixin.py:190} INFO - [2025-09-29T14:50:12.898+0000] {dag.py:4180} INFO - Setting next_dagrun for example_branch_datetime_operator to 2025-09-28 00:00:00+00:00, run_after=2025-09-29 00:00:00+00:00
[2025-09-29T14:50:12.901+0000] {logging_mixin.py:190} INFO - [2025-09-29T14:50:12.901+0000] {dag.py:4180} INFO - Setting next_dagrun for example_branch_datetime_operator_2 to 2025-09-28 00:00:00+00:00, run_after=2025-09-29 00:00:00+00:00
[2025-09-29T14:50:12.902+0000] {logging_mixin.py:190} INFO - [2025-09-29T14:50:12.902+0000] {dag.py:4180} INFO - Setting next_dagrun for example_branch_datetime_operator_3 to 2025-09-28 00:00:00+00:00, run_after=2025-09-29 00:00:00+00:00
[2025-09-29T14:50:12.914+0000] {processor.py:208} INFO - Processing /home/airflow/.local/lib/python3.12/site-packages/airflow/example_dags/example_branch_datetime_operator.py took 0.057 seconds
[2025-09-29T14:50:43.194+0000] {processor.py:186} INFO - Started process (PID=2141) to work on /home/airflow/.local/lib/python3.12/site-packages/airflow/example_dags/example_branch_datetime_operator.py
[2025-09-29T14:50:43.196+0000] {processor.py:914} INFO - Processing file /home/airflow/.local/lib/python3.12/site-packages/airflow/example_dags/example_branch_datetime_operator.py for tasks to queue
[2025-09-29T14:50:43.197+0000] {logging_mixin.py:190} INFO - [2025-09-29T14:50:43.197+0000] {dagbag.py:588} INFO - Filling up the DagBag from /home/airflow/.local/lib/python3.12/site-packages/airflow/example_dags/example_branch_datetime_operator.py
[2025-09-29T14:50:43.203+0000] {processor.py:925} INFO - DAG(s) 'example_branch_datetime_operator_3', 'example_branch_datetime_operator', 'example_branch_datetime_operator_2' retrieved from /home/airflow/.local/lib/python3.12/site-packages/airflow/example_dags/example_branch_datetime_operator.py
[2025-09-29T14:50:43.217+0000] {logging_mixin.py:190} INFO - [2025-09-29T14:50:43.217+0000] {dag.py:3239} INFO - Sync 3 DAGs
[2025-09-29T14:50:43.228+0000] {logging_mixin.py:190} INFO - [2025-09-29T14:50:43.228+0000] {dag.py:4180} INFO - Setting next_dagrun for example_branch_datetime_operator to 2025-09-28 00:00:00+00:00, run_after=2025-09-29 00:00:00+00:00
[2025-09-29T14:50:43.232+0000] {logging_mixin.py:190} INFO - [2025-09-29T14:50:43.232+0000] {dag.py:4180} INFO - Setting next_dagrun for example_branch_datetime_operator_2 to 2025-09-28 00:00:00+00:00, run_after=2025-09-29 00:00:00+00:00
[2025-09-29T14:50:43.233+0000] {logging_mixin.py:190} INFO - [2025-09-29T14:50:43.233+0000] {dag.py:4180} INFO - Setting next_dagrun for example_branch_datetime_operator_3 to 2025-09-28 00:00:00+00:00, run_after=2025-09-29 00:00:00+00:00
[2025-09-29T14:50:43.243+0000] {processor.py:208} INFO - Processing /home/airflow/.local/lib/python3.12/site-packages/airflow/example_dags/example_branch_datetime_operator.py took 0.052 seconds
[2025-09-29T14:51:13.394+0000] {processor.py:186} INFO - Started process (PID=2205) to work on /home/airflow/.local/lib/python3.12/site-packages/airflow/example_dags/example_branch_datetime_operator.py
[2025-09-29T14:51:13.395+0000] {processor.py:914} INFO - Processing file /home/airflow/.local/lib/python3.12/site-packages/airflow/example_dags/example_branch_datetime_operator.py for tasks to queue
[2025-09-29T14:51:13.397+0000] {logging_mixin.py:190} INFO - [2025-09-29T14:51:13.396+0000] {dagbag.py:588} INFO - Filling up the DagBag from /home/airflow/.local/lib/python3.12/site-packages/airflow/example_dags/example_branch_datetime_operator.py
[2025-09-29T14:51:13.403+0000] {processor.py:925} INFO - DAG(s) 'example_branch_datetime_operator_2', 'example_branch_datetime_operator', 'example_branch_datetime_operator_3' retrieved from /home/airflow/.local/lib/python3.12/site-packages/airflow/example_dags/example_branch_datetime_operator.py
[2025-09-29T14:51:13.421+0000] {logging_mixin.py:190} INFO - [2025-09-29T14:51:13.421+0000] {dag.py:3239} INFO - Sync 3 DAGs
[2025-09-29T14:51:13.433+0000] {logging_mixin.py:190} INFO - [2025-09-29T14:51:13.433+0000] {dag.py:4180} INFO - Setting next_dagrun for example_branch_datetime_operator to 2025-09-28 00:00:00+00:00, run_after=2025-09-29 00:00:00+00:00
[2025-09-29T14:51:13.436+0000] {logging_mixin.py:190} INFO - [2025-09-29T14:51:13.436+0000] {dag.py:4180} INFO - Setting next_dagrun for example_branch_datetime_operator_2 to 2025-09-28 00:00:00+00:00, run_after=2025-09-29 00:00:00+00:00
[2025-09-29T14:51:13.437+0000] {logging_mixin.py:190} INFO - [2025-09-29T14:51:13.437+0000] {dag.py:4180} INFO - Setting next_dagrun for example_branch_datetime_operator_3 to 2025-09-28 00:00:00+00:00, run_after=2025-09-29 00:00:00+00:00
[2025-09-29T14:51:13.444+0000] {processor.py:208} INFO - Processing /home/airflow/.local/lib/python3.12/site-packages/airflow/example_dags/example_branch_datetime_operator.py took 0.052 seconds
[2025-09-29T14:51:43.747+0000] {processor.py:186} INFO - Started process (PID=2269) to work on /home/airflow/.local/lib/python3.12/site-packages/airflow/example_dags/example_branch_datetime_operator.py
[2025-09-29T14:51:43.748+0000] {processor.py:914} INFO - Processing file /home/airflow/.local/lib/python3.12/site-packages/airflow/example_dags/example_branch_datetime_operator.py for tasks to queue
[2025-09-29T14:51:43.751+0000] {logging_mixin.py:190} INFO - [2025-09-29T14:51:43.750+0000] {dagbag.py:588} INFO - Filling up the DagBag from /home/airflow/.local/lib/python3.12/site-packages/airflow/example_dags/example_branch_datetime_operator.py
[2025-09-29T14:51:43.758+0000] {processor.py:925} INFO - DAG(s) 'example_branch_datetime_operator', 'example_branch_datetime_operator_3', 'example_branch_datetime_operator_2' retrieved from /home/airflow/.local/lib/python3.12/site-packages/airflow/example_dags/example_branch_datetime_operator.py
[2025-09-29T14:51:43.773+0000] {logging_mixin.py:190} INFO - [2025-09-29T14:51:43.773+0000] {dag.py:3239} INFO - Sync 3 DAGs
[2025-09-29T14:51:43.788+0000] {logging_mixin.py:190} INFO - [2025-09-29T14:51:43.788+0000] {dag.py:4180} INFO - Setting next_dagrun for example_branch_datetime_operator to 2025-09-28 00:00:00+00:00, run_after=2025-09-29 00:00:00+00:00
[2025-09-29T14:51:43.792+0000] {logging_mixin.py:190} INFO - [2025-09-29T14:51:43.792+0000] {dag.py:4180} INFO - Setting next_dagrun for example_branch_datetime_operator_2 to 2025-09-28 00:00:00+00:00, run_after=2025-09-29 00:00:00+00:00
[2025-09-29T14:51:43.794+0000] {logging_mixin.py:190} INFO - [2025-09-29T14:51:43.794+0000] {dag.py:4180} INFO - Setting next_dagrun for example_branch_datetime_operator_3 to 2025-09-28 00:00:00+00:00, run_after=2025-09-29 00:00:00+00:00
[2025-09-29T14:51:43.804+0000] {processor.py:208} INFO - Processing /home/airflow/.local/lib/python3.12/site-packages/airflow/example_dags/example_branch_datetime_operator.py took 0.063 seconds
[2025-09-29T14:52:14.061+0000] {processor.py:186} INFO - Started process (PID=2332) to work on /home/airflow/.local/lib/python3.12/site-packages/airflow/example_dags/example_branch_datetime_operator.py
[2025-09-29T14:52:14.061+0000] {processor.py:914} INFO - Processing file /home/airflow/.local/lib/python3.12/site-packages/airflow/example_dags/example_branch_datetime_operator.py for tasks to queue
[2025-09-29T14:52:14.062+0000] {logging_mixin.py:190} INFO - [2025-09-29T14:52:14.062+0000] {dagbag.py:588} INFO - Filling up the DagBag from /home/airflow/.local/lib/python3.12/site-packages/airflow/example_dags/example_branch_datetime_operator.py
[2025-09-29T14:52:14.069+0000] {processor.py:925} INFO - DAG(s) 'example_branch_datetime_operator_3', 'example_branch_datetime_operator_2', 'example_branch_datetime_operator' retrieved from /home/airflow/.local/lib/python3.12/site-packages/airflow/example_dags/example_branch_datetime_operator.py
[2025-09-29T14:52:14.084+0000] {logging_mixin.py:190} INFO - [2025-09-29T14:52:14.084+0000] {dag.py:3239} INFO - Sync 3 DAGs
[2025-09-29T14:52:14.098+0000] {logging_mixin.py:190} INFO - [2025-09-29T14:52:14.098+0000] {dag.py:4180} INFO - Setting next_dagrun for example_branch_datetime_operator to 2025-09-28 00:00:00+00:00, run_after=2025-09-29 00:00:00+00:00
[2025-09-29T14:52:14.103+0000] {logging_mixin.py:190} INFO - [2025-09-29T14:52:14.103+0000] {dag.py:4180} INFO - Setting next_dagrun for example_branch_datetime_operator_2 to 2025-09-28 00:00:00+00:00, run_after=2025-09-29 00:00:00+00:00
[2025-09-29T14:52:14.106+0000] {logging_mixin.py:190} INFO - [2025-09-29T14:52:14.106+0000] {dag.py:4180} INFO - Setting next_dagrun for example_branch_datetime_operator_3 to 2025-09-28 00:00:00+00:00, run_after=2025-09-29 00:00:00+00:00
[2025-09-29T14:52:14.119+0000] {processor.py:208} INFO - Processing /home/airflow/.local/lib/python3.12/site-packages/airflow/example_dags/example_branch_datetime_operator.py took 0.062 seconds
[2025-09-29T14:52:44.258+0000] {processor.py:186} INFO - Started process (PID=2395) to work on /home/airflow/.local/lib/python3.12/site-packages/airflow/example_dags/example_branch_datetime_operator.py
[2025-09-29T14:52:44.258+0000] {processor.py:914} INFO - Processing file /home/airflow/.local/lib/python3.12/site-packages/airflow/example_dags/example_branch_datetime_operator.py for tasks to queue
[2025-09-29T14:52:44.260+0000] {logging_mixin.py:190} INFO - [2025-09-29T14:52:44.259+0000] {dagbag.py:588} INFO - Filling up the DagBag from /home/airflow/.local/lib/python3.12/site-packages/airflow/example_dags/example_branch_datetime_operator.py
[2025-09-29T14:52:44.265+0000] {processor.py:925} INFO - DAG(s) 'example_branch_datetime_operator_3', 'example_branch_datetime_operator', 'example_branch_datetime_operator_2' retrieved from /home/airflow/.local/lib/python3.12/site-packages/airflow/example_dags/example_branch_datetime_operator.py
[2025-09-29T14:52:44.280+0000] {logging_mixin.py:190} INFO - [2025-09-29T14:52:44.280+0000] {dag.py:3239} INFO - Sync 3 DAGs
[2025-09-29T14:52:44.292+0000] {logging_mixin.py:190} INFO - [2025-09-29T14:52:44.292+0000] {dag.py:4180} INFO - Setting next_dagrun for example_branch_datetime_operator to 2025-09-28 00:00:00+00:00, run_after=2025-09-29 00:00:00+00:00
[2025-09-29T14:52:44.294+0000] {logging_mixin.py:190} INFO - [2025-09-29T14:52:44.294+0000] {dag.py:4180} INFO - Setting next_dagrun for example_branch_datetime_operator_2 to 2025-09-28 00:00:00+00:00, run_after=2025-09-29 00:00:00+00:00
[2025-09-29T14:52:44.295+0000] {logging_mixin.py:190} INFO - [2025-09-29T14:52:44.295+0000] {dag.py:4180} INFO - Setting next_dagrun for example_branch_datetime_operator_3 to 2025-09-28 00:00:00+00:00, run_after=2025-09-29 00:00:00+00:00
[2025-09-29T14:52:44.304+0000] {processor.py:208} INFO - Processing /home/airflow/.local/lib/python3.12/site-packages/airflow/example_dags/example_branch_datetime_operator.py took 0.049 seconds
[2025-09-29T14:53:14.441+0000] {processor.py:186} INFO - Started process (PID=2458) to work on /home/airflow/.local/lib/python3.12/site-packages/airflow/example_dags/example_branch_datetime_operator.py
[2025-09-29T14:53:14.442+0000] {processor.py:914} INFO - Processing file /home/airflow/.local/lib/python3.12/site-packages/airflow/example_dags/example_branch_datetime_operator.py for tasks to queue
[2025-09-29T14:53:14.443+0000] {logging_mixin.py:190} INFO - [2025-09-29T14:53:14.443+0000] {dagbag.py:588} INFO - Filling up the DagBag from /home/airflow/.local/lib/python3.12/site-packages/airflow/example_dags/example_branch_datetime_operator.py
[2025-09-29T14:53:14.449+0000] {processor.py:925} INFO - DAG(s) 'example_branch_datetime_operator', 'example_branch_datetime_operator_2', 'example_branch_datetime_operator_3' retrieved from /home/airflow/.local/lib/python3.12/site-packages/airflow/example_dags/example_branch_datetime_operator.py
[2025-09-29T14:53:14.462+0000] {logging_mixin.py:190} INFO - [2025-09-29T14:53:14.462+0000] {dag.py:3239} INFO - Sync 3 DAGs
[2025-09-29T14:53:14.476+0000] {logging_mixin.py:190} INFO - [2025-09-29T14:53:14.476+0000] {dag.py:4180} INFO - Setting next_dagrun for example_branch_datetime_operator to 2025-09-28 00:00:00+00:00, run_after=2025-09-29 00:00:00+00:00
[2025-09-29T14:53:14.481+0000] {logging_mixin.py:190} INFO - [2025-09-29T14:53:14.481+0000] {dag.py:4180} INFO - Setting next_dagrun for example_branch_datetime_operator_2 to 2025-09-28 00:00:00+00:00, run_after=2025-09-29 00:00:00+00:00
[2025-09-29T14:53:14.483+0000] {logging_mixin.py:190} INFO - [2025-09-29T14:53:14.483+0000] {dag.py:4180} INFO - Setting next_dagrun for example_branch_datetime_operator_3 to 2025-09-28 00:00:00+00:00, run_after=2025-09-29 00:00:00+00:00
[2025-09-29T14:53:14.493+0000] {processor.py:208} INFO - Processing /home/airflow/.local/lib/python3.12/site-packages/airflow/example_dags/example_branch_datetime_operator.py took 0.055 seconds
[2025-09-29T14:53:44.769+0000] {processor.py:186} INFO - Started process (PID=2521) to work on /home/airflow/.local/lib/python3.12/site-packages/airflow/example_dags/example_branch_datetime_operator.py
[2025-09-29T14:53:44.770+0000] {processor.py:914} INFO - Processing file /home/airflow/.local/lib/python3.12/site-packages/airflow/example_dags/example_branch_datetime_operator.py for tasks to queue
[2025-09-29T14:53:44.770+0000] {logging_mixin.py:190} INFO - [2025-09-29T14:53:44.770+0000] {dagbag.py:588} INFO - Filling up the DagBag from /home/airflow/.local/lib/python3.12/site-packages/airflow/example_dags/example_branch_datetime_operator.py
[2025-09-29T14:53:44.776+0000] {processor.py:925} INFO - DAG(s) 'example_branch_datetime_operator_3', 'example_branch_datetime_operator_2', 'example_branch_datetime_operator' retrieved from /home/airflow/.local/lib/python3.12/site-packages/airflow/example_dags/example_branch_datetime_operator.py
[2025-09-29T14:53:44.789+0000] {logging_mixin.py:190} INFO - [2025-09-29T14:53:44.789+0000] {dag.py:3239} INFO - Sync 3 DAGs
[2025-09-29T14:53:44.802+0000] {logging_mixin.py:190} INFO - [2025-09-29T14:53:44.802+0000] {dag.py:4180} INFO - Setting next_dagrun for example_branch_datetime_operator to 2025-09-28 00:00:00+00:00, run_after=2025-09-29 00:00:00+00:00
[2025-09-29T14:53:44.804+0000] {logging_mixin.py:190} INFO - [2025-09-29T14:53:44.804+0000] {dag.py:4180} INFO - Setting next_dagrun for example_branch_datetime_operator_2 to 2025-09-28 00:00:00+00:00, run_after=2025-09-29 00:00:00+00:00
[2025-09-29T14:53:44.805+0000] {logging_mixin.py:190} INFO - [2025-09-29T14:53:44.805+0000] {dag.py:4180} INFO - Setting next_dagrun for example_branch_datetime_operator_3 to 2025-09-28 00:00:00+00:00, run_after=2025-09-29 00:00:00+00:00
[2025-09-29T14:53:44.813+0000] {processor.py:208} INFO - Processing /home/airflow/.local/lib/python3.12/site-packages/airflow/example_dags/example_branch_datetime_operator.py took 0.047 seconds
[2025-09-29T14:54:15.011+0000] {processor.py:186} INFO - Started process (PID=2584) to work on /home/airflow/.local/lib/python3.12/site-packages/airflow/example_dags/example_branch_datetime_operator.py
[2025-09-29T14:54:15.012+0000] {processor.py:914} INFO - Processing file /home/airflow/.local/lib/python3.12/site-packages/airflow/example_dags/example_branch_datetime_operator.py for tasks to queue
[2025-09-29T14:54:15.013+0000] {logging_mixin.py:190} INFO - [2025-09-29T14:54:15.012+0000] {dagbag.py:588} INFO - Filling up the DagBag from /home/airflow/.local/lib/python3.12/site-packages/airflow/example_dags/example_branch_datetime_operator.py
[2025-09-29T14:54:15.020+0000] {processor.py:925} INFO - DAG(s) 'example_branch_datetime_operator', 'example_branch_datetime_operator_2', 'example_branch_datetime_operator_3' retrieved from /home/airflow/.local/lib/python3.12/site-packages/airflow/example_dags/example_branch_datetime_operator.py
[2025-09-29T14:54:15.035+0000] {logging_mixin.py:190} INFO - [2025-09-29T14:54:15.034+0000] {dag.py:3239} INFO - Sync 3 DAGs
[2025-09-29T14:54:15.048+0000] {logging_mixin.py:190} INFO - [2025-09-29T14:54:15.047+0000] {dag.py:4180} INFO - Setting next_dagrun for example_branch_datetime_operator to 2025-09-28 00:00:00+00:00, run_after=2025-09-29 00:00:00+00:00
[2025-09-29T14:54:15.051+0000] {logging_mixin.py:190} INFO - [2025-09-29T14:54:15.051+0000] {dag.py:4180} INFO - Setting next_dagrun for example_branch_datetime_operator_2 to 2025-09-28 00:00:00+00:00, run_after=2025-09-29 00:00:00+00:00
[2025-09-29T14:54:15.052+0000] {logging_mixin.py:190} INFO - [2025-09-29T14:54:15.052+0000] {dag.py:4180} INFO - Setting next_dagrun for example_branch_datetime_operator_3 to 2025-09-28 00:00:00+00:00, run_after=2025-09-29 00:00:00+00:00
[2025-09-29T14:54:15.063+0000] {processor.py:208} INFO - Processing /home/airflow/.local/lib/python3.12/site-packages/airflow/example_dags/example_branch_datetime_operator.py took 0.058 seconds
[2025-09-29T14:54:45.405+0000] {processor.py:186} INFO - Started process (PID=2647) to work on /home/airflow/.local/lib/python3.12/site-packages/airflow/example_dags/example_branch_datetime_operator.py
[2025-09-29T14:54:45.408+0000] {processor.py:914} INFO - Processing file /home/airflow/.local/lib/python3.12/site-packages/airflow/example_dags/example_branch_datetime_operator.py for tasks to queue
[2025-09-29T14:54:45.409+0000] {logging_mixin.py:190} INFO - [2025-09-29T14:54:45.408+0000] {dagbag.py:588} INFO - Filling up the DagBag from /home/airflow/.local/lib/python3.12/site-packages/airflow/example_dags/example_branch_datetime_operator.py
[2025-09-29T14:54:45.414+0000] {processor.py:925} INFO - DAG(s) 'example_branch_datetime_operator_2', 'example_branch_datetime_operator_3', 'example_branch_datetime_operator' retrieved from /home/airflow/.local/lib/python3.12/site-packages/airflow/example_dags/example_branch_datetime_operator.py
[2025-09-29T14:54:45.428+0000] {logging_mixin.py:190} INFO - [2025-09-29T14:54:45.428+0000] {dag.py:3239} INFO - Sync 3 DAGs
[2025-09-29T14:54:45.440+0000] {logging_mixin.py:190} INFO - [2025-09-29T14:54:45.440+0000] {dag.py:4180} INFO - Setting next_dagrun for example_branch_datetime_operator to 2025-09-28 00:00:00+00:00, run_after=2025-09-29 00:00:00+00:00
[2025-09-29T14:54:45.443+0000] {logging_mixin.py:190} INFO - [2025-09-29T14:54:45.443+0000] {dag.py:4180} INFO - Setting next_dagrun for example_branch_datetime_operator_2 to 2025-09-28 00:00:00+00:00, run_after=2025-09-29 00:00:00+00:00
[2025-09-29T14:54:45.445+0000] {logging_mixin.py:190} INFO - [2025-09-29T14:54:45.445+0000] {dag.py:4180} INFO - Setting next_dagrun for example_branch_datetime_operator_3 to 2025-09-28 00:00:00+00:00, run_after=2025-09-29 00:00:00+00:00
[2025-09-29T14:54:45.454+0000] {processor.py:208} INFO - Processing /home/airflow/.local/lib/python3.12/site-packages/airflow/example_dags/example_branch_datetime_operator.py took 0.052 seconds
[2025-09-29T14:55:15.830+0000] {processor.py:186} INFO - Started process (PID=2710) to work on /home/airflow/.local/lib/python3.12/site-packages/airflow/example_dags/example_branch_datetime_operator.py
[2025-09-29T14:55:15.830+0000] {processor.py:914} INFO - Processing file /home/airflow/.local/lib/python3.12/site-packages/airflow/example_dags/example_branch_datetime_operator.py for tasks to queue
[2025-09-29T14:55:15.831+0000] {logging_mixin.py:190} INFO - [2025-09-29T14:55:15.830+0000] {dagbag.py:588} INFO - Filling up the DagBag from /home/airflow/.local/lib/python3.12/site-packages/airflow/example_dags/example_branch_datetime_operator.py
[2025-09-29T14:55:15.837+0000] {processor.py:925} INFO - DAG(s) 'example_branch_datetime_operator_3', 'example_branch_datetime_operator', 'example_branch_datetime_operator_2' retrieved from /home/airflow/.local/lib/python3.12/site-packages/airflow/example_dags/example_branch_datetime_operator.py
[2025-09-29T14:55:15.853+0000] {logging_mixin.py:190} INFO - [2025-09-29T14:55:15.853+0000] {dag.py:3239} INFO - Sync 3 DAGs
[2025-09-29T14:55:15.870+0000] {logging_mixin.py:190} INFO - [2025-09-29T14:55:15.870+0000] {dag.py:4180} INFO - Setting next_dagrun for example_branch_datetime_operator to 2025-09-28 00:00:00+00:00, run_after=2025-09-29 00:00:00+00:00
[2025-09-29T14:55:15.873+0000] {logging_mixin.py:190} INFO - [2025-09-29T14:55:15.873+0000] {dag.py:4180} INFO - Setting next_dagrun for example_branch_datetime_operator_2 to 2025-09-28 00:00:00+00:00, run_after=2025-09-29 00:00:00+00:00
[2025-09-29T14:55:15.874+0000] {logging_mixin.py:190} INFO - [2025-09-29T14:55:15.874+0000] {dag.py:4180} INFO - Setting next_dagrun for example_branch_datetime_operator_3 to 2025-09-28 00:00:00+00:00, run_after=2025-09-29 00:00:00+00:00
[2025-09-29T14:55:15.884+0000] {processor.py:208} INFO - Processing /home/airflow/.local/lib/python3.12/site-packages/airflow/example_dags/example_branch_datetime_operator.py took 0.058 seconds
[2025-09-29T14:55:46.245+0000] {processor.py:186} INFO - Started process (PID=2772) to work on /home/airflow/.local/lib/python3.12/site-packages/airflow/example_dags/example_branch_datetime_operator.py
[2025-09-29T14:55:46.245+0000] {processor.py:914} INFO - Processing file /home/airflow/.local/lib/python3.12/site-packages/airflow/example_dags/example_branch_datetime_operator.py for tasks to queue
[2025-09-29T14:55:46.248+0000] {logging_mixin.py:190} INFO - [2025-09-29T14:55:46.247+0000] {dagbag.py:588} INFO - Filling up the DagBag from /home/airflow/.local/lib/python3.12/site-packages/airflow/example_dags/example_branch_datetime_operator.py
[2025-09-29T14:55:46.254+0000] {processor.py:925} INFO - DAG(s) 'example_branch_datetime_operator', 'example_branch_datetime_operator_2', 'example_branch_datetime_operator_3' retrieved from /home/airflow/.local/lib/python3.12/site-packages/airflow/example_dags/example_branch_datetime_operator.py
[2025-09-29T14:55:46.268+0000] {logging_mixin.py:190} INFO - [2025-09-29T14:55:46.268+0000] {dag.py:3239} INFO - Sync 3 DAGs
[2025-09-29T14:55:46.286+0000] {logging_mixin.py:190} INFO - [2025-09-29T14:55:46.286+0000] {dag.py:4180} INFO - Setting next_dagrun for example_branch_datetime_operator to 2025-09-28 00:00:00+00:00, run_after=2025-09-29 00:00:00+00:00
[2025-09-29T14:55:46.289+0000] {logging_mixin.py:190} INFO - [2025-09-29T14:55:46.289+0000] {dag.py:4180} INFO - Setting next_dagrun for example_branch_datetime_operator_2 to 2025-09-28 00:00:00+00:00, run_after=2025-09-29 00:00:00+00:00
[2025-09-29T14:55:46.293+0000] {logging_mixin.py:190} INFO - [2025-09-29T14:55:46.293+0000] {dag.py:4180} INFO - Setting next_dagrun for example_branch_datetime_operator_3 to 2025-09-28 00:00:00+00:00, run_after=2025-09-29 00:00:00+00:00
[2025-09-29T14:55:46.302+0000] {processor.py:208} INFO - Processing /home/airflow/.local/lib/python3.12/site-packages/airflow/example_dags/example_branch_datetime_operator.py took 0.061 seconds
[2025-09-29T14:56:16.788+0000] {processor.py:186} INFO - Started process (PID=2835) to work on /home/airflow/.local/lib/python3.12/site-packages/airflow/example_dags/example_branch_datetime_operator.py
[2025-09-29T14:56:16.790+0000] {processor.py:914} INFO - Processing file /home/airflow/.local/lib/python3.12/site-packages/airflow/example_dags/example_branch_datetime_operator.py for tasks to queue
[2025-09-29T14:56:16.791+0000] {logging_mixin.py:190} INFO - [2025-09-29T14:56:16.791+0000] {dagbag.py:588} INFO - Filling up the DagBag from /home/airflow/.local/lib/python3.12/site-packages/airflow/example_dags/example_branch_datetime_operator.py
[2025-09-29T14:56:16.797+0000] {processor.py:925} INFO - DAG(s) 'example_branch_datetime_operator_2', 'example_branch_datetime_operator', 'example_branch_datetime_operator_3' retrieved from /home/airflow/.local/lib/python3.12/site-packages/airflow/example_dags/example_branch_datetime_operator.py
[2025-09-29T14:56:16.815+0000] {logging_mixin.py:190} INFO - [2025-09-29T14:56:16.815+0000] {dag.py:3239} INFO - Sync 3 DAGs
[2025-09-29T14:56:16.827+0000] {logging_mixin.py:190} INFO - [2025-09-29T14:56:16.827+0000] {dag.py:4180} INFO - Setting next_dagrun for example_branch_datetime_operator to 2025-09-28 00:00:00+00:00, run_after=2025-09-29 00:00:00+00:00
[2025-09-29T14:56:16.829+0000] {logging_mixin.py:190} INFO - [2025-09-29T14:56:16.829+0000] {dag.py:4180} INFO - Setting next_dagrun for example_branch_datetime_operator_2 to 2025-09-28 00:00:00+00:00, run_after=2025-09-29 00:00:00+00:00
[2025-09-29T14:56:16.830+0000] {logging_mixin.py:190} INFO - [2025-09-29T14:56:16.830+0000] {dag.py:4180} INFO - Setting next_dagrun for example_branch_datetime_operator_3 to 2025-09-28 00:00:00+00:00, run_after=2025-09-29 00:00:00+00:00
[2025-09-29T14:56:16.843+0000] {processor.py:208} INFO - Processing /home/airflow/.local/lib/python3.12/site-packages/airflow/example_dags/example_branch_datetime_operator.py took 0.059 seconds
[2025-09-29T14:56:47.190+0000] {processor.py:186} INFO - Started process (PID=2898) to work on /home/airflow/.local/lib/python3.12/site-packages/airflow/example_dags/example_branch_datetime_operator.py
[2025-09-29T14:56:47.191+0000] {processor.py:914} INFO - Processing file /home/airflow/.local/lib/python3.12/site-packages/airflow/example_dags/example_branch_datetime_operator.py for tasks to queue
[2025-09-29T14:56:47.191+0000] {logging_mixin.py:190} INFO - [2025-09-29T14:56:47.191+0000] {dagbag.py:588} INFO - Filling up the DagBag from /home/airflow/.local/lib/python3.12/site-packages/airflow/example_dags/example_branch_datetime_operator.py
[2025-09-29T14:56:47.200+0000] {processor.py:925} INFO - DAG(s) 'example_branch_datetime_operator_3', 'example_branch_datetime_operator_2', 'example_branch_datetime_operator' retrieved from /home/airflow/.local/lib/python3.12/site-packages/airflow/example_dags/example_branch_datetime_operator.py
[2025-09-29T14:56:47.217+0000] {logging_mixin.py:190} INFO - [2025-09-29T14:56:47.217+0000] {dag.py:3239} INFO - Sync 3 DAGs
[2025-09-29T14:56:47.232+0000] {logging_mixin.py:190} INFO - [2025-09-29T14:56:47.232+0000] {dag.py:4180} INFO - Setting next_dagrun for example_branch_datetime_operator to 2025-09-28 00:00:00+00:00, run_after=2025-09-29 00:00:00+00:00
[2025-09-29T14:56:47.234+0000] {logging_mixin.py:190} INFO - [2025-09-29T14:56:47.234+0000] {dag.py:4180} INFO - Setting next_dagrun for example_branch_datetime_operator_2 to 2025-09-28 00:00:00+00:00, run_after=2025-09-29 00:00:00+00:00
[2025-09-29T14:56:47.235+0000] {logging_mixin.py:190} INFO - [2025-09-29T14:56:47.235+0000] {dag.py:4180} INFO - Setting next_dagrun for example_branch_datetime_operator_3 to 2025-09-28 00:00:00+00:00, run_after=2025-09-29 00:00:00+00:00
[2025-09-29T14:56:47.243+0000] {processor.py:208} INFO - Processing /home/airflow/.local/lib/python3.12/site-packages/airflow/example_dags/example_branch_datetime_operator.py took 0.056 seconds
[2025-09-29T14:57:17.745+0000] {processor.py:186} INFO - Started process (PID=2961) to work on /home/airflow/.local/lib/python3.12/site-packages/airflow/example_dags/example_branch_datetime_operator.py
[2025-09-29T14:57:17.746+0000] {processor.py:914} INFO - Processing file /home/airflow/.local/lib/python3.12/site-packages/airflow/example_dags/example_branch_datetime_operator.py for tasks to queue
[2025-09-29T14:57:17.746+0000] {logging_mixin.py:190} INFO - [2025-09-29T14:57:17.746+0000] {dagbag.py:588} INFO - Filling up the DagBag from /home/airflow/.local/lib/python3.12/site-packages/airflow/example_dags/example_branch_datetime_operator.py
[2025-09-29T14:57:17.752+0000] {processor.py:925} INFO - DAG(s) 'example_branch_datetime_operator_3', 'example_branch_datetime_operator_2', 'example_branch_datetime_operator' retrieved from /home/airflow/.local/lib/python3.12/site-packages/airflow/example_dags/example_branch_datetime_operator.py
[2025-09-29T14:57:17.767+0000] {logging_mixin.py:190} INFO - [2025-09-29T14:57:17.766+0000] {dag.py:3239} INFO - Sync 3 DAGs
[2025-09-29T14:57:17.779+0000] {logging_mixin.py:190} INFO - [2025-09-29T14:57:17.778+0000] {dag.py:4180} INFO - Setting next_dagrun for example_branch_datetime_operator to 2025-09-28 00:00:00+00:00, run_after=2025-09-29 00:00:00+00:00
[2025-09-29T14:57:17.781+0000] {logging_mixin.py:190} INFO - [2025-09-29T14:57:17.781+0000] {dag.py:4180} INFO - Setting next_dagrun for example_branch_datetime_operator_2 to 2025-09-28 00:00:00+00:00, run_after=2025-09-29 00:00:00+00:00
[2025-09-29T14:57:17.782+0000] {logging_mixin.py:190} INFO - [2025-09-29T14:57:17.782+0000] {dag.py:4180} INFO - Setting next_dagrun for example_branch_datetime_operator_3 to 2025-09-28 00:00:00+00:00, run_after=2025-09-29 00:00:00+00:00
[2025-09-29T14:57:17.794+0000] {processor.py:208} INFO - Processing /home/airflow/.local/lib/python3.12/site-packages/airflow/example_dags/example_branch_datetime_operator.py took 0.052 seconds
[2025-09-29T14:57:48.416+0000] {processor.py:186} INFO - Started process (PID=3024) to work on /home/airflow/.local/lib/python3.12/site-packages/airflow/example_dags/example_branch_datetime_operator.py
[2025-09-29T14:57:48.416+0000] {processor.py:914} INFO - Processing file /home/airflow/.local/lib/python3.12/site-packages/airflow/example_dags/example_branch_datetime_operator.py for tasks to queue
[2025-09-29T14:57:48.417+0000] {logging_mixin.py:190} INFO - [2025-09-29T14:57:48.417+0000] {dagbag.py:588} INFO - Filling up the DagBag from /home/airflow/.local/lib/python3.12/site-packages/airflow/example_dags/example_branch_datetime_operator.py
[2025-09-29T14:57:48.424+0000] {processor.py:925} INFO - DAG(s) 'example_branch_datetime_operator', 'example_branch_datetime_operator_3', 'example_branch_datetime_operator_2' retrieved from /home/airflow/.local/lib/python3.12/site-packages/airflow/example_dags/example_branch_datetime_operator.py
[2025-09-29T14:57:48.446+0000] {logging_mixin.py:190} INFO - [2025-09-29T14:57:48.446+0000] {dag.py:3239} INFO - Sync 3 DAGs
[2025-09-29T14:57:48.460+0000] {logging_mixin.py:190} INFO - [2025-09-29T14:57:48.460+0000] {dag.py:4180} INFO - Setting next_dagrun for example_branch_datetime_operator to 2025-09-28 00:00:00+00:00, run_after=2025-09-29 00:00:00+00:00
[2025-09-29T14:57:48.466+0000] {logging_mixin.py:190} INFO - [2025-09-29T14:57:48.466+0000] {dag.py:4180} INFO - Setting next_dagrun for example_branch_datetime_operator_2 to 2025-09-28 00:00:00+00:00, run_after=2025-09-29 00:00:00+00:00
[2025-09-29T14:57:48.467+0000] {logging_mixin.py:190} INFO - [2025-09-29T14:57:48.467+0000] {dag.py:4180} INFO - Setting next_dagrun for example_branch_datetime_operator_3 to 2025-09-28 00:00:00+00:00, run_after=2025-09-29 00:00:00+00:00
[2025-09-29T14:57:48.481+0000] {processor.py:208} INFO - Processing /home/airflow/.local/lib/python3.12/site-packages/airflow/example_dags/example_branch_datetime_operator.py took 0.068 seconds
[2025-09-29T14:58:19.127+0000] {processor.py:186} INFO - Started process (PID=3086) to work on /home/airflow/.local/lib/python3.12/site-packages/airflow/example_dags/example_branch_datetime_operator.py
[2025-09-29T14:58:19.127+0000] {processor.py:914} INFO - Processing file /home/airflow/.local/lib/python3.12/site-packages/airflow/example_dags/example_branch_datetime_operator.py for tasks to queue
[2025-09-29T14:58:19.128+0000] {logging_mixin.py:190} INFO - [2025-09-29T14:58:19.128+0000] {dagbag.py:588} INFO - Filling up the DagBag from /home/airflow/.local/lib/python3.12/site-packages/airflow/example_dags/example_branch_datetime_operator.py
[2025-09-29T14:58:19.133+0000] {processor.py:925} INFO - DAG(s) 'example_branch_datetime_operator_2', 'example_branch_datetime_operator', 'example_branch_datetime_operator_3' retrieved from /home/airflow/.local/lib/python3.12/site-packages/airflow/example_dags/example_branch_datetime_operator.py
[2025-09-29T14:58:19.149+0000] {logging_mixin.py:190} INFO - [2025-09-29T14:58:19.148+0000] {dag.py:3239} INFO - Sync 3 DAGs
[2025-09-29T14:58:19.160+0000] {logging_mixin.py:190} INFO - [2025-09-29T14:58:19.160+0000] {dag.py:4180} INFO - Setting next_dagrun for example_branch_datetime_operator to 2025-09-28 00:00:00+00:00, run_after=2025-09-29 00:00:00+00:00
[2025-09-29T14:58:19.162+0000] {logging_mixin.py:190} INFO - [2025-09-29T14:58:19.162+0000] {dag.py:4180} INFO - Setting next_dagrun for example_branch_datetime_operator_2 to 2025-09-28 00:00:00+00:00, run_after=2025-09-29 00:00:00+00:00
[2025-09-29T14:58:19.164+0000] {logging_mixin.py:190} INFO - [2025-09-29T14:58:19.164+0000] {dag.py:4180} INFO - Setting next_dagrun for example_branch_datetime_operator_3 to 2025-09-28 00:00:00+00:00, run_after=2025-09-29 00:00:00+00:00
[2025-09-29T14:58:19.172+0000] {processor.py:208} INFO - Processing /home/airflow/.local/lib/python3.12/site-packages/airflow/example_dags/example_branch_datetime_operator.py took 0.048 seconds
[2025-09-29T14:58:49.782+0000] {processor.py:186} INFO - Started process (PID=3149) to work on /home/airflow/.local/lib/python3.12/site-packages/airflow/example_dags/example_branch_datetime_operator.py
[2025-09-29T14:58:49.783+0000] {processor.py:914} INFO - Processing file /home/airflow/.local/lib/python3.12/site-packages/airflow/example_dags/example_branch_datetime_operator.py for tasks to queue
[2025-09-29T14:58:49.783+0000] {logging_mixin.py:190} INFO - [2025-09-29T14:58:49.783+0000] {dagbag.py:588} INFO - Filling up the DagBag from /home/airflow/.local/lib/python3.12/site-packages/airflow/example_dags/example_branch_datetime_operator.py
[2025-09-29T14:58:49.789+0000] {processor.py:925} INFO - DAG(s) 'example_branch_datetime_operator', 'example_branch_datetime_operator_3', 'example_branch_datetime_operator_2' retrieved from /home/airflow/.local/lib/python3.12/site-packages/airflow/example_dags/example_branch_datetime_operator.py
[2025-09-29T14:58:49.804+0000] {logging_mixin.py:190} INFO - [2025-09-29T14:58:49.804+0000] {dag.py:3239} INFO - Sync 3 DAGs
[2025-09-29T14:58:49.815+0000] {logging_mixin.py:190} INFO - [2025-09-29T14:58:49.815+0000] {dag.py:4180} INFO - Setting next_dagrun for example_branch_datetime_operator to 2025-09-28 00:00:00+00:00, run_after=2025-09-29 00:00:00+00:00
[2025-09-29T14:58:49.819+0000] {logging_mixin.py:190} INFO - [2025-09-29T14:58:49.819+0000] {dag.py:4180} INFO - Setting next_dagrun for example_branch_datetime_operator_2 to 2025-09-28 00:00:00+00:00, run_after=2025-09-29 00:00:00+00:00
[2025-09-29T14:58:49.820+0000] {logging_mixin.py:190} INFO - [2025-09-29T14:58:49.820+0000] {dag.py:4180} INFO - Setting next_dagrun for example_branch_datetime_operator_3 to 2025-09-28 00:00:00+00:00, run_after=2025-09-29 00:00:00+00:00
[2025-09-29T14:58:49.830+0000] {processor.py:208} INFO - Processing /home/airflow/.local/lib/python3.12/site-packages/airflow/example_dags/example_branch_datetime_operator.py took 0.052 seconds
[2025-09-29T14:59:20.394+0000] {processor.py:186} INFO - Started process (PID=3212) to work on /home/airflow/.local/lib/python3.12/site-packages/airflow/example_dags/example_branch_datetime_operator.py
[2025-09-29T14:59:20.396+0000] {processor.py:914} INFO - Processing file /home/airflow/.local/lib/python3.12/site-packages/airflow/example_dags/example_branch_datetime_operator.py for tasks to queue
[2025-09-29T14:59:20.398+0000] {logging_mixin.py:190} INFO - [2025-09-29T14:59:20.397+0000] {dagbag.py:588} INFO - Filling up the DagBag from /home/airflow/.local/lib/python3.12/site-packages/airflow/example_dags/example_branch_datetime_operator.py
[2025-09-29T14:59:20.403+0000] {processor.py:925} INFO - DAG(s) 'example_branch_datetime_operator_3', 'example_branch_datetime_operator_2', 'example_branch_datetime_operator' retrieved from /home/airflow/.local/lib/python3.12/site-packages/airflow/example_dags/example_branch_datetime_operator.py
[2025-09-29T14:59:20.418+0000] {logging_mixin.py:190} INFO - [2025-09-29T14:59:20.418+0000] {dag.py:3239} INFO - Sync 3 DAGs
[2025-09-29T14:59:20.430+0000] {logging_mixin.py:190} INFO - [2025-09-29T14:59:20.430+0000] {dag.py:4180} INFO - Setting next_dagrun for example_branch_datetime_operator to 2025-09-28 00:00:00+00:00, run_after=2025-09-29 00:00:00+00:00
[2025-09-29T14:59:20.434+0000] {logging_mixin.py:190} INFO - [2025-09-29T14:59:20.434+0000] {dag.py:4180} INFO - Setting next_dagrun for example_branch_datetime_operator_2 to 2025-09-28 00:00:00+00:00, run_after=2025-09-29 00:00:00+00:00
[2025-09-29T14:59:20.436+0000] {logging_mixin.py:190} INFO - [2025-09-29T14:59:20.436+0000] {dag.py:4180} INFO - Setting next_dagrun for example_branch_datetime_operator_3 to 2025-09-28 00:00:00+00:00, run_after=2025-09-29 00:00:00+00:00
[2025-09-29T14:59:20.447+0000] {processor.py:208} INFO - Processing /home/airflow/.local/lib/python3.12/site-packages/airflow/example_dags/example_branch_datetime_operator.py took 0.056 seconds
[2025-09-29T14:59:50.917+0000] {processor.py:186} INFO - Started process (PID=3275) to work on /home/airflow/.local/lib/python3.12/site-packages/airflow/example_dags/example_branch_datetime_operator.py
[2025-09-29T14:59:50.917+0000] {processor.py:914} INFO - Processing file /home/airflow/.local/lib/python3.12/site-packages/airflow/example_dags/example_branch_datetime_operator.py for tasks to queue
[2025-09-29T14:59:50.918+0000] {logging_mixin.py:190} INFO - [2025-09-29T14:59:50.918+0000] {dagbag.py:588} INFO - Filling up the DagBag from /home/airflow/.local/lib/python3.12/site-packages/airflow/example_dags/example_branch_datetime_operator.py
[2025-09-29T14:59:50.925+0000] {processor.py:925} INFO - DAG(s) 'example_branch_datetime_operator', 'example_branch_datetime_operator_2', 'example_branch_datetime_operator_3' retrieved from /home/airflow/.local/lib/python3.12/site-packages/airflow/example_dags/example_branch_datetime_operator.py
[2025-09-29T14:59:50.939+0000] {logging_mixin.py:190} INFO - [2025-09-29T14:59:50.939+0000] {dag.py:3239} INFO - Sync 3 DAGs
[2025-09-29T14:59:50.952+0000] {logging_mixin.py:190} INFO - [2025-09-29T14:59:50.952+0000] {dag.py:4180} INFO - Setting next_dagrun for example_branch_datetime_operator to 2025-09-28 00:00:00+00:00, run_after=2025-09-29 00:00:00+00:00
[2025-09-29T14:59:50.954+0000] {logging_mixin.py:190} INFO - [2025-09-29T14:59:50.954+0000] {dag.py:4180} INFO - Setting next_dagrun for example_branch_datetime_operator_2 to 2025-09-28 00:00:00+00:00, run_after=2025-09-29 00:00:00+00:00
[2025-09-29T14:59:50.956+0000] {logging_mixin.py:190} INFO - [2025-09-29T14:59:50.956+0000] {dag.py:4180} INFO - Setting next_dagrun for example_branch_datetime_operator_3 to 2025-09-28 00:00:00+00:00, run_after=2025-09-29 00:00:00+00:00
[2025-09-29T14:59:50.964+0000] {processor.py:208} INFO - Processing /home/airflow/.local/lib/python3.12/site-packages/airflow/example_dags/example_branch_datetime_operator.py took 0.051 seconds
[2025-09-29T15:00:21.537+0000] {processor.py:186} INFO - Started process (PID=3338) to work on /home/airflow/.local/lib/python3.12/site-packages/airflow/example_dags/example_branch_datetime_operator.py
[2025-09-29T15:00:21.538+0000] {processor.py:914} INFO - Processing file /home/airflow/.local/lib/python3.12/site-packages/airflow/example_dags/example_branch_datetime_operator.py for tasks to queue
[2025-09-29T15:00:21.539+0000] {logging_mixin.py:190} INFO - [2025-09-29T15:00:21.539+0000] {dagbag.py:588} INFO - Filling up the DagBag from /home/airflow/.local/lib/python3.12/site-packages/airflow/example_dags/example_branch_datetime_operator.py
[2025-09-29T15:00:21.545+0000] {processor.py:925} INFO - DAG(s) 'example_branch_datetime_operator_3', 'example_branch_datetime_operator_2', 'example_branch_datetime_operator' retrieved from /home/airflow/.local/lib/python3.12/site-packages/airflow/example_dags/example_branch_datetime_operator.py
[2025-09-29T15:00:21.560+0000] {logging_mixin.py:190} INFO - [2025-09-29T15:00:21.560+0000] {dag.py:3239} INFO - Sync 3 DAGs
[2025-09-29T15:00:21.573+0000] {logging_mixin.py:190} INFO - [2025-09-29T15:00:21.573+0000] {dag.py:4180} INFO - Setting next_dagrun for example_branch_datetime_operator to 2025-09-28 00:00:00+00:00, run_after=2025-09-29 00:00:00+00:00
[2025-09-29T15:00:21.575+0000] {logging_mixin.py:190} INFO - [2025-09-29T15:00:21.575+0000] {dag.py:4180} INFO - Setting next_dagrun for example_branch_datetime_operator_2 to 2025-09-28 00:00:00+00:00, run_after=2025-09-29 00:00:00+00:00
[2025-09-29T15:00:21.577+0000] {logging_mixin.py:190} INFO - [2025-09-29T15:00:21.576+0000] {dag.py:4180} INFO - Setting next_dagrun for example_branch_datetime_operator_3 to 2025-09-28 00:00:00+00:00, run_after=2025-09-29 00:00:00+00:00
[2025-09-29T15:00:21.586+0000] {processor.py:208} INFO - Processing /home/airflow/.local/lib/python3.12/site-packages/airflow/example_dags/example_branch_datetime_operator.py took 0.052 seconds
[2025-09-29T15:00:52.109+0000] {processor.py:186} INFO - Started process (PID=3401) to work on /home/airflow/.local/lib/python3.12/site-packages/airflow/example_dags/example_branch_datetime_operator.py
[2025-09-29T15:00:52.110+0000] {processor.py:914} INFO - Processing file /home/airflow/.local/lib/python3.12/site-packages/airflow/example_dags/example_branch_datetime_operator.py for tasks to queue
[2025-09-29T15:00:52.111+0000] {logging_mixin.py:190} INFO - [2025-09-29T15:00:52.110+0000] {dagbag.py:588} INFO - Filling up the DagBag from /home/airflow/.local/lib/python3.12/site-packages/airflow/example_dags/example_branch_datetime_operator.py
[2025-09-29T15:00:52.117+0000] {processor.py:925} INFO - DAG(s) 'example_branch_datetime_operator', 'example_branch_datetime_operator_3', 'example_branch_datetime_operator_2' retrieved from /home/airflow/.local/lib/python3.12/site-packages/airflow/example_dags/example_branch_datetime_operator.py
[2025-09-29T15:00:52.132+0000] {logging_mixin.py:190} INFO - [2025-09-29T15:00:52.132+0000] {dag.py:3239} INFO - Sync 3 DAGs
[2025-09-29T15:00:52.145+0000] {logging_mixin.py:190} INFO - [2025-09-29T15:00:52.145+0000] {dag.py:4180} INFO - Setting next_dagrun for example_branch_datetime_operator to 2025-09-28 00:00:00+00:00, run_after=2025-09-29 00:00:00+00:00
[2025-09-29T15:00:52.150+0000] {logging_mixin.py:190} INFO - [2025-09-29T15:00:52.149+0000] {dag.py:4180} INFO - Setting next_dagrun for example_branch_datetime_operator_2 to 2025-09-28 00:00:00+00:00, run_after=2025-09-29 00:00:00+00:00
[2025-09-29T15:00:52.151+0000] {logging_mixin.py:190} INFO - [2025-09-29T15:00:52.151+0000] {dag.py:4180} INFO - Setting next_dagrun for example_branch_datetime_operator_3 to 2025-09-28 00:00:00+00:00, run_after=2025-09-29 00:00:00+00:00
[2025-09-29T15:00:52.161+0000] {processor.py:208} INFO - Processing /home/airflow/.local/lib/python3.12/site-packages/airflow/example_dags/example_branch_datetime_operator.py took 0.055 seconds
[2025-09-29T15:01:22.733+0000] {processor.py:186} INFO - Started process (PID=3464) to work on /home/airflow/.local/lib/python3.12/site-packages/airflow/example_dags/example_branch_datetime_operator.py
[2025-09-29T15:01:22.737+0000] {processor.py:914} INFO - Processing file /home/airflow/.local/lib/python3.12/site-packages/airflow/example_dags/example_branch_datetime_operator.py for tasks to queue
[2025-09-29T15:01:22.738+0000] {logging_mixin.py:190} INFO - [2025-09-29T15:01:22.737+0000] {dagbag.py:588} INFO - Filling up the DagBag from /home/airflow/.local/lib/python3.12/site-packages/airflow/example_dags/example_branch_datetime_operator.py
[2025-09-29T15:01:22.744+0000] {processor.py:925} INFO - DAG(s) 'example_branch_datetime_operator_3', 'example_branch_datetime_operator', 'example_branch_datetime_operator_2' retrieved from /home/airflow/.local/lib/python3.12/site-packages/airflow/example_dags/example_branch_datetime_operator.py
[2025-09-29T15:01:22.762+0000] {logging_mixin.py:190} INFO - [2025-09-29T15:01:22.762+0000] {dag.py:3239} INFO - Sync 3 DAGs
[2025-09-29T15:01:22.775+0000] {logging_mixin.py:190} INFO - [2025-09-29T15:01:22.775+0000] {dag.py:4180} INFO - Setting next_dagrun for example_branch_datetime_operator to 2025-09-28 00:00:00+00:00, run_after=2025-09-29 00:00:00+00:00
[2025-09-29T15:01:22.781+0000] {logging_mixin.py:190} INFO - [2025-09-29T15:01:22.781+0000] {dag.py:4180} INFO - Setting next_dagrun for example_branch_datetime_operator_2 to 2025-09-28 00:00:00+00:00, run_after=2025-09-29 00:00:00+00:00
[2025-09-29T15:01:22.782+0000] {logging_mixin.py:190} INFO - [2025-09-29T15:01:22.782+0000] {dag.py:4180} INFO - Setting next_dagrun for example_branch_datetime_operator_3 to 2025-09-28 00:00:00+00:00, run_after=2025-09-29 00:00:00+00:00
[2025-09-29T15:01:22.791+0000] {processor.py:208} INFO - Processing /home/airflow/.local/lib/python3.12/site-packages/airflow/example_dags/example_branch_datetime_operator.py took 0.061 seconds
[2025-09-29T15:01:53.284+0000] {processor.py:186} INFO - Started process (PID=3528) to work on /home/airflow/.local/lib/python3.12/site-packages/airflow/example_dags/example_branch_datetime_operator.py
[2025-09-29T15:01:53.285+0000] {processor.py:914} INFO - Processing file /home/airflow/.local/lib/python3.12/site-packages/airflow/example_dags/example_branch_datetime_operator.py for tasks to queue
[2025-09-29T15:01:53.286+0000] {logging_mixin.py:190} INFO - [2025-09-29T15:01:53.286+0000] {dagbag.py:588} INFO - Filling up the DagBag from /home/airflow/.local/lib/python3.12/site-packages/airflow/example_dags/example_branch_datetime_operator.py
[2025-09-29T15:01:53.292+0000] {processor.py:925} INFO - DAG(s) 'example_branch_datetime_operator_3', 'example_branch_datetime_operator', 'example_branch_datetime_operator_2' retrieved from /home/airflow/.local/lib/python3.12/site-packages/airflow/example_dags/example_branch_datetime_operator.py
[2025-09-29T15:01:53.309+0000] {logging_mixin.py:190} INFO - [2025-09-29T15:01:53.309+0000] {dag.py:3239} INFO - Sync 3 DAGs
[2025-09-29T15:01:53.322+0000] {logging_mixin.py:190} INFO - [2025-09-29T15:01:53.322+0000] {dag.py:4180} INFO - Setting next_dagrun for example_branch_datetime_operator to 2025-09-28 00:00:00+00:00, run_after=2025-09-29 00:00:00+00:00
[2025-09-29T15:01:53.325+0000] {logging_mixin.py:190} INFO - [2025-09-29T15:01:53.325+0000] {dag.py:4180} INFO - Setting next_dagrun for example_branch_datetime_operator_2 to 2025-09-28 00:00:00+00:00, run_after=2025-09-29 00:00:00+00:00
[2025-09-29T15:01:53.328+0000] {logging_mixin.py:190} INFO - [2025-09-29T15:01:53.328+0000] {dag.py:4180} INFO - Setting next_dagrun for example_branch_datetime_operator_3 to 2025-09-28 00:00:00+00:00, run_after=2025-09-29 00:00:00+00:00
[2025-09-29T15:01:53.338+0000] {processor.py:208} INFO - Processing /home/airflow/.local/lib/python3.12/site-packages/airflow/example_dags/example_branch_datetime_operator.py took 0.057 seconds
[2025-09-29T15:02:23.856+0000] {processor.py:186} INFO - Started process (PID=3590) to work on /home/airflow/.local/lib/python3.12/site-packages/airflow/example_dags/example_branch_datetime_operator.py
[2025-09-29T15:02:23.859+0000] {processor.py:914} INFO - Processing file /home/airflow/.local/lib/python3.12/site-packages/airflow/example_dags/example_branch_datetime_operator.py for tasks to queue
[2025-09-29T15:02:23.860+0000] {logging_mixin.py:190} INFO - [2025-09-29T15:02:23.860+0000] {dagbag.py:588} INFO - Filling up the DagBag from /home/airflow/.local/lib/python3.12/site-packages/airflow/example_dags/example_branch_datetime_operator.py
[2025-09-29T15:02:23.867+0000] {processor.py:925} INFO - DAG(s) 'example_branch_datetime_operator_2', 'example_branch_datetime_operator_3', 'example_branch_datetime_operator' retrieved from /home/airflow/.local/lib/python3.12/site-packages/airflow/example_dags/example_branch_datetime_operator.py
[2025-09-29T15:02:23.885+0000] {logging_mixin.py:190} INFO - [2025-09-29T15:02:23.884+0000] {dag.py:3239} INFO - Sync 3 DAGs
[2025-09-29T15:02:23.898+0000] {logging_mixin.py:190} INFO - [2025-09-29T15:02:23.898+0000] {dag.py:4180} INFO - Setting next_dagrun for example_branch_datetime_operator to 2025-09-28 00:00:00+00:00, run_after=2025-09-29 00:00:00+00:00
[2025-09-29T15:02:23.903+0000] {logging_mixin.py:190} INFO - [2025-09-29T15:02:23.903+0000] {dag.py:4180} INFO - Setting next_dagrun for example_branch_datetime_operator_2 to 2025-09-28 00:00:00+00:00, run_after=2025-09-29 00:00:00+00:00
[2025-09-29T15:02:23.906+0000] {logging_mixin.py:190} INFO - [2025-09-29T15:02:23.906+0000] {dag.py:4180} INFO - Setting next_dagrun for example_branch_datetime_operator_3 to 2025-09-28 00:00:00+00:00, run_after=2025-09-29 00:00:00+00:00
[2025-09-29T15:02:23.915+0000] {processor.py:208} INFO - Processing /home/airflow/.local/lib/python3.12/site-packages/airflow/example_dags/example_branch_datetime_operator.py took 0.062 seconds
