[2025-09-29T14:34:29.638+0000] {processor.py:186} INFO - Started process (PID=67) to work on /home/airflow/.local/lib/python3.12/site-packages/airflow/example_dags/example_dataset_alias_with_no_taskflow.py
[2025-09-29T14:34:29.639+0000] {processor.py:914} INFO - Processing file /home/airflow/.local/lib/python3.12/site-packages/airflow/example_dags/example_dataset_alias_with_no_taskflow.py for tasks to queue
[2025-09-29T14:34:29.642+0000] {logging_mixin.py:190} INFO - [2025-09-29T14:34:29.642+0000] {dagbag.py:588} INFO - Filling up the DagBag from /home/airflow/.local/lib/python3.12/site-packages/airflow/example_dags/example_dataset_alias_with_no_taskflow.py
[2025-09-29T14:34:29.737+0000] {processor.py:925} INFO - DAG(s) 'dataset_alias_example_alias_consumer_with_no_taskflow', 'dataset_alias_example_alias_producer_with_no_taskflow', 'dataset_s3_bucket_consumer_with_no_taskflow', 'dataset_s3_bucket_producer_with_no_taskflow' retrieved from /home/airflow/.local/lib/python3.12/site-packages/airflow/example_dags/example_dataset_alias_with_no_taskflow.py
[2025-09-29T14:34:29.757+0000] {logging_mixin.py:190} INFO - [2025-09-29T14:34:29.757+0000] {dag.py:3239} INFO - Sync 4 DAGs
[2025-09-29T14:34:29.773+0000] {logging_mixin.py:190} INFO - [2025-09-29T14:34:29.773+0000] {dag.py:4180} INFO - Setting next_dagrun for dataset_alias_example_alias_consumer_with_no_taskflow to None, run_after=None
[2025-09-29T14:34:29.778+0000] {logging_mixin.py:190} INFO - [2025-09-29T14:34:29.777+0000] {dag.py:4180} INFO - Setting next_dagrun for dataset_alias_example_alias_producer_with_no_taskflow to None, run_after=None
[2025-09-29T14:34:29.779+0000] {logging_mixin.py:190} INFO - [2025-09-29T14:34:29.779+0000] {dag.py:4180} INFO - Setting next_dagrun for dataset_s3_bucket_consumer_with_no_taskflow to None, run_after=None
[2025-09-29T14:34:29.780+0000] {logging_mixin.py:190} INFO - [2025-09-29T14:34:29.780+0000] {dag.py:4180} INFO - Setting next_dagrun for dataset_s3_bucket_producer_with_no_taskflow to None, run_after=None
[2025-09-29T14:34:29.811+0000] {processor.py:208} INFO - Processing /home/airflow/.local/lib/python3.12/site-packages/airflow/example_dags/example_dataset_alias_with_no_taskflow.py took 0.179 seconds
[2025-09-29T14:35:00.823+0000] {processor.py:186} INFO - Started process (PID=142) to work on /home/airflow/.local/lib/python3.12/site-packages/airflow/example_dags/example_dataset_alias_with_no_taskflow.py
[2025-09-29T14:35:00.824+0000] {processor.py:914} INFO - Processing file /home/airflow/.local/lib/python3.12/site-packages/airflow/example_dags/example_dataset_alias_with_no_taskflow.py for tasks to queue
[2025-09-29T14:35:00.825+0000] {logging_mixin.py:190} INFO - [2025-09-29T14:35:00.825+0000] {dagbag.py:588} INFO - Filling up the DagBag from /home/airflow/.local/lib/python3.12/site-packages/airflow/example_dags/example_dataset_alias_with_no_taskflow.py
[2025-09-29T14:35:00.908+0000] {processor.py:925} INFO - DAG(s) 'dataset_alias_example_alias_consumer_with_no_taskflow', 'dataset_s3_bucket_consumer_with_no_taskflow', 'dataset_alias_example_alias_producer_with_no_taskflow', 'dataset_s3_bucket_producer_with_no_taskflow' retrieved from /home/airflow/.local/lib/python3.12/site-packages/airflow/example_dags/example_dataset_alias_with_no_taskflow.py
[2025-09-29T14:35:00.921+0000] {logging_mixin.py:190} INFO - [2025-09-29T14:35:00.921+0000] {dag.py:3239} INFO - Sync 4 DAGs
[2025-09-29T14:35:00.933+0000] {logging_mixin.py:190} INFO - [2025-09-29T14:35:00.933+0000] {dag.py:4180} INFO - Setting next_dagrun for dataset_alias_example_alias_consumer_with_no_taskflow to None, run_after=None
[2025-09-29T14:35:00.935+0000] {logging_mixin.py:190} INFO - [2025-09-29T14:35:00.935+0000] {dag.py:4180} INFO - Setting next_dagrun for dataset_alias_example_alias_producer_with_no_taskflow to None, run_after=None
[2025-09-29T14:35:00.936+0000] {logging_mixin.py:190} INFO - [2025-09-29T14:35:00.936+0000] {dag.py:4180} INFO - Setting next_dagrun for dataset_s3_bucket_consumer_with_no_taskflow to None, run_after=None
[2025-09-29T14:35:00.937+0000] {logging_mixin.py:190} INFO - [2025-09-29T14:35:00.937+0000] {dag.py:4180} INFO - Setting next_dagrun for dataset_s3_bucket_producer_with_no_taskflow to None, run_after=None
[2025-09-29T14:35:00.953+0000] {processor.py:208} INFO - Processing /home/airflow/.local/lib/python3.12/site-packages/airflow/example_dags/example_dataset_alias_with_no_taskflow.py took 0.133 seconds
[2025-09-29T14:35:31.117+0000] {processor.py:186} INFO - Started process (PID=206) to work on /home/airflow/.local/lib/python3.12/site-packages/airflow/example_dags/example_dataset_alias_with_no_taskflow.py
[2025-09-29T14:35:31.118+0000] {processor.py:914} INFO - Processing file /home/airflow/.local/lib/python3.12/site-packages/airflow/example_dags/example_dataset_alias_with_no_taskflow.py for tasks to queue
[2025-09-29T14:35:31.119+0000] {logging_mixin.py:190} INFO - [2025-09-29T14:35:31.119+0000] {dagbag.py:588} INFO - Filling up the DagBag from /home/airflow/.local/lib/python3.12/site-packages/airflow/example_dags/example_dataset_alias_with_no_taskflow.py
[2025-09-29T14:35:31.202+0000] {processor.py:925} INFO - DAG(s) 'dataset_alias_example_alias_consumer_with_no_taskflow', 'dataset_s3_bucket_producer_with_no_taskflow', 'dataset_s3_bucket_consumer_with_no_taskflow', 'dataset_alias_example_alias_producer_with_no_taskflow' retrieved from /home/airflow/.local/lib/python3.12/site-packages/airflow/example_dags/example_dataset_alias_with_no_taskflow.py
[2025-09-29T14:35:31.213+0000] {logging_mixin.py:190} INFO - [2025-09-29T14:35:31.213+0000] {dag.py:3239} INFO - Sync 4 DAGs
[2025-09-29T14:35:31.225+0000] {logging_mixin.py:190} INFO - [2025-09-29T14:35:31.225+0000] {dag.py:4180} INFO - Setting next_dagrun for dataset_alias_example_alias_consumer_with_no_taskflow to None, run_after=None
[2025-09-29T14:35:31.226+0000] {logging_mixin.py:190} INFO - [2025-09-29T14:35:31.226+0000] {dag.py:4180} INFO - Setting next_dagrun for dataset_alias_example_alias_producer_with_no_taskflow to None, run_after=None
[2025-09-29T14:35:31.227+0000] {logging_mixin.py:190} INFO - [2025-09-29T14:35:31.227+0000] {dag.py:4180} INFO - Setting next_dagrun for dataset_s3_bucket_consumer_with_no_taskflow to None, run_after=None
[2025-09-29T14:35:31.227+0000] {logging_mixin.py:190} INFO - [2025-09-29T14:35:31.227+0000] {dag.py:4180} INFO - Setting next_dagrun for dataset_s3_bucket_producer_with_no_taskflow to None, run_after=None
[2025-09-29T14:35:31.240+0000] {processor.py:208} INFO - Processing /home/airflow/.local/lib/python3.12/site-packages/airflow/example_dags/example_dataset_alias_with_no_taskflow.py took 0.126 seconds
[2025-09-29T14:36:01.348+0000] {processor.py:186} INFO - Started process (PID=270) to work on /home/airflow/.local/lib/python3.12/site-packages/airflow/example_dags/example_dataset_alias_with_no_taskflow.py
[2025-09-29T14:36:01.350+0000] {processor.py:914} INFO - Processing file /home/airflow/.local/lib/python3.12/site-packages/airflow/example_dags/example_dataset_alias_with_no_taskflow.py for tasks to queue
[2025-09-29T14:36:01.352+0000] {logging_mixin.py:190} INFO - [2025-09-29T14:36:01.352+0000] {dagbag.py:588} INFO - Filling up the DagBag from /home/airflow/.local/lib/python3.12/site-packages/airflow/example_dags/example_dataset_alias_with_no_taskflow.py
[2025-09-29T14:36:01.436+0000] {processor.py:925} INFO - DAG(s) 'dataset_alias_example_alias_consumer_with_no_taskflow', 'dataset_s3_bucket_consumer_with_no_taskflow', 'dataset_alias_example_alias_producer_with_no_taskflow', 'dataset_s3_bucket_producer_with_no_taskflow' retrieved from /home/airflow/.local/lib/python3.12/site-packages/airflow/example_dags/example_dataset_alias_with_no_taskflow.py
[2025-09-29T14:36:01.450+0000] {logging_mixin.py:190} INFO - [2025-09-29T14:36:01.450+0000] {dag.py:3239} INFO - Sync 4 DAGs
[2025-09-29T14:36:01.462+0000] {logging_mixin.py:190} INFO - [2025-09-29T14:36:01.462+0000] {dag.py:4180} INFO - Setting next_dagrun for dataset_alias_example_alias_consumer_with_no_taskflow to None, run_after=None
[2025-09-29T14:36:01.464+0000] {logging_mixin.py:190} INFO - [2025-09-29T14:36:01.463+0000] {dag.py:4180} INFO - Setting next_dagrun for dataset_alias_example_alias_producer_with_no_taskflow to None, run_after=None
[2025-09-29T14:36:01.464+0000] {logging_mixin.py:190} INFO - [2025-09-29T14:36:01.464+0000] {dag.py:4180} INFO - Setting next_dagrun for dataset_s3_bucket_consumer_with_no_taskflow to None, run_after=None
[2025-09-29T14:36:01.465+0000] {logging_mixin.py:190} INFO - [2025-09-29T14:36:01.465+0000] {dag.py:4180} INFO - Setting next_dagrun for dataset_s3_bucket_producer_with_no_taskflow to None, run_after=None
[2025-09-29T14:36:01.480+0000] {processor.py:208} INFO - Processing /home/airflow/.local/lib/python3.12/site-packages/airflow/example_dags/example_dataset_alias_with_no_taskflow.py took 0.136 seconds
[2025-09-29T14:36:31.547+0000] {processor.py:186} INFO - Started process (PID=336) to work on /home/airflow/.local/lib/python3.12/site-packages/airflow/example_dags/example_dataset_alias_with_no_taskflow.py
[2025-09-29T14:36:31.548+0000] {processor.py:914} INFO - Processing file /home/airflow/.local/lib/python3.12/site-packages/airflow/example_dags/example_dataset_alias_with_no_taskflow.py for tasks to queue
[2025-09-29T14:36:31.549+0000] {logging_mixin.py:190} INFO - [2025-09-29T14:36:31.549+0000] {dagbag.py:588} INFO - Filling up the DagBag from /home/airflow/.local/lib/python3.12/site-packages/airflow/example_dags/example_dataset_alias_with_no_taskflow.py
[2025-09-29T14:36:31.622+0000] {processor.py:925} INFO - DAG(s) 'dataset_alias_example_alias_consumer_with_no_taskflow', 'dataset_alias_example_alias_producer_with_no_taskflow', 'dataset_s3_bucket_consumer_with_no_taskflow', 'dataset_s3_bucket_producer_with_no_taskflow' retrieved from /home/airflow/.local/lib/python3.12/site-packages/airflow/example_dags/example_dataset_alias_with_no_taskflow.py
[2025-09-29T14:36:31.632+0000] {logging_mixin.py:190} INFO - [2025-09-29T14:36:31.632+0000] {dag.py:3239} INFO - Sync 4 DAGs
[2025-09-29T14:36:31.642+0000] {logging_mixin.py:190} INFO - [2025-09-29T14:36:31.642+0000] {dag.py:4180} INFO - Setting next_dagrun for dataset_alias_example_alias_consumer_with_no_taskflow to None, run_after=None
[2025-09-29T14:36:31.643+0000] {logging_mixin.py:190} INFO - [2025-09-29T14:36:31.643+0000] {dag.py:4180} INFO - Setting next_dagrun for dataset_alias_example_alias_producer_with_no_taskflow to None, run_after=None
[2025-09-29T14:36:31.643+0000] {logging_mixin.py:190} INFO - [2025-09-29T14:36:31.643+0000] {dag.py:4180} INFO - Setting next_dagrun for dataset_s3_bucket_consumer_with_no_taskflow to None, run_after=None
[2025-09-29T14:36:31.644+0000] {logging_mixin.py:190} INFO - [2025-09-29T14:36:31.644+0000] {dag.py:4180} INFO - Setting next_dagrun for dataset_s3_bucket_producer_with_no_taskflow to None, run_after=None
[2025-09-29T14:36:31.653+0000] {processor.py:208} INFO - Processing /home/airflow/.local/lib/python3.12/site-packages/airflow/example_dags/example_dataset_alias_with_no_taskflow.py took 0.109 seconds
[2025-09-29T14:37:01.738+0000] {processor.py:186} INFO - Started process (PID=397) to work on /home/airflow/.local/lib/python3.12/site-packages/airflow/example_dags/example_dataset_alias_with_no_taskflow.py
[2025-09-29T14:37:01.738+0000] {processor.py:914} INFO - Processing file /home/airflow/.local/lib/python3.12/site-packages/airflow/example_dags/example_dataset_alias_with_no_taskflow.py for tasks to queue
[2025-09-29T14:37:01.740+0000] {logging_mixin.py:190} INFO - [2025-09-29T14:37:01.739+0000] {dagbag.py:588} INFO - Filling up the DagBag from /home/airflow/.local/lib/python3.12/site-packages/airflow/example_dags/example_dataset_alias_with_no_taskflow.py
[2025-09-29T14:37:01.821+0000] {processor.py:925} INFO - DAG(s) 'dataset_s3_bucket_producer_with_no_taskflow', 'dataset_s3_bucket_consumer_with_no_taskflow', 'dataset_alias_example_alias_producer_with_no_taskflow', 'dataset_alias_example_alias_consumer_with_no_taskflow' retrieved from /home/airflow/.local/lib/python3.12/site-packages/airflow/example_dags/example_dataset_alias_with_no_taskflow.py
[2025-09-29T14:37:01.832+0000] {logging_mixin.py:190} INFO - [2025-09-29T14:37:01.832+0000] {dag.py:3239} INFO - Sync 4 DAGs
[2025-09-29T14:37:01.843+0000] {logging_mixin.py:190} INFO - [2025-09-29T14:37:01.842+0000] {dag.py:4180} INFO - Setting next_dagrun for dataset_alias_example_alias_consumer_with_no_taskflow to None, run_after=None
[2025-09-29T14:37:01.845+0000] {logging_mixin.py:190} INFO - [2025-09-29T14:37:01.845+0000] {dag.py:4180} INFO - Setting next_dagrun for dataset_alias_example_alias_producer_with_no_taskflow to None, run_after=None
[2025-09-29T14:37:01.845+0000] {logging_mixin.py:190} INFO - [2025-09-29T14:37:01.845+0000] {dag.py:4180} INFO - Setting next_dagrun for dataset_s3_bucket_consumer_with_no_taskflow to None, run_after=None
[2025-09-29T14:37:01.846+0000] {logging_mixin.py:190} INFO - [2025-09-29T14:37:01.846+0000] {dag.py:4180} INFO - Setting next_dagrun for dataset_s3_bucket_producer_with_no_taskflow to None, run_after=None
[2025-09-29T14:37:01.856+0000] {processor.py:208} INFO - Processing /home/airflow/.local/lib/python3.12/site-packages/airflow/example_dags/example_dataset_alias_with_no_taskflow.py took 0.122 seconds
[2025-09-29T14:37:32.065+0000] {processor.py:186} INFO - Started process (PID=461) to work on /home/airflow/.local/lib/python3.12/site-packages/airflow/example_dags/example_dataset_alias_with_no_taskflow.py
[2025-09-29T14:37:32.066+0000] {processor.py:914} INFO - Processing file /home/airflow/.local/lib/python3.12/site-packages/airflow/example_dags/example_dataset_alias_with_no_taskflow.py for tasks to queue
[2025-09-29T14:37:32.067+0000] {logging_mixin.py:190} INFO - [2025-09-29T14:37:32.067+0000] {dagbag.py:588} INFO - Filling up the DagBag from /home/airflow/.local/lib/python3.12/site-packages/airflow/example_dags/example_dataset_alias_with_no_taskflow.py
[2025-09-29T14:37:32.156+0000] {processor.py:925} INFO - DAG(s) 'dataset_s3_bucket_consumer_with_no_taskflow', 'dataset_alias_example_alias_consumer_with_no_taskflow', 'dataset_s3_bucket_producer_with_no_taskflow', 'dataset_alias_example_alias_producer_with_no_taskflow' retrieved from /home/airflow/.local/lib/python3.12/site-packages/airflow/example_dags/example_dataset_alias_with_no_taskflow.py
[2025-09-29T14:37:32.173+0000] {logging_mixin.py:190} INFO - [2025-09-29T14:37:32.173+0000] {dag.py:3239} INFO - Sync 4 DAGs
[2025-09-29T14:37:32.184+0000] {logging_mixin.py:190} INFO - [2025-09-29T14:37:32.184+0000] {dag.py:4180} INFO - Setting next_dagrun for dataset_alias_example_alias_consumer_with_no_taskflow to None, run_after=None
[2025-09-29T14:37:32.187+0000] {logging_mixin.py:190} INFO - [2025-09-29T14:37:32.187+0000] {dag.py:4180} INFO - Setting next_dagrun for dataset_alias_example_alias_producer_with_no_taskflow to None, run_after=None
[2025-09-29T14:37:32.187+0000] {logging_mixin.py:190} INFO - [2025-09-29T14:37:32.187+0000] {dag.py:4180} INFO - Setting next_dagrun for dataset_s3_bucket_consumer_with_no_taskflow to None, run_after=None
[2025-09-29T14:37:32.190+0000] {logging_mixin.py:190} INFO - [2025-09-29T14:37:32.189+0000] {dag.py:4180} INFO - Setting next_dagrun for dataset_s3_bucket_producer_with_no_taskflow to None, run_after=None
[2025-09-29T14:37:32.204+0000] {processor.py:208} INFO - Processing /home/airflow/.local/lib/python3.12/site-packages/airflow/example_dags/example_dataset_alias_with_no_taskflow.py took 0.142 seconds
[2025-09-29T14:38:02.473+0000] {processor.py:186} INFO - Started process (PID=525) to work on /home/airflow/.local/lib/python3.12/site-packages/airflow/example_dags/example_dataset_alias_with_no_taskflow.py
[2025-09-29T14:38:02.473+0000] {processor.py:914} INFO - Processing file /home/airflow/.local/lib/python3.12/site-packages/airflow/example_dags/example_dataset_alias_with_no_taskflow.py for tasks to queue
[2025-09-29T14:38:02.474+0000] {logging_mixin.py:190} INFO - [2025-09-29T14:38:02.474+0000] {dagbag.py:588} INFO - Filling up the DagBag from /home/airflow/.local/lib/python3.12/site-packages/airflow/example_dags/example_dataset_alias_with_no_taskflow.py
[2025-09-29T14:38:02.556+0000] {processor.py:925} INFO - DAG(s) 'dataset_alias_example_alias_producer_with_no_taskflow', 'dataset_s3_bucket_consumer_with_no_taskflow', 'dataset_alias_example_alias_consumer_with_no_taskflow', 'dataset_s3_bucket_producer_with_no_taskflow' retrieved from /home/airflow/.local/lib/python3.12/site-packages/airflow/example_dags/example_dataset_alias_with_no_taskflow.py
[2025-09-29T14:38:02.570+0000] {logging_mixin.py:190} INFO - [2025-09-29T14:38:02.570+0000] {dag.py:3239} INFO - Sync 4 DAGs
[2025-09-29T14:38:02.581+0000] {logging_mixin.py:190} INFO - [2025-09-29T14:38:02.581+0000] {dag.py:4180} INFO - Setting next_dagrun for dataset_alias_example_alias_consumer_with_no_taskflow to None, run_after=None
[2025-09-29T14:38:02.583+0000] {logging_mixin.py:190} INFO - [2025-09-29T14:38:02.583+0000] {dag.py:4180} INFO - Setting next_dagrun for dataset_alias_example_alias_producer_with_no_taskflow to None, run_after=None
[2025-09-29T14:38:02.584+0000] {logging_mixin.py:190} INFO - [2025-09-29T14:38:02.584+0000] {dag.py:4180} INFO - Setting next_dagrun for dataset_s3_bucket_consumer_with_no_taskflow to None, run_after=None
[2025-09-29T14:38:02.586+0000] {logging_mixin.py:190} INFO - [2025-09-29T14:38:02.586+0000] {dag.py:4180} INFO - Setting next_dagrun for dataset_s3_bucket_producer_with_no_taskflow to None, run_after=None
[2025-09-29T14:38:02.597+0000] {processor.py:208} INFO - Processing /home/airflow/.local/lib/python3.12/site-packages/airflow/example_dags/example_dataset_alias_with_no_taskflow.py took 0.128 seconds
[2025-09-29T14:38:32.853+0000] {processor.py:186} INFO - Started process (PID=597) to work on /home/airflow/.local/lib/python3.12/site-packages/airflow/example_dags/example_dataset_alias_with_no_taskflow.py
[2025-09-29T14:38:32.857+0000] {processor.py:914} INFO - Processing file /home/airflow/.local/lib/python3.12/site-packages/airflow/example_dags/example_dataset_alias_with_no_taskflow.py for tasks to queue
[2025-09-29T14:38:32.858+0000] {logging_mixin.py:190} INFO - [2025-09-29T14:38:32.858+0000] {dagbag.py:588} INFO - Filling up the DagBag from /home/airflow/.local/lib/python3.12/site-packages/airflow/example_dags/example_dataset_alias_with_no_taskflow.py
[2025-09-29T14:38:32.956+0000] {processor.py:925} INFO - DAG(s) 'dataset_s3_bucket_consumer_with_no_taskflow', 'dataset_alias_example_alias_consumer_with_no_taskflow', 'dataset_alias_example_alias_producer_with_no_taskflow', 'dataset_s3_bucket_producer_with_no_taskflow' retrieved from /home/airflow/.local/lib/python3.12/site-packages/airflow/example_dags/example_dataset_alias_with_no_taskflow.py
[2025-09-29T14:38:32.973+0000] {logging_mixin.py:190} INFO - [2025-09-29T14:38:32.973+0000] {dag.py:3239} INFO - Sync 4 DAGs
[2025-09-29T14:38:32.988+0000] {logging_mixin.py:190} INFO - [2025-09-29T14:38:32.988+0000] {dag.py:4180} INFO - Setting next_dagrun for dataset_alias_example_alias_consumer_with_no_taskflow to None, run_after=None
[2025-09-29T14:38:32.990+0000] {logging_mixin.py:190} INFO - [2025-09-29T14:38:32.990+0000] {dag.py:4180} INFO - Setting next_dagrun for dataset_alias_example_alias_producer_with_no_taskflow to None, run_after=None
[2025-09-29T14:38:32.990+0000] {logging_mixin.py:190} INFO - [2025-09-29T14:38:32.990+0000] {dag.py:4180} INFO - Setting next_dagrun for dataset_s3_bucket_consumer_with_no_taskflow to None, run_after=None
[2025-09-29T14:38:32.991+0000] {logging_mixin.py:190} INFO - [2025-09-29T14:38:32.991+0000] {dag.py:4180} INFO - Setting next_dagrun for dataset_s3_bucket_producer_with_no_taskflow to None, run_after=None
[2025-09-29T14:38:33.005+0000] {processor.py:208} INFO - Processing /home/airflow/.local/lib/python3.12/site-packages/airflow/example_dags/example_dataset_alias_with_no_taskflow.py took 0.157 seconds
[2025-09-29T14:39:03.296+0000] {processor.py:186} INFO - Started process (PID=660) to work on /home/airflow/.local/lib/python3.12/site-packages/airflow/example_dags/example_dataset_alias_with_no_taskflow.py
[2025-09-29T14:39:03.297+0000] {processor.py:914} INFO - Processing file /home/airflow/.local/lib/python3.12/site-packages/airflow/example_dags/example_dataset_alias_with_no_taskflow.py for tasks to queue
[2025-09-29T14:39:03.299+0000] {logging_mixin.py:190} INFO - [2025-09-29T14:39:03.299+0000] {dagbag.py:588} INFO - Filling up the DagBag from /home/airflow/.local/lib/python3.12/site-packages/airflow/example_dags/example_dataset_alias_with_no_taskflow.py
[2025-09-29T14:39:03.407+0000] {processor.py:925} INFO - DAG(s) 'dataset_s3_bucket_producer_with_no_taskflow', 'dataset_alias_example_alias_consumer_with_no_taskflow', 'dataset_s3_bucket_consumer_with_no_taskflow', 'dataset_alias_example_alias_producer_with_no_taskflow' retrieved from /home/airflow/.local/lib/python3.12/site-packages/airflow/example_dags/example_dataset_alias_with_no_taskflow.py
[2025-09-29T14:39:03.427+0000] {logging_mixin.py:190} INFO - [2025-09-29T14:39:03.427+0000] {dag.py:3239} INFO - Sync 4 DAGs
[2025-09-29T14:39:03.447+0000] {logging_mixin.py:190} INFO - [2025-09-29T14:39:03.447+0000] {dag.py:4180} INFO - Setting next_dagrun for dataset_alias_example_alias_consumer_with_no_taskflow to None, run_after=None
[2025-09-29T14:39:03.451+0000] {logging_mixin.py:190} INFO - [2025-09-29T14:39:03.450+0000] {dag.py:4180} INFO - Setting next_dagrun for dataset_alias_example_alias_producer_with_no_taskflow to None, run_after=None
[2025-09-29T14:39:03.454+0000] {logging_mixin.py:190} INFO - [2025-09-29T14:39:03.453+0000] {dag.py:4180} INFO - Setting next_dagrun for dataset_s3_bucket_consumer_with_no_taskflow to None, run_after=None
[2025-09-29T14:39:03.454+0000] {logging_mixin.py:190} INFO - [2025-09-29T14:39:03.454+0000] {dag.py:4180} INFO - Setting next_dagrun for dataset_s3_bucket_producer_with_no_taskflow to None, run_after=None
[2025-09-29T14:39:03.479+0000] {processor.py:208} INFO - Processing /home/airflow/.local/lib/python3.12/site-packages/airflow/example_dags/example_dataset_alias_with_no_taskflow.py took 0.191 seconds
[2025-09-29T14:39:33.850+0000] {processor.py:186} INFO - Started process (PID=723) to work on /home/airflow/.local/lib/python3.12/site-packages/airflow/example_dags/example_dataset_alias_with_no_taskflow.py
[2025-09-29T14:39:33.851+0000] {processor.py:914} INFO - Processing file /home/airflow/.local/lib/python3.12/site-packages/airflow/example_dags/example_dataset_alias_with_no_taskflow.py for tasks to queue
[2025-09-29T14:39:33.853+0000] {logging_mixin.py:190} INFO - [2025-09-29T14:39:33.853+0000] {dagbag.py:588} INFO - Filling up the DagBag from /home/airflow/.local/lib/python3.12/site-packages/airflow/example_dags/example_dataset_alias_with_no_taskflow.py
[2025-09-29T14:39:33.947+0000] {processor.py:925} INFO - DAG(s) 'dataset_alias_example_alias_producer_with_no_taskflow', 'dataset_alias_example_alias_consumer_with_no_taskflow', 'dataset_s3_bucket_producer_with_no_taskflow', 'dataset_s3_bucket_consumer_with_no_taskflow' retrieved from /home/airflow/.local/lib/python3.12/site-packages/airflow/example_dags/example_dataset_alias_with_no_taskflow.py
[2025-09-29T14:39:33.967+0000] {logging_mixin.py:190} INFO - [2025-09-29T14:39:33.967+0000] {dag.py:3239} INFO - Sync 4 DAGs
[2025-09-29T14:39:33.986+0000] {logging_mixin.py:190} INFO - [2025-09-29T14:39:33.985+0000] {dag.py:4180} INFO - Setting next_dagrun for dataset_alias_example_alias_consumer_with_no_taskflow to None, run_after=None
[2025-09-29T14:39:33.997+0000] {logging_mixin.py:190} INFO - [2025-09-29T14:39:33.996+0000] {dag.py:4180} INFO - Setting next_dagrun for dataset_alias_example_alias_producer_with_no_taskflow to None, run_after=None
[2025-09-29T14:39:33.999+0000] {logging_mixin.py:190} INFO - [2025-09-29T14:39:33.998+0000] {dag.py:4180} INFO - Setting next_dagrun for dataset_s3_bucket_consumer_with_no_taskflow to None, run_after=None
[2025-09-29T14:39:33.999+0000] {logging_mixin.py:190} INFO - [2025-09-29T14:39:33.999+0000] {dag.py:4180} INFO - Setting next_dagrun for dataset_s3_bucket_producer_with_no_taskflow to None, run_after=None
[2025-09-29T14:39:34.017+0000] {processor.py:208} INFO - Processing /home/airflow/.local/lib/python3.12/site-packages/airflow/example_dags/example_dataset_alias_with_no_taskflow.py took 0.170 seconds
[2025-09-29T14:40:04.343+0000] {processor.py:186} INFO - Started process (PID=787) to work on /home/airflow/.local/lib/python3.12/site-packages/airflow/example_dags/example_dataset_alias_with_no_taskflow.py
[2025-09-29T14:40:04.344+0000] {processor.py:914} INFO - Processing file /home/airflow/.local/lib/python3.12/site-packages/airflow/example_dags/example_dataset_alias_with_no_taskflow.py for tasks to queue
[2025-09-29T14:40:04.347+0000] {logging_mixin.py:190} INFO - [2025-09-29T14:40:04.347+0000] {dagbag.py:588} INFO - Filling up the DagBag from /home/airflow/.local/lib/python3.12/site-packages/airflow/example_dags/example_dataset_alias_with_no_taskflow.py
[2025-09-29T14:40:04.448+0000] {processor.py:925} INFO - DAG(s) 'dataset_s3_bucket_producer_with_no_taskflow', 'dataset_alias_example_alias_producer_with_no_taskflow', 'dataset_s3_bucket_consumer_with_no_taskflow', 'dataset_alias_example_alias_consumer_with_no_taskflow' retrieved from /home/airflow/.local/lib/python3.12/site-packages/airflow/example_dags/example_dataset_alias_with_no_taskflow.py
[2025-09-29T14:40:04.462+0000] {logging_mixin.py:190} INFO - [2025-09-29T14:40:04.462+0000] {dag.py:3239} INFO - Sync 4 DAGs
[2025-09-29T14:40:04.474+0000] {logging_mixin.py:190} INFO - [2025-09-29T14:40:04.473+0000] {dag.py:4180} INFO - Setting next_dagrun for dataset_alias_example_alias_consumer_with_no_taskflow to None, run_after=None
[2025-09-29T14:40:04.475+0000] {logging_mixin.py:190} INFO - [2025-09-29T14:40:04.475+0000] {dag.py:4180} INFO - Setting next_dagrun for dataset_alias_example_alias_producer_with_no_taskflow to None, run_after=None
[2025-09-29T14:40:04.475+0000] {logging_mixin.py:190} INFO - [2025-09-29T14:40:04.475+0000] {dag.py:4180} INFO - Setting next_dagrun for dataset_s3_bucket_consumer_with_no_taskflow to None, run_after=None
[2025-09-29T14:40:04.476+0000] {logging_mixin.py:190} INFO - [2025-09-29T14:40:04.476+0000] {dag.py:4180} INFO - Setting next_dagrun for dataset_s3_bucket_producer_with_no_taskflow to None, run_after=None
[2025-09-29T14:40:04.487+0000] {processor.py:208} INFO - Processing /home/airflow/.local/lib/python3.12/site-packages/airflow/example_dags/example_dataset_alias_with_no_taskflow.py took 0.152 seconds
[2025-09-29T14:40:34.684+0000] {processor.py:186} INFO - Started process (PID=850) to work on /home/airflow/.local/lib/python3.12/site-packages/airflow/example_dags/example_dataset_alias_with_no_taskflow.py
[2025-09-29T14:40:34.686+0000] {processor.py:914} INFO - Processing file /home/airflow/.local/lib/python3.12/site-packages/airflow/example_dags/example_dataset_alias_with_no_taskflow.py for tasks to queue
[2025-09-29T14:40:34.689+0000] {logging_mixin.py:190} INFO - [2025-09-29T14:40:34.688+0000] {dagbag.py:588} INFO - Filling up the DagBag from /home/airflow/.local/lib/python3.12/site-packages/airflow/example_dags/example_dataset_alias_with_no_taskflow.py
[2025-09-29T14:40:34.783+0000] {processor.py:925} INFO - DAG(s) 'dataset_alias_example_alias_producer_with_no_taskflow', 'dataset_alias_example_alias_consumer_with_no_taskflow', 'dataset_s3_bucket_producer_with_no_taskflow', 'dataset_s3_bucket_consumer_with_no_taskflow' retrieved from /home/airflow/.local/lib/python3.12/site-packages/airflow/example_dags/example_dataset_alias_with_no_taskflow.py
[2025-09-29T14:40:34.799+0000] {logging_mixin.py:190} INFO - [2025-09-29T14:40:34.799+0000] {dag.py:3239} INFO - Sync 4 DAGs
[2025-09-29T14:40:34.811+0000] {logging_mixin.py:190} INFO - [2025-09-29T14:40:34.811+0000] {dag.py:4180} INFO - Setting next_dagrun for dataset_alias_example_alias_consumer_with_no_taskflow to None, run_after=None
[2025-09-29T14:40:34.814+0000] {logging_mixin.py:190} INFO - [2025-09-29T14:40:34.814+0000] {dag.py:4180} INFO - Setting next_dagrun for dataset_alias_example_alias_producer_with_no_taskflow to None, run_after=None
[2025-09-29T14:40:34.815+0000] {logging_mixin.py:190} INFO - [2025-09-29T14:40:34.815+0000] {dag.py:4180} INFO - Setting next_dagrun for dataset_s3_bucket_consumer_with_no_taskflow to None, run_after=None
[2025-09-29T14:40:34.816+0000] {logging_mixin.py:190} INFO - [2025-09-29T14:40:34.816+0000] {dag.py:4180} INFO - Setting next_dagrun for dataset_s3_bucket_producer_with_no_taskflow to None, run_after=None
[2025-09-29T14:40:34.831+0000] {processor.py:208} INFO - Processing /home/airflow/.local/lib/python3.12/site-packages/airflow/example_dags/example_dataset_alias_with_no_taskflow.py took 0.152 seconds
[2025-09-29T14:41:05.058+0000] {processor.py:186} INFO - Started process (PID=916) to work on /home/airflow/.local/lib/python3.12/site-packages/airflow/example_dags/example_dataset_alias_with_no_taskflow.py
[2025-09-29T14:41:05.059+0000] {processor.py:914} INFO - Processing file /home/airflow/.local/lib/python3.12/site-packages/airflow/example_dags/example_dataset_alias_with_no_taskflow.py for tasks to queue
[2025-09-29T14:41:05.061+0000] {logging_mixin.py:190} INFO - [2025-09-29T14:41:05.061+0000] {dagbag.py:588} INFO - Filling up the DagBag from /home/airflow/.local/lib/python3.12/site-packages/airflow/example_dags/example_dataset_alias_with_no_taskflow.py
[2025-09-29T14:41:05.154+0000] {processor.py:925} INFO - DAG(s) 'dataset_alias_example_alias_consumer_with_no_taskflow', 'dataset_s3_bucket_producer_with_no_taskflow', 'dataset_s3_bucket_consumer_with_no_taskflow', 'dataset_alias_example_alias_producer_with_no_taskflow' retrieved from /home/airflow/.local/lib/python3.12/site-packages/airflow/example_dags/example_dataset_alias_with_no_taskflow.py
[2025-09-29T14:41:05.168+0000] {logging_mixin.py:190} INFO - [2025-09-29T14:41:05.168+0000] {dag.py:3239} INFO - Sync 4 DAGs
[2025-09-29T14:41:05.179+0000] {logging_mixin.py:190} INFO - [2025-09-29T14:41:05.179+0000] {dag.py:4180} INFO - Setting next_dagrun for dataset_alias_example_alias_consumer_with_no_taskflow to None, run_after=None
[2025-09-29T14:41:05.180+0000] {logging_mixin.py:190} INFO - [2025-09-29T14:41:05.180+0000] {dag.py:4180} INFO - Setting next_dagrun for dataset_alias_example_alias_producer_with_no_taskflow to None, run_after=None
[2025-09-29T14:41:05.181+0000] {logging_mixin.py:190} INFO - [2025-09-29T14:41:05.181+0000] {dag.py:4180} INFO - Setting next_dagrun for dataset_s3_bucket_consumer_with_no_taskflow to None, run_after=None
[2025-09-29T14:41:05.182+0000] {logging_mixin.py:190} INFO - [2025-09-29T14:41:05.182+0000] {dag.py:4180} INFO - Setting next_dagrun for dataset_s3_bucket_producer_with_no_taskflow to None, run_after=None
[2025-09-29T14:41:05.193+0000] {processor.py:208} INFO - Processing /home/airflow/.local/lib/python3.12/site-packages/airflow/example_dags/example_dataset_alias_with_no_taskflow.py took 0.140 seconds
[2025-09-29T14:41:35.380+0000] {processor.py:186} INFO - Started process (PID=980) to work on /home/airflow/.local/lib/python3.12/site-packages/airflow/example_dags/example_dataset_alias_with_no_taskflow.py
[2025-09-29T14:41:35.380+0000] {processor.py:914} INFO - Processing file /home/airflow/.local/lib/python3.12/site-packages/airflow/example_dags/example_dataset_alias_with_no_taskflow.py for tasks to queue
[2025-09-29T14:41:35.382+0000] {logging_mixin.py:190} INFO - [2025-09-29T14:41:35.381+0000] {dagbag.py:588} INFO - Filling up the DagBag from /home/airflow/.local/lib/python3.12/site-packages/airflow/example_dags/example_dataset_alias_with_no_taskflow.py
[2025-09-29T14:41:35.484+0000] {processor.py:925} INFO - DAG(s) 'dataset_alias_example_alias_producer_with_no_taskflow', 'dataset_alias_example_alias_consumer_with_no_taskflow', 'dataset_s3_bucket_producer_with_no_taskflow', 'dataset_s3_bucket_consumer_with_no_taskflow' retrieved from /home/airflow/.local/lib/python3.12/site-packages/airflow/example_dags/example_dataset_alias_with_no_taskflow.py
[2025-09-29T14:41:35.498+0000] {logging_mixin.py:190} INFO - [2025-09-29T14:41:35.498+0000] {dag.py:3239} INFO - Sync 4 DAGs
[2025-09-29T14:41:35.509+0000] {logging_mixin.py:190} INFO - [2025-09-29T14:41:35.509+0000] {dag.py:4180} INFO - Setting next_dagrun for dataset_alias_example_alias_consumer_with_no_taskflow to None, run_after=None
[2025-09-29T14:41:35.511+0000] {logging_mixin.py:190} INFO - [2025-09-29T14:41:35.511+0000] {dag.py:4180} INFO - Setting next_dagrun for dataset_alias_example_alias_producer_with_no_taskflow to None, run_after=None
[2025-09-29T14:41:35.514+0000] {logging_mixin.py:190} INFO - [2025-09-29T14:41:35.514+0000] {dag.py:4180} INFO - Setting next_dagrun for dataset_s3_bucket_consumer_with_no_taskflow to None, run_after=None
[2025-09-29T14:41:35.515+0000] {logging_mixin.py:190} INFO - [2025-09-29T14:41:35.515+0000] {dag.py:4180} INFO - Setting next_dagrun for dataset_s3_bucket_producer_with_no_taskflow to None, run_after=None
[2025-09-29T14:41:35.528+0000] {processor.py:208} INFO - Processing /home/airflow/.local/lib/python3.12/site-packages/airflow/example_dags/example_dataset_alias_with_no_taskflow.py took 0.153 seconds
[2025-09-29T14:42:05.875+0000] {processor.py:186} INFO - Started process (PID=1045) to work on /home/airflow/.local/lib/python3.12/site-packages/airflow/example_dags/example_dataset_alias_with_no_taskflow.py
[2025-09-29T14:42:05.876+0000] {processor.py:914} INFO - Processing file /home/airflow/.local/lib/python3.12/site-packages/airflow/example_dags/example_dataset_alias_with_no_taskflow.py for tasks to queue
[2025-09-29T14:42:05.877+0000] {logging_mixin.py:190} INFO - [2025-09-29T14:42:05.877+0000] {dagbag.py:588} INFO - Filling up the DagBag from /home/airflow/.local/lib/python3.12/site-packages/airflow/example_dags/example_dataset_alias_with_no_taskflow.py
[2025-09-29T14:42:05.965+0000] {processor.py:925} INFO - DAG(s) 'dataset_s3_bucket_consumer_with_no_taskflow', 'dataset_alias_example_alias_producer_with_no_taskflow', 'dataset_alias_example_alias_consumer_with_no_taskflow', 'dataset_s3_bucket_producer_with_no_taskflow' retrieved from /home/airflow/.local/lib/python3.12/site-packages/airflow/example_dags/example_dataset_alias_with_no_taskflow.py
[2025-09-29T14:42:05.978+0000] {logging_mixin.py:190} INFO - [2025-09-29T14:42:05.978+0000] {dag.py:3239} INFO - Sync 4 DAGs
[2025-09-29T14:42:05.990+0000] {logging_mixin.py:190} INFO - [2025-09-29T14:42:05.990+0000] {dag.py:4180} INFO - Setting next_dagrun for dataset_alias_example_alias_consumer_with_no_taskflow to None, run_after=None
[2025-09-29T14:42:05.993+0000] {logging_mixin.py:190} INFO - [2025-09-29T14:42:05.993+0000] {dag.py:4180} INFO - Setting next_dagrun for dataset_alias_example_alias_producer_with_no_taskflow to None, run_after=None
[2025-09-29T14:42:05.995+0000] {logging_mixin.py:190} INFO - [2025-09-29T14:42:05.995+0000] {dag.py:4180} INFO - Setting next_dagrun for dataset_s3_bucket_consumer_with_no_taskflow to None, run_after=None
[2025-09-29T14:42:05.996+0000] {logging_mixin.py:190} INFO - [2025-09-29T14:42:05.996+0000] {dag.py:4180} INFO - Setting next_dagrun for dataset_s3_bucket_producer_with_no_taskflow to None, run_after=None
[2025-09-29T14:42:06.009+0000] {processor.py:208} INFO - Processing /home/airflow/.local/lib/python3.12/site-packages/airflow/example_dags/example_dataset_alias_with_no_taskflow.py took 0.137 seconds
[2025-09-29T14:42:36.254+0000] {processor.py:186} INFO - Started process (PID=1109) to work on /home/airflow/.local/lib/python3.12/site-packages/airflow/example_dags/example_dataset_alias_with_no_taskflow.py
[2025-09-29T14:42:36.255+0000] {processor.py:914} INFO - Processing file /home/airflow/.local/lib/python3.12/site-packages/airflow/example_dags/example_dataset_alias_with_no_taskflow.py for tasks to queue
[2025-09-29T14:42:36.256+0000] {logging_mixin.py:190} INFO - [2025-09-29T14:42:36.256+0000] {dagbag.py:588} INFO - Filling up the DagBag from /home/airflow/.local/lib/python3.12/site-packages/airflow/example_dags/example_dataset_alias_with_no_taskflow.py
[2025-09-29T14:42:36.358+0000] {processor.py:925} INFO - DAG(s) 'dataset_s3_bucket_producer_with_no_taskflow', 'dataset_s3_bucket_consumer_with_no_taskflow', 'dataset_alias_example_alias_consumer_with_no_taskflow', 'dataset_alias_example_alias_producer_with_no_taskflow' retrieved from /home/airflow/.local/lib/python3.12/site-packages/airflow/example_dags/example_dataset_alias_with_no_taskflow.py
[2025-09-29T14:42:36.372+0000] {logging_mixin.py:190} INFO - [2025-09-29T14:42:36.372+0000] {dag.py:3239} INFO - Sync 4 DAGs
[2025-09-29T14:42:36.387+0000] {logging_mixin.py:190} INFO - [2025-09-29T14:42:36.387+0000] {dag.py:4180} INFO - Setting next_dagrun for dataset_alias_example_alias_consumer_with_no_taskflow to None, run_after=None
[2025-09-29T14:42:36.390+0000] {logging_mixin.py:190} INFO - [2025-09-29T14:42:36.389+0000] {dag.py:4180} INFO - Setting next_dagrun for dataset_alias_example_alias_producer_with_no_taskflow to None, run_after=None
[2025-09-29T14:42:36.391+0000] {logging_mixin.py:190} INFO - [2025-09-29T14:42:36.391+0000] {dag.py:4180} INFO - Setting next_dagrun for dataset_s3_bucket_consumer_with_no_taskflow to None, run_after=None
[2025-09-29T14:42:36.392+0000] {logging_mixin.py:190} INFO - [2025-09-29T14:42:36.392+0000] {dag.py:4180} INFO - Setting next_dagrun for dataset_s3_bucket_producer_with_no_taskflow to None, run_after=None
[2025-09-29T14:42:36.401+0000] {processor.py:208} INFO - Processing /home/airflow/.local/lib/python3.12/site-packages/airflow/example_dags/example_dataset_alias_with_no_taskflow.py took 0.151 seconds
[2025-09-29T14:43:06.577+0000] {processor.py:186} INFO - Started process (PID=1173) to work on /home/airflow/.local/lib/python3.12/site-packages/airflow/example_dags/example_dataset_alias_with_no_taskflow.py
[2025-09-29T14:43:06.578+0000] {processor.py:914} INFO - Processing file /home/airflow/.local/lib/python3.12/site-packages/airflow/example_dags/example_dataset_alias_with_no_taskflow.py for tasks to queue
[2025-09-29T14:43:06.580+0000] {logging_mixin.py:190} INFO - [2025-09-29T14:43:06.580+0000] {dagbag.py:588} INFO - Filling up the DagBag from /home/airflow/.local/lib/python3.12/site-packages/airflow/example_dags/example_dataset_alias_with_no_taskflow.py
[2025-09-29T14:43:06.677+0000] {processor.py:925} INFO - DAG(s) 'dataset_alias_example_alias_consumer_with_no_taskflow', 'dataset_s3_bucket_producer_with_no_taskflow', 'dataset_s3_bucket_consumer_with_no_taskflow', 'dataset_alias_example_alias_producer_with_no_taskflow' retrieved from /home/airflow/.local/lib/python3.12/site-packages/airflow/example_dags/example_dataset_alias_with_no_taskflow.py
[2025-09-29T14:43:06.688+0000] {logging_mixin.py:190} INFO - [2025-09-29T14:43:06.688+0000] {dag.py:3239} INFO - Sync 4 DAGs
[2025-09-29T14:43:06.702+0000] {logging_mixin.py:190} INFO - [2025-09-29T14:43:06.701+0000] {dag.py:4180} INFO - Setting next_dagrun for dataset_alias_example_alias_consumer_with_no_taskflow to None, run_after=None
[2025-09-29T14:43:06.703+0000] {logging_mixin.py:190} INFO - [2025-09-29T14:43:06.703+0000] {dag.py:4180} INFO - Setting next_dagrun for dataset_alias_example_alias_producer_with_no_taskflow to None, run_after=None
[2025-09-29T14:43:06.705+0000] {logging_mixin.py:190} INFO - [2025-09-29T14:43:06.705+0000] {dag.py:4180} INFO - Setting next_dagrun for dataset_s3_bucket_consumer_with_no_taskflow to None, run_after=None
[2025-09-29T14:43:06.706+0000] {logging_mixin.py:190} INFO - [2025-09-29T14:43:06.706+0000] {dag.py:4180} INFO - Setting next_dagrun for dataset_s3_bucket_producer_with_no_taskflow to None, run_after=None
[2025-09-29T14:43:06.717+0000] {processor.py:208} INFO - Processing /home/airflow/.local/lib/python3.12/site-packages/airflow/example_dags/example_dataset_alias_with_no_taskflow.py took 0.145 seconds
[2025-09-29T14:43:36.840+0000] {processor.py:186} INFO - Started process (PID=1237) to work on /home/airflow/.local/lib/python3.12/site-packages/airflow/example_dags/example_dataset_alias_with_no_taskflow.py
[2025-09-29T14:43:36.842+0000] {processor.py:914} INFO - Processing file /home/airflow/.local/lib/python3.12/site-packages/airflow/example_dags/example_dataset_alias_with_no_taskflow.py for tasks to queue
[2025-09-29T14:43:36.844+0000] {logging_mixin.py:190} INFO - [2025-09-29T14:43:36.844+0000] {dagbag.py:588} INFO - Filling up the DagBag from /home/airflow/.local/lib/python3.12/site-packages/airflow/example_dags/example_dataset_alias_with_no_taskflow.py
[2025-09-29T14:43:36.929+0000] {processor.py:925} INFO - DAG(s) 'dataset_s3_bucket_consumer_with_no_taskflow', 'dataset_s3_bucket_producer_with_no_taskflow', 'dataset_alias_example_alias_producer_with_no_taskflow', 'dataset_alias_example_alias_consumer_with_no_taskflow' retrieved from /home/airflow/.local/lib/python3.12/site-packages/airflow/example_dags/example_dataset_alias_with_no_taskflow.py
[2025-09-29T14:43:36.940+0000] {logging_mixin.py:190} INFO - [2025-09-29T14:43:36.940+0000] {dag.py:3239} INFO - Sync 4 DAGs
[2025-09-29T14:43:36.951+0000] {logging_mixin.py:190} INFO - [2025-09-29T14:43:36.951+0000] {dag.py:4180} INFO - Setting next_dagrun for dataset_alias_example_alias_consumer_with_no_taskflow to None, run_after=None
[2025-09-29T14:43:36.952+0000] {logging_mixin.py:190} INFO - [2025-09-29T14:43:36.952+0000] {dag.py:4180} INFO - Setting next_dagrun for dataset_alias_example_alias_producer_with_no_taskflow to None, run_after=None
[2025-09-29T14:43:36.953+0000] {logging_mixin.py:190} INFO - [2025-09-29T14:43:36.953+0000] {dag.py:4180} INFO - Setting next_dagrun for dataset_s3_bucket_consumer_with_no_taskflow to None, run_after=None
[2025-09-29T14:43:36.954+0000] {logging_mixin.py:190} INFO - [2025-09-29T14:43:36.953+0000] {dag.py:4180} INFO - Setting next_dagrun for dataset_s3_bucket_producer_with_no_taskflow to None, run_after=None
[2025-09-29T14:43:36.967+0000] {processor.py:208} INFO - Processing /home/airflow/.local/lib/python3.12/site-packages/airflow/example_dags/example_dataset_alias_with_no_taskflow.py took 0.131 seconds
[2025-09-29T14:44:07.554+0000] {processor.py:186} INFO - Started process (PID=1301) to work on /home/airflow/.local/lib/python3.12/site-packages/airflow/example_dags/example_dataset_alias_with_no_taskflow.py
[2025-09-29T14:44:07.555+0000] {processor.py:914} INFO - Processing file /home/airflow/.local/lib/python3.12/site-packages/airflow/example_dags/example_dataset_alias_with_no_taskflow.py for tasks to queue
[2025-09-29T14:44:07.557+0000] {logging_mixin.py:190} INFO - [2025-09-29T14:44:07.557+0000] {dagbag.py:588} INFO - Filling up the DagBag from /home/airflow/.local/lib/python3.12/site-packages/airflow/example_dags/example_dataset_alias_with_no_taskflow.py
[2025-09-29T14:44:07.657+0000] {processor.py:925} INFO - DAG(s) 'dataset_s3_bucket_consumer_with_no_taskflow', 'dataset_alias_example_alias_consumer_with_no_taskflow', 'dataset_alias_example_alias_producer_with_no_taskflow', 'dataset_s3_bucket_producer_with_no_taskflow' retrieved from /home/airflow/.local/lib/python3.12/site-packages/airflow/example_dags/example_dataset_alias_with_no_taskflow.py
[2025-09-29T14:44:07.676+0000] {logging_mixin.py:190} INFO - [2025-09-29T14:44:07.675+0000] {dag.py:3239} INFO - Sync 4 DAGs
[2025-09-29T14:44:07.693+0000] {logging_mixin.py:190} INFO - [2025-09-29T14:44:07.693+0000] {dag.py:4180} INFO - Setting next_dagrun for dataset_alias_example_alias_consumer_with_no_taskflow to None, run_after=None
[2025-09-29T14:44:07.695+0000] {logging_mixin.py:190} INFO - [2025-09-29T14:44:07.694+0000] {dag.py:4180} INFO - Setting next_dagrun for dataset_alias_example_alias_producer_with_no_taskflow to None, run_after=None
[2025-09-29T14:44:07.695+0000] {logging_mixin.py:190} INFO - [2025-09-29T14:44:07.695+0000] {dag.py:4180} INFO - Setting next_dagrun for dataset_s3_bucket_consumer_with_no_taskflow to None, run_after=None
[2025-09-29T14:44:07.696+0000] {logging_mixin.py:190} INFO - [2025-09-29T14:44:07.696+0000] {dag.py:4180} INFO - Setting next_dagrun for dataset_s3_bucket_producer_with_no_taskflow to None, run_after=None
[2025-09-29T14:44:07.710+0000] {processor.py:208} INFO - Processing /home/airflow/.local/lib/python3.12/site-packages/airflow/example_dags/example_dataset_alias_with_no_taskflow.py took 0.162 seconds
[2025-09-29T14:44:37.956+0000] {processor.py:186} INFO - Started process (PID=1364) to work on /home/airflow/.local/lib/python3.12/site-packages/airflow/example_dags/example_dataset_alias_with_no_taskflow.py
[2025-09-29T14:44:37.957+0000] {processor.py:914} INFO - Processing file /home/airflow/.local/lib/python3.12/site-packages/airflow/example_dags/example_dataset_alias_with_no_taskflow.py for tasks to queue
[2025-09-29T14:44:37.959+0000] {logging_mixin.py:190} INFO - [2025-09-29T14:44:37.958+0000] {dagbag.py:588} INFO - Filling up the DagBag from /home/airflow/.local/lib/python3.12/site-packages/airflow/example_dags/example_dataset_alias_with_no_taskflow.py
[2025-09-29T14:44:38.050+0000] {processor.py:925} INFO - DAG(s) 'dataset_alias_example_alias_producer_with_no_taskflow', 'dataset_s3_bucket_producer_with_no_taskflow', 'dataset_s3_bucket_consumer_with_no_taskflow', 'dataset_alias_example_alias_consumer_with_no_taskflow' retrieved from /home/airflow/.local/lib/python3.12/site-packages/airflow/example_dags/example_dataset_alias_with_no_taskflow.py
[2025-09-29T14:44:38.064+0000] {logging_mixin.py:190} INFO - [2025-09-29T14:44:38.064+0000] {dag.py:3239} INFO - Sync 4 DAGs
[2025-09-29T14:44:38.078+0000] {logging_mixin.py:190} INFO - [2025-09-29T14:44:38.078+0000] {dag.py:4180} INFO - Setting next_dagrun for dataset_alias_example_alias_consumer_with_no_taskflow to None, run_after=None
[2025-09-29T14:44:38.080+0000] {logging_mixin.py:190} INFO - [2025-09-29T14:44:38.080+0000] {dag.py:4180} INFO - Setting next_dagrun for dataset_alias_example_alias_producer_with_no_taskflow to None, run_after=None
[2025-09-29T14:44:38.080+0000] {logging_mixin.py:190} INFO - [2025-09-29T14:44:38.080+0000] {dag.py:4180} INFO - Setting next_dagrun for dataset_s3_bucket_consumer_with_no_taskflow to None, run_after=None
[2025-09-29T14:44:38.081+0000] {logging_mixin.py:190} INFO - [2025-09-29T14:44:38.081+0000] {dag.py:4180} INFO - Setting next_dagrun for dataset_s3_bucket_producer_with_no_taskflow to None, run_after=None
[2025-09-29T14:44:38.094+0000] {processor.py:208} INFO - Processing /home/airflow/.local/lib/python3.12/site-packages/airflow/example_dags/example_dataset_alias_with_no_taskflow.py took 0.142 seconds
[2025-09-29T14:45:08.407+0000] {processor.py:186} INFO - Started process (PID=1428) to work on /home/airflow/.local/lib/python3.12/site-packages/airflow/example_dags/example_dataset_alias_with_no_taskflow.py
[2025-09-29T14:45:08.410+0000] {processor.py:914} INFO - Processing file /home/airflow/.local/lib/python3.12/site-packages/airflow/example_dags/example_dataset_alias_with_no_taskflow.py for tasks to queue
[2025-09-29T14:45:08.412+0000] {logging_mixin.py:190} INFO - [2025-09-29T14:45:08.412+0000] {dagbag.py:588} INFO - Filling up the DagBag from /home/airflow/.local/lib/python3.12/site-packages/airflow/example_dags/example_dataset_alias_with_no_taskflow.py
[2025-09-29T14:45:08.504+0000] {processor.py:925} INFO - DAG(s) 'dataset_alias_example_alias_consumer_with_no_taskflow', 'dataset_alias_example_alias_producer_with_no_taskflow', 'dataset_s3_bucket_consumer_with_no_taskflow', 'dataset_s3_bucket_producer_with_no_taskflow' retrieved from /home/airflow/.local/lib/python3.12/site-packages/airflow/example_dags/example_dataset_alias_with_no_taskflow.py
[2025-09-29T14:45:08.521+0000] {logging_mixin.py:190} INFO - [2025-09-29T14:45:08.521+0000] {dag.py:3239} INFO - Sync 4 DAGs
[2025-09-29T14:45:08.536+0000] {logging_mixin.py:190} INFO - [2025-09-29T14:45:08.536+0000] {dag.py:4180} INFO - Setting next_dagrun for dataset_alias_example_alias_consumer_with_no_taskflow to None, run_after=None
[2025-09-29T14:45:08.539+0000] {logging_mixin.py:190} INFO - [2025-09-29T14:45:08.539+0000] {dag.py:4180} INFO - Setting next_dagrun for dataset_alias_example_alias_producer_with_no_taskflow to None, run_after=None
[2025-09-29T14:45:08.540+0000] {logging_mixin.py:190} INFO - [2025-09-29T14:45:08.540+0000] {dag.py:4180} INFO - Setting next_dagrun for dataset_s3_bucket_consumer_with_no_taskflow to None, run_after=None
[2025-09-29T14:45:08.540+0000] {logging_mixin.py:190} INFO - [2025-09-29T14:45:08.540+0000] {dag.py:4180} INFO - Setting next_dagrun for dataset_s3_bucket_producer_with_no_taskflow to None, run_after=None
[2025-09-29T14:45:08.557+0000] {processor.py:208} INFO - Processing /home/airflow/.local/lib/python3.12/site-packages/airflow/example_dags/example_dataset_alias_with_no_taskflow.py took 0.156 seconds
[2025-09-29T14:45:38.854+0000] {processor.py:186} INFO - Started process (PID=1492) to work on /home/airflow/.local/lib/python3.12/site-packages/airflow/example_dags/example_dataset_alias_with_no_taskflow.py
[2025-09-29T14:45:38.855+0000] {processor.py:914} INFO - Processing file /home/airflow/.local/lib/python3.12/site-packages/airflow/example_dags/example_dataset_alias_with_no_taskflow.py for tasks to queue
[2025-09-29T14:45:38.856+0000] {logging_mixin.py:190} INFO - [2025-09-29T14:45:38.856+0000] {dagbag.py:588} INFO - Filling up the DagBag from /home/airflow/.local/lib/python3.12/site-packages/airflow/example_dags/example_dataset_alias_with_no_taskflow.py
[2025-09-29T14:45:38.949+0000] {processor.py:925} INFO - DAG(s) 'dataset_s3_bucket_consumer_with_no_taskflow', 'dataset_alias_example_alias_consumer_with_no_taskflow', 'dataset_s3_bucket_producer_with_no_taskflow', 'dataset_alias_example_alias_producer_with_no_taskflow' retrieved from /home/airflow/.local/lib/python3.12/site-packages/airflow/example_dags/example_dataset_alias_with_no_taskflow.py
[2025-09-29T14:45:38.962+0000] {logging_mixin.py:190} INFO - [2025-09-29T14:45:38.962+0000] {dag.py:3239} INFO - Sync 4 DAGs
[2025-09-29T14:45:38.977+0000] {logging_mixin.py:190} INFO - [2025-09-29T14:45:38.977+0000] {dag.py:4180} INFO - Setting next_dagrun for dataset_alias_example_alias_consumer_with_no_taskflow to None, run_after=None
[2025-09-29T14:45:38.978+0000] {logging_mixin.py:190} INFO - [2025-09-29T14:45:38.978+0000] {dag.py:4180} INFO - Setting next_dagrun for dataset_alias_example_alias_producer_with_no_taskflow to None, run_after=None
[2025-09-29T14:45:38.979+0000] {logging_mixin.py:190} INFO - [2025-09-29T14:45:38.979+0000] {dag.py:4180} INFO - Setting next_dagrun for dataset_s3_bucket_consumer_with_no_taskflow to None, run_after=None
[2025-09-29T14:45:38.979+0000] {logging_mixin.py:190} INFO - [2025-09-29T14:45:38.979+0000] {dag.py:4180} INFO - Setting next_dagrun for dataset_s3_bucket_producer_with_no_taskflow to None, run_after=None
[2025-09-29T14:45:38.994+0000] {processor.py:208} INFO - Processing /home/airflow/.local/lib/python3.12/site-packages/airflow/example_dags/example_dataset_alias_with_no_taskflow.py took 0.143 seconds
[2025-09-29T14:46:09.412+0000] {processor.py:186} INFO - Started process (PID=1556) to work on /home/airflow/.local/lib/python3.12/site-packages/airflow/example_dags/example_dataset_alias_with_no_taskflow.py
[2025-09-29T14:46:09.414+0000] {processor.py:914} INFO - Processing file /home/airflow/.local/lib/python3.12/site-packages/airflow/example_dags/example_dataset_alias_with_no_taskflow.py for tasks to queue
[2025-09-29T14:46:09.415+0000] {logging_mixin.py:190} INFO - [2025-09-29T14:46:09.415+0000] {dagbag.py:588} INFO - Filling up the DagBag from /home/airflow/.local/lib/python3.12/site-packages/airflow/example_dags/example_dataset_alias_with_no_taskflow.py
[2025-09-29T14:46:09.516+0000] {processor.py:925} INFO - DAG(s) 'dataset_alias_example_alias_consumer_with_no_taskflow', 'dataset_s3_bucket_consumer_with_no_taskflow', 'dataset_s3_bucket_producer_with_no_taskflow', 'dataset_alias_example_alias_producer_with_no_taskflow' retrieved from /home/airflow/.local/lib/python3.12/site-packages/airflow/example_dags/example_dataset_alias_with_no_taskflow.py
[2025-09-29T14:46:09.536+0000] {logging_mixin.py:190} INFO - [2025-09-29T14:46:09.536+0000] {dag.py:3239} INFO - Sync 4 DAGs
[2025-09-29T14:46:09.551+0000] {logging_mixin.py:190} INFO - [2025-09-29T14:46:09.551+0000] {dag.py:4180} INFO - Setting next_dagrun for dataset_alias_example_alias_consumer_with_no_taskflow to None, run_after=None
[2025-09-29T14:46:09.554+0000] {logging_mixin.py:190} INFO - [2025-09-29T14:46:09.553+0000] {dag.py:4180} INFO - Setting next_dagrun for dataset_alias_example_alias_producer_with_no_taskflow to None, run_after=None
[2025-09-29T14:46:09.555+0000] {logging_mixin.py:190} INFO - [2025-09-29T14:46:09.555+0000] {dag.py:4180} INFO - Setting next_dagrun for dataset_s3_bucket_consumer_with_no_taskflow to None, run_after=None
[2025-09-29T14:46:09.559+0000] {logging_mixin.py:190} INFO - [2025-09-29T14:46:09.559+0000] {dag.py:4180} INFO - Setting next_dagrun for dataset_s3_bucket_producer_with_no_taskflow to None, run_after=None
[2025-09-29T14:46:09.572+0000] {processor.py:208} INFO - Processing /home/airflow/.local/lib/python3.12/site-packages/airflow/example_dags/example_dataset_alias_with_no_taskflow.py took 0.165 seconds
[2025-09-29T14:46:40.010+0000] {processor.py:186} INFO - Started process (PID=1620) to work on /home/airflow/.local/lib/python3.12/site-packages/airflow/example_dags/example_dataset_alias_with_no_taskflow.py
[2025-09-29T14:46:40.010+0000] {processor.py:914} INFO - Processing file /home/airflow/.local/lib/python3.12/site-packages/airflow/example_dags/example_dataset_alias_with_no_taskflow.py for tasks to queue
[2025-09-29T14:46:40.012+0000] {logging_mixin.py:190} INFO - [2025-09-29T14:46:40.012+0000] {dagbag.py:588} INFO - Filling up the DagBag from /home/airflow/.local/lib/python3.12/site-packages/airflow/example_dags/example_dataset_alias_with_no_taskflow.py
[2025-09-29T14:46:40.114+0000] {processor.py:925} INFO - DAG(s) 'dataset_s3_bucket_producer_with_no_taskflow', 'dataset_s3_bucket_consumer_with_no_taskflow', 'dataset_alias_example_alias_producer_with_no_taskflow', 'dataset_alias_example_alias_consumer_with_no_taskflow' retrieved from /home/airflow/.local/lib/python3.12/site-packages/airflow/example_dags/example_dataset_alias_with_no_taskflow.py
[2025-09-29T14:46:40.129+0000] {logging_mixin.py:190} INFO - [2025-09-29T14:46:40.129+0000] {dag.py:3239} INFO - Sync 4 DAGs
[2025-09-29T14:46:40.141+0000] {logging_mixin.py:190} INFO - [2025-09-29T14:46:40.141+0000] {dag.py:4180} INFO - Setting next_dagrun for dataset_alias_example_alias_consumer_with_no_taskflow to None, run_after=None
[2025-09-29T14:46:40.144+0000] {logging_mixin.py:190} INFO - [2025-09-29T14:46:40.144+0000] {dag.py:4180} INFO - Setting next_dagrun for dataset_alias_example_alias_producer_with_no_taskflow to None, run_after=None
[2025-09-29T14:46:40.145+0000] {logging_mixin.py:190} INFO - [2025-09-29T14:46:40.145+0000] {dag.py:4180} INFO - Setting next_dagrun for dataset_s3_bucket_consumer_with_no_taskflow to None, run_after=None
[2025-09-29T14:46:40.146+0000] {logging_mixin.py:190} INFO - [2025-09-29T14:46:40.146+0000] {dag.py:4180} INFO - Setting next_dagrun for dataset_s3_bucket_producer_with_no_taskflow to None, run_after=None
[2025-09-29T14:46:40.158+0000] {processor.py:208} INFO - Processing /home/airflow/.local/lib/python3.12/site-packages/airflow/example_dags/example_dataset_alias_with_no_taskflow.py took 0.153 seconds
[2025-09-29T14:47:10.276+0000] {processor.py:186} INFO - Started process (PID=1684) to work on /home/airflow/.local/lib/python3.12/site-packages/airflow/example_dags/example_dataset_alias_with_no_taskflow.py
[2025-09-29T14:47:10.279+0000] {processor.py:914} INFO - Processing file /home/airflow/.local/lib/python3.12/site-packages/airflow/example_dags/example_dataset_alias_with_no_taskflow.py for tasks to queue
[2025-09-29T14:47:10.281+0000] {logging_mixin.py:190} INFO - [2025-09-29T14:47:10.281+0000] {dagbag.py:588} INFO - Filling up the DagBag from /home/airflow/.local/lib/python3.12/site-packages/airflow/example_dags/example_dataset_alias_with_no_taskflow.py
[2025-09-29T14:47:10.370+0000] {processor.py:925} INFO - DAG(s) 'dataset_alias_example_alias_producer_with_no_taskflow', 'dataset_s3_bucket_producer_with_no_taskflow', 'dataset_alias_example_alias_consumer_with_no_taskflow', 'dataset_s3_bucket_consumer_with_no_taskflow' retrieved from /home/airflow/.local/lib/python3.12/site-packages/airflow/example_dags/example_dataset_alias_with_no_taskflow.py
[2025-09-29T14:47:10.384+0000] {logging_mixin.py:190} INFO - [2025-09-29T14:47:10.384+0000] {dag.py:3239} INFO - Sync 4 DAGs
[2025-09-29T14:47:10.394+0000] {logging_mixin.py:190} INFO - [2025-09-29T14:47:10.394+0000] {dag.py:4180} INFO - Setting next_dagrun for dataset_alias_example_alias_consumer_with_no_taskflow to None, run_after=None
[2025-09-29T14:47:10.396+0000] {logging_mixin.py:190} INFO - [2025-09-29T14:47:10.396+0000] {dag.py:4180} INFO - Setting next_dagrun for dataset_alias_example_alias_producer_with_no_taskflow to None, run_after=None
[2025-09-29T14:47:10.397+0000] {logging_mixin.py:190} INFO - [2025-09-29T14:47:10.397+0000] {dag.py:4180} INFO - Setting next_dagrun for dataset_s3_bucket_consumer_with_no_taskflow to None, run_after=None
[2025-09-29T14:47:10.397+0000] {logging_mixin.py:190} INFO - [2025-09-29T14:47:10.397+0000] {dag.py:4180} INFO - Setting next_dagrun for dataset_s3_bucket_producer_with_no_taskflow to None, run_after=None
[2025-09-29T14:47:10.412+0000] {processor.py:208} INFO - Processing /home/airflow/.local/lib/python3.12/site-packages/airflow/example_dags/example_dataset_alias_with_no_taskflow.py took 0.141 seconds
[2025-09-29T14:47:40.795+0000] {processor.py:186} INFO - Started process (PID=1748) to work on /home/airflow/.local/lib/python3.12/site-packages/airflow/example_dags/example_dataset_alias_with_no_taskflow.py
[2025-09-29T14:47:40.796+0000] {processor.py:914} INFO - Processing file /home/airflow/.local/lib/python3.12/site-packages/airflow/example_dags/example_dataset_alias_with_no_taskflow.py for tasks to queue
[2025-09-29T14:47:40.802+0000] {logging_mixin.py:190} INFO - [2025-09-29T14:47:40.801+0000] {dagbag.py:588} INFO - Filling up the DagBag from /home/airflow/.local/lib/python3.12/site-packages/airflow/example_dags/example_dataset_alias_with_no_taskflow.py
[2025-09-29T14:47:40.894+0000] {processor.py:925} INFO - DAG(s) 'dataset_alias_example_alias_consumer_with_no_taskflow', 'dataset_alias_example_alias_producer_with_no_taskflow', 'dataset_s3_bucket_consumer_with_no_taskflow', 'dataset_s3_bucket_producer_with_no_taskflow' retrieved from /home/airflow/.local/lib/python3.12/site-packages/airflow/example_dags/example_dataset_alias_with_no_taskflow.py
[2025-09-29T14:47:40.905+0000] {logging_mixin.py:190} INFO - [2025-09-29T14:47:40.905+0000] {dag.py:3239} INFO - Sync 4 DAGs
[2025-09-29T14:47:40.917+0000] {logging_mixin.py:190} INFO - [2025-09-29T14:47:40.917+0000] {dag.py:4180} INFO - Setting next_dagrun for dataset_alias_example_alias_consumer_with_no_taskflow to None, run_after=None
[2025-09-29T14:47:40.919+0000] {logging_mixin.py:190} INFO - [2025-09-29T14:47:40.919+0000] {dag.py:4180} INFO - Setting next_dagrun for dataset_alias_example_alias_producer_with_no_taskflow to None, run_after=None
[2025-09-29T14:47:40.919+0000] {logging_mixin.py:190} INFO - [2025-09-29T14:47:40.919+0000] {dag.py:4180} INFO - Setting next_dagrun for dataset_s3_bucket_consumer_with_no_taskflow to None, run_after=None
[2025-09-29T14:47:40.920+0000] {logging_mixin.py:190} INFO - [2025-09-29T14:47:40.920+0000] {dag.py:4180} INFO - Setting next_dagrun for dataset_s3_bucket_producer_with_no_taskflow to None, run_after=None
[2025-09-29T14:47:40.934+0000] {processor.py:208} INFO - Processing /home/airflow/.local/lib/python3.12/site-packages/airflow/example_dags/example_dataset_alias_with_no_taskflow.py took 0.146 seconds
[2025-09-29T14:48:11.147+0000] {processor.py:186} INFO - Started process (PID=1812) to work on /home/airflow/.local/lib/python3.12/site-packages/airflow/example_dags/example_dataset_alias_with_no_taskflow.py
[2025-09-29T14:48:11.148+0000] {processor.py:914} INFO - Processing file /home/airflow/.local/lib/python3.12/site-packages/airflow/example_dags/example_dataset_alias_with_no_taskflow.py for tasks to queue
[2025-09-29T14:48:11.151+0000] {logging_mixin.py:190} INFO - [2025-09-29T14:48:11.151+0000] {dagbag.py:588} INFO - Filling up the DagBag from /home/airflow/.local/lib/python3.12/site-packages/airflow/example_dags/example_dataset_alias_with_no_taskflow.py
[2025-09-29T14:48:11.247+0000] {processor.py:925} INFO - DAG(s) 'dataset_s3_bucket_consumer_with_no_taskflow', 'dataset_alias_example_alias_producer_with_no_taskflow', 'dataset_s3_bucket_producer_with_no_taskflow', 'dataset_alias_example_alias_consumer_with_no_taskflow' retrieved from /home/airflow/.local/lib/python3.12/site-packages/airflow/example_dags/example_dataset_alias_with_no_taskflow.py
[2025-09-29T14:48:11.261+0000] {logging_mixin.py:190} INFO - [2025-09-29T14:48:11.261+0000] {dag.py:3239} INFO - Sync 4 DAGs
[2025-09-29T14:48:11.272+0000] {logging_mixin.py:190} INFO - [2025-09-29T14:48:11.272+0000] {dag.py:4180} INFO - Setting next_dagrun for dataset_alias_example_alias_consumer_with_no_taskflow to None, run_after=None
[2025-09-29T14:48:11.274+0000] {logging_mixin.py:190} INFO - [2025-09-29T14:48:11.273+0000] {dag.py:4180} INFO - Setting next_dagrun for dataset_alias_example_alias_producer_with_no_taskflow to None, run_after=None
[2025-09-29T14:48:11.274+0000] {logging_mixin.py:190} INFO - [2025-09-29T14:48:11.274+0000] {dag.py:4180} INFO - Setting next_dagrun for dataset_s3_bucket_consumer_with_no_taskflow to None, run_after=None
[2025-09-29T14:48:11.275+0000] {logging_mixin.py:190} INFO - [2025-09-29T14:48:11.275+0000] {dag.py:4180} INFO - Setting next_dagrun for dataset_s3_bucket_producer_with_no_taskflow to None, run_after=None
[2025-09-29T14:48:11.289+0000] {processor.py:208} INFO - Processing /home/airflow/.local/lib/python3.12/site-packages/airflow/example_dags/example_dataset_alias_with_no_taskflow.py took 0.149 seconds
[2025-09-29T14:48:41.506+0000] {processor.py:186} INFO - Started process (PID=1876) to work on /home/airflow/.local/lib/python3.12/site-packages/airflow/example_dags/example_dataset_alias_with_no_taskflow.py
[2025-09-29T14:48:41.507+0000] {processor.py:914} INFO - Processing file /home/airflow/.local/lib/python3.12/site-packages/airflow/example_dags/example_dataset_alias_with_no_taskflow.py for tasks to queue
[2025-09-29T14:48:41.509+0000] {logging_mixin.py:190} INFO - [2025-09-29T14:48:41.509+0000] {dagbag.py:588} INFO - Filling up the DagBag from /home/airflow/.local/lib/python3.12/site-packages/airflow/example_dags/example_dataset_alias_with_no_taskflow.py
[2025-09-29T14:48:41.597+0000] {processor.py:925} INFO - DAG(s) 'dataset_alias_example_alias_consumer_with_no_taskflow', 'dataset_alias_example_alias_producer_with_no_taskflow', 'dataset_s3_bucket_consumer_with_no_taskflow', 'dataset_s3_bucket_producer_with_no_taskflow' retrieved from /home/airflow/.local/lib/python3.12/site-packages/airflow/example_dags/example_dataset_alias_with_no_taskflow.py
[2025-09-29T14:48:41.610+0000] {logging_mixin.py:190} INFO - [2025-09-29T14:48:41.610+0000] {dag.py:3239} INFO - Sync 4 DAGs
[2025-09-29T14:48:41.625+0000] {logging_mixin.py:190} INFO - [2025-09-29T14:48:41.625+0000] {dag.py:4180} INFO - Setting next_dagrun for dataset_alias_example_alias_consumer_with_no_taskflow to None, run_after=None
[2025-09-29T14:48:41.627+0000] {logging_mixin.py:190} INFO - [2025-09-29T14:48:41.627+0000] {dag.py:4180} INFO - Setting next_dagrun for dataset_alias_example_alias_producer_with_no_taskflow to None, run_after=None
[2025-09-29T14:48:41.627+0000] {logging_mixin.py:190} INFO - [2025-09-29T14:48:41.627+0000] {dag.py:4180} INFO - Setting next_dagrun for dataset_s3_bucket_consumer_with_no_taskflow to None, run_after=None
[2025-09-29T14:48:41.628+0000] {logging_mixin.py:190} INFO - [2025-09-29T14:48:41.628+0000] {dag.py:4180} INFO - Setting next_dagrun for dataset_s3_bucket_producer_with_no_taskflow to None, run_after=None
[2025-09-29T14:48:41.641+0000] {processor.py:208} INFO - Processing /home/airflow/.local/lib/python3.12/site-packages/airflow/example_dags/example_dataset_alias_with_no_taskflow.py took 0.141 seconds
[2025-09-29T14:49:11.670+0000] {processor.py:186} INFO - Started process (PID=1941) to work on /home/airflow/.local/lib/python3.12/site-packages/airflow/example_dags/example_dataset_alias_with_no_taskflow.py
[2025-09-29T14:49:11.670+0000] {processor.py:914} INFO - Processing file /home/airflow/.local/lib/python3.12/site-packages/airflow/example_dags/example_dataset_alias_with_no_taskflow.py for tasks to queue
[2025-09-29T14:49:11.672+0000] {logging_mixin.py:190} INFO - [2025-09-29T14:49:11.671+0000] {dagbag.py:588} INFO - Filling up the DagBag from /home/airflow/.local/lib/python3.12/site-packages/airflow/example_dags/example_dataset_alias_with_no_taskflow.py
[2025-09-29T14:49:11.778+0000] {processor.py:925} INFO - DAG(s) 'dataset_alias_example_alias_producer_with_no_taskflow', 'dataset_s3_bucket_producer_with_no_taskflow', 'dataset_s3_bucket_consumer_with_no_taskflow', 'dataset_alias_example_alias_consumer_with_no_taskflow' retrieved from /home/airflow/.local/lib/python3.12/site-packages/airflow/example_dags/example_dataset_alias_with_no_taskflow.py
[2025-09-29T14:49:11.792+0000] {logging_mixin.py:190} INFO - [2025-09-29T14:49:11.792+0000] {dag.py:3239} INFO - Sync 4 DAGs
[2025-09-29T14:49:11.808+0000] {logging_mixin.py:190} INFO - [2025-09-29T14:49:11.808+0000] {dag.py:4180} INFO - Setting next_dagrun for dataset_alias_example_alias_consumer_with_no_taskflow to None, run_after=None
[2025-09-29T14:49:11.812+0000] {logging_mixin.py:190} INFO - [2025-09-29T14:49:11.812+0000] {dag.py:4180} INFO - Setting next_dagrun for dataset_alias_example_alias_producer_with_no_taskflow to None, run_after=None
[2025-09-29T14:49:11.815+0000] {logging_mixin.py:190} INFO - [2025-09-29T14:49:11.815+0000] {dag.py:4180} INFO - Setting next_dagrun for dataset_s3_bucket_consumer_with_no_taskflow to None, run_after=None
[2025-09-29T14:49:11.816+0000] {logging_mixin.py:190} INFO - [2025-09-29T14:49:11.816+0000] {dag.py:4180} INFO - Setting next_dagrun for dataset_s3_bucket_producer_with_no_taskflow to None, run_after=None
[2025-09-29T14:49:11.833+0000] {processor.py:208} INFO - Processing /home/airflow/.local/lib/python3.12/site-packages/airflow/example_dags/example_dataset_alias_with_no_taskflow.py took 0.167 seconds
[2025-09-29T14:49:42.199+0000] {processor.py:186} INFO - Started process (PID=2004) to work on /home/airflow/.local/lib/python3.12/site-packages/airflow/example_dags/example_dataset_alias_with_no_taskflow.py
[2025-09-29T14:49:42.202+0000] {processor.py:914} INFO - Processing file /home/airflow/.local/lib/python3.12/site-packages/airflow/example_dags/example_dataset_alias_with_no_taskflow.py for tasks to queue
[2025-09-29T14:49:42.205+0000] {logging_mixin.py:190} INFO - [2025-09-29T14:49:42.205+0000] {dagbag.py:588} INFO - Filling up the DagBag from /home/airflow/.local/lib/python3.12/site-packages/airflow/example_dags/example_dataset_alias_with_no_taskflow.py
[2025-09-29T14:49:42.300+0000] {processor.py:925} INFO - DAG(s) 'dataset_alias_example_alias_producer_with_no_taskflow', 'dataset_s3_bucket_producer_with_no_taskflow', 'dataset_alias_example_alias_consumer_with_no_taskflow', 'dataset_s3_bucket_consumer_with_no_taskflow' retrieved from /home/airflow/.local/lib/python3.12/site-packages/airflow/example_dags/example_dataset_alias_with_no_taskflow.py
[2025-09-29T14:49:42.313+0000] {logging_mixin.py:190} INFO - [2025-09-29T14:49:42.313+0000] {dag.py:3239} INFO - Sync 4 DAGs
[2025-09-29T14:49:42.327+0000] {logging_mixin.py:190} INFO - [2025-09-29T14:49:42.326+0000] {dag.py:4180} INFO - Setting next_dagrun for dataset_alias_example_alias_consumer_with_no_taskflow to None, run_after=None
[2025-09-29T14:49:42.328+0000] {logging_mixin.py:190} INFO - [2025-09-29T14:49:42.328+0000] {dag.py:4180} INFO - Setting next_dagrun for dataset_alias_example_alias_producer_with_no_taskflow to None, run_after=None
[2025-09-29T14:49:42.329+0000] {logging_mixin.py:190} INFO - [2025-09-29T14:49:42.329+0000] {dag.py:4180} INFO - Setting next_dagrun for dataset_s3_bucket_consumer_with_no_taskflow to None, run_after=None
[2025-09-29T14:49:42.330+0000] {logging_mixin.py:190} INFO - [2025-09-29T14:49:42.329+0000] {dag.py:4180} INFO - Setting next_dagrun for dataset_s3_bucket_producer_with_no_taskflow to None, run_after=None
[2025-09-29T14:49:42.342+0000] {processor.py:208} INFO - Processing /home/airflow/.local/lib/python3.12/site-packages/airflow/example_dags/example_dataset_alias_with_no_taskflow.py took 0.148 seconds
[2025-09-29T14:50:12.506+0000] {processor.py:186} INFO - Started process (PID=2068) to work on /home/airflow/.local/lib/python3.12/site-packages/airflow/example_dags/example_dataset_alias_with_no_taskflow.py
[2025-09-29T14:50:12.507+0000] {processor.py:914} INFO - Processing file /home/airflow/.local/lib/python3.12/site-packages/airflow/example_dags/example_dataset_alias_with_no_taskflow.py for tasks to queue
[2025-09-29T14:50:12.509+0000] {logging_mixin.py:190} INFO - [2025-09-29T14:50:12.509+0000] {dagbag.py:588} INFO - Filling up the DagBag from /home/airflow/.local/lib/python3.12/site-packages/airflow/example_dags/example_dataset_alias_with_no_taskflow.py
[2025-09-29T14:50:12.602+0000] {processor.py:925} INFO - DAG(s) 'dataset_alias_example_alias_producer_with_no_taskflow', 'dataset_alias_example_alias_consumer_with_no_taskflow', 'dataset_s3_bucket_producer_with_no_taskflow', 'dataset_s3_bucket_consumer_with_no_taskflow' retrieved from /home/airflow/.local/lib/python3.12/site-packages/airflow/example_dags/example_dataset_alias_with_no_taskflow.py
[2025-09-29T14:50:12.616+0000] {logging_mixin.py:190} INFO - [2025-09-29T14:50:12.616+0000] {dag.py:3239} INFO - Sync 4 DAGs
[2025-09-29T14:50:12.628+0000] {logging_mixin.py:190} INFO - [2025-09-29T14:50:12.628+0000] {dag.py:4180} INFO - Setting next_dagrun for dataset_alias_example_alias_consumer_with_no_taskflow to None, run_after=None
[2025-09-29T14:50:12.630+0000] {logging_mixin.py:190} INFO - [2025-09-29T14:50:12.630+0000] {dag.py:4180} INFO - Setting next_dagrun for dataset_alias_example_alias_producer_with_no_taskflow to None, run_after=None
[2025-09-29T14:50:12.631+0000] {logging_mixin.py:190} INFO - [2025-09-29T14:50:12.631+0000] {dag.py:4180} INFO - Setting next_dagrun for dataset_s3_bucket_consumer_with_no_taskflow to None, run_after=None
[2025-09-29T14:50:12.632+0000] {logging_mixin.py:190} INFO - [2025-09-29T14:50:12.631+0000] {dag.py:4180} INFO - Setting next_dagrun for dataset_s3_bucket_producer_with_no_taskflow to None, run_after=None
[2025-09-29T14:50:12.643+0000] {processor.py:208} INFO - Processing /home/airflow/.local/lib/python3.12/site-packages/airflow/example_dags/example_dataset_alias_with_no_taskflow.py took 0.141 seconds
[2025-09-29T14:50:42.845+0000] {processor.py:186} INFO - Started process (PID=2132) to work on /home/airflow/.local/lib/python3.12/site-packages/airflow/example_dags/example_dataset_alias_with_no_taskflow.py
[2025-09-29T14:50:42.846+0000] {processor.py:914} INFO - Processing file /home/airflow/.local/lib/python3.12/site-packages/airflow/example_dags/example_dataset_alias_with_no_taskflow.py for tasks to queue
[2025-09-29T14:50:42.848+0000] {logging_mixin.py:190} INFO - [2025-09-29T14:50:42.848+0000] {dagbag.py:588} INFO - Filling up the DagBag from /home/airflow/.local/lib/python3.12/site-packages/airflow/example_dags/example_dataset_alias_with_no_taskflow.py
[2025-09-29T14:50:42.939+0000] {processor.py:925} INFO - DAG(s) 'dataset_alias_example_alias_consumer_with_no_taskflow', 'dataset_alias_example_alias_producer_with_no_taskflow', 'dataset_s3_bucket_consumer_with_no_taskflow', 'dataset_s3_bucket_producer_with_no_taskflow' retrieved from /home/airflow/.local/lib/python3.12/site-packages/airflow/example_dags/example_dataset_alias_with_no_taskflow.py
[2025-09-29T14:50:42.952+0000] {logging_mixin.py:190} INFO - [2025-09-29T14:50:42.952+0000] {dag.py:3239} INFO - Sync 4 DAGs
[2025-09-29T14:50:42.963+0000] {logging_mixin.py:190} INFO - [2025-09-29T14:50:42.963+0000] {dag.py:4180} INFO - Setting next_dagrun for dataset_alias_example_alias_consumer_with_no_taskflow to None, run_after=None
[2025-09-29T14:50:42.966+0000] {logging_mixin.py:190} INFO - [2025-09-29T14:50:42.966+0000] {dag.py:4180} INFO - Setting next_dagrun for dataset_alias_example_alias_producer_with_no_taskflow to None, run_after=None
[2025-09-29T14:50:42.967+0000] {logging_mixin.py:190} INFO - [2025-09-29T14:50:42.967+0000] {dag.py:4180} INFO - Setting next_dagrun for dataset_s3_bucket_consumer_with_no_taskflow to None, run_after=None
[2025-09-29T14:50:42.968+0000] {logging_mixin.py:190} INFO - [2025-09-29T14:50:42.968+0000] {dag.py:4180} INFO - Setting next_dagrun for dataset_s3_bucket_producer_with_no_taskflow to None, run_after=None
[2025-09-29T14:50:42.979+0000] {processor.py:208} INFO - Processing /home/airflow/.local/lib/python3.12/site-packages/airflow/example_dags/example_dataset_alias_with_no_taskflow.py took 0.139 seconds
[2025-09-29T14:51:13.052+0000] {processor.py:186} INFO - Started process (PID=2196) to work on /home/airflow/.local/lib/python3.12/site-packages/airflow/example_dags/example_dataset_alias_with_no_taskflow.py
[2025-09-29T14:51:13.054+0000] {processor.py:914} INFO - Processing file /home/airflow/.local/lib/python3.12/site-packages/airflow/example_dags/example_dataset_alias_with_no_taskflow.py for tasks to queue
[2025-09-29T14:51:13.055+0000] {logging_mixin.py:190} INFO - [2025-09-29T14:51:13.055+0000] {dagbag.py:588} INFO - Filling up the DagBag from /home/airflow/.local/lib/python3.12/site-packages/airflow/example_dags/example_dataset_alias_with_no_taskflow.py
[2025-09-29T14:51:13.145+0000] {processor.py:925} INFO - DAG(s) 'dataset_s3_bucket_consumer_with_no_taskflow', 'dataset_alias_example_alias_producer_with_no_taskflow', 'dataset_s3_bucket_producer_with_no_taskflow', 'dataset_alias_example_alias_consumer_with_no_taskflow' retrieved from /home/airflow/.local/lib/python3.12/site-packages/airflow/example_dags/example_dataset_alias_with_no_taskflow.py
[2025-09-29T14:51:13.160+0000] {logging_mixin.py:190} INFO - [2025-09-29T14:51:13.160+0000] {dag.py:3239} INFO - Sync 4 DAGs
[2025-09-29T14:51:13.171+0000] {logging_mixin.py:190} INFO - [2025-09-29T14:51:13.171+0000] {dag.py:4180} INFO - Setting next_dagrun for dataset_alias_example_alias_consumer_with_no_taskflow to None, run_after=None
[2025-09-29T14:51:13.173+0000] {logging_mixin.py:190} INFO - [2025-09-29T14:51:13.173+0000] {dag.py:4180} INFO - Setting next_dagrun for dataset_alias_example_alias_producer_with_no_taskflow to None, run_after=None
[2025-09-29T14:51:13.174+0000] {logging_mixin.py:190} INFO - [2025-09-29T14:51:13.174+0000] {dag.py:4180} INFO - Setting next_dagrun for dataset_s3_bucket_consumer_with_no_taskflow to None, run_after=None
[2025-09-29T14:51:13.174+0000] {logging_mixin.py:190} INFO - [2025-09-29T14:51:13.174+0000] {dag.py:4180} INFO - Setting next_dagrun for dataset_s3_bucket_producer_with_no_taskflow to None, run_after=None
[2025-09-29T14:51:13.200+0000] {processor.py:208} INFO - Processing /home/airflow/.local/lib/python3.12/site-packages/airflow/example_dags/example_dataset_alias_with_no_taskflow.py took 0.155 seconds
[2025-09-29T14:51:43.419+0000] {processor.py:186} INFO - Started process (PID=2260) to work on /home/airflow/.local/lib/python3.12/site-packages/airflow/example_dags/example_dataset_alias_with_no_taskflow.py
[2025-09-29T14:51:43.420+0000] {processor.py:914} INFO - Processing file /home/airflow/.local/lib/python3.12/site-packages/airflow/example_dags/example_dataset_alias_with_no_taskflow.py for tasks to queue
[2025-09-29T14:51:43.422+0000] {logging_mixin.py:190} INFO - [2025-09-29T14:51:43.422+0000] {dagbag.py:588} INFO - Filling up the DagBag from /home/airflow/.local/lib/python3.12/site-packages/airflow/example_dags/example_dataset_alias_with_no_taskflow.py
[2025-09-29T14:51:43.502+0000] {processor.py:925} INFO - DAG(s) 'dataset_alias_example_alias_consumer_with_no_taskflow', 'dataset_s3_bucket_producer_with_no_taskflow', 'dataset_alias_example_alias_producer_with_no_taskflow', 'dataset_s3_bucket_consumer_with_no_taskflow' retrieved from /home/airflow/.local/lib/python3.12/site-packages/airflow/example_dags/example_dataset_alias_with_no_taskflow.py
[2025-09-29T14:51:43.515+0000] {logging_mixin.py:190} INFO - [2025-09-29T14:51:43.515+0000] {dag.py:3239} INFO - Sync 4 DAGs
[2025-09-29T14:51:43.525+0000] {logging_mixin.py:190} INFO - [2025-09-29T14:51:43.525+0000] {dag.py:4180} INFO - Setting next_dagrun for dataset_alias_example_alias_consumer_with_no_taskflow to None, run_after=None
[2025-09-29T14:51:43.527+0000] {logging_mixin.py:190} INFO - [2025-09-29T14:51:43.527+0000] {dag.py:4180} INFO - Setting next_dagrun for dataset_alias_example_alias_producer_with_no_taskflow to None, run_after=None
[2025-09-29T14:51:43.528+0000] {logging_mixin.py:190} INFO - [2025-09-29T14:51:43.528+0000] {dag.py:4180} INFO - Setting next_dagrun for dataset_s3_bucket_consumer_with_no_taskflow to None, run_after=None
[2025-09-29T14:51:43.529+0000] {logging_mixin.py:190} INFO - [2025-09-29T14:51:43.529+0000] {dag.py:4180} INFO - Setting next_dagrun for dataset_s3_bucket_producer_with_no_taskflow to None, run_after=None
[2025-09-29T14:51:43.540+0000] {processor.py:208} INFO - Processing /home/airflow/.local/lib/python3.12/site-packages/airflow/example_dags/example_dataset_alias_with_no_taskflow.py took 0.124 seconds
[2025-09-29T14:52:13.715+0000] {processor.py:186} INFO - Started process (PID=2323) to work on /home/airflow/.local/lib/python3.12/site-packages/airflow/example_dags/example_dataset_alias_with_no_taskflow.py
[2025-09-29T14:52:13.716+0000] {processor.py:914} INFO - Processing file /home/airflow/.local/lib/python3.12/site-packages/airflow/example_dags/example_dataset_alias_with_no_taskflow.py for tasks to queue
[2025-09-29T14:52:13.717+0000] {logging_mixin.py:190} INFO - [2025-09-29T14:52:13.717+0000] {dagbag.py:588} INFO - Filling up the DagBag from /home/airflow/.local/lib/python3.12/site-packages/airflow/example_dags/example_dataset_alias_with_no_taskflow.py
[2025-09-29T14:52:13.812+0000] {processor.py:925} INFO - DAG(s) 'dataset_s3_bucket_consumer_with_no_taskflow', 'dataset_alias_example_alias_producer_with_no_taskflow', 'dataset_s3_bucket_producer_with_no_taskflow', 'dataset_alias_example_alias_consumer_with_no_taskflow' retrieved from /home/airflow/.local/lib/python3.12/site-packages/airflow/example_dags/example_dataset_alias_with_no_taskflow.py
[2025-09-29T14:52:13.825+0000] {logging_mixin.py:190} INFO - [2025-09-29T14:52:13.825+0000] {dag.py:3239} INFO - Sync 4 DAGs
[2025-09-29T14:52:13.838+0000] {logging_mixin.py:190} INFO - [2025-09-29T14:52:13.838+0000] {dag.py:4180} INFO - Setting next_dagrun for dataset_alias_example_alias_consumer_with_no_taskflow to None, run_after=None
[2025-09-29T14:52:13.839+0000] {logging_mixin.py:190} INFO - [2025-09-29T14:52:13.839+0000] {dag.py:4180} INFO - Setting next_dagrun for dataset_alias_example_alias_producer_with_no_taskflow to None, run_after=None
[2025-09-29T14:52:13.840+0000] {logging_mixin.py:190} INFO - [2025-09-29T14:52:13.840+0000] {dag.py:4180} INFO - Setting next_dagrun for dataset_s3_bucket_consumer_with_no_taskflow to None, run_after=None
[2025-09-29T14:52:13.841+0000] {logging_mixin.py:190} INFO - [2025-09-29T14:52:13.841+0000] {dag.py:4180} INFO - Setting next_dagrun for dataset_s3_bucket_producer_with_no_taskflow to None, run_after=None
[2025-09-29T14:52:13.853+0000] {processor.py:208} INFO - Processing /home/airflow/.local/lib/python3.12/site-packages/airflow/example_dags/example_dataset_alias_with_no_taskflow.py took 0.142 seconds
[2025-09-29T14:52:43.935+0000] {processor.py:186} INFO - Started process (PID=2386) to work on /home/airflow/.local/lib/python3.12/site-packages/airflow/example_dags/example_dataset_alias_with_no_taskflow.py
[2025-09-29T14:52:43.936+0000] {processor.py:914} INFO - Processing file /home/airflow/.local/lib/python3.12/site-packages/airflow/example_dags/example_dataset_alias_with_no_taskflow.py for tasks to queue
[2025-09-29T14:52:43.937+0000] {logging_mixin.py:190} INFO - [2025-09-29T14:52:43.937+0000] {dagbag.py:588} INFO - Filling up the DagBag from /home/airflow/.local/lib/python3.12/site-packages/airflow/example_dags/example_dataset_alias_with_no_taskflow.py
[2025-09-29T14:52:44.026+0000] {processor.py:925} INFO - DAG(s) 'dataset_alias_example_alias_producer_with_no_taskflow', 'dataset_s3_bucket_consumer_with_no_taskflow', 'dataset_alias_example_alias_consumer_with_no_taskflow', 'dataset_s3_bucket_producer_with_no_taskflow' retrieved from /home/airflow/.local/lib/python3.12/site-packages/airflow/example_dags/example_dataset_alias_with_no_taskflow.py
[2025-09-29T14:52:44.039+0000] {logging_mixin.py:190} INFO - [2025-09-29T14:52:44.039+0000] {dag.py:3239} INFO - Sync 4 DAGs
[2025-09-29T14:52:44.051+0000] {logging_mixin.py:190} INFO - [2025-09-29T14:52:44.051+0000] {dag.py:4180} INFO - Setting next_dagrun for dataset_alias_example_alias_consumer_with_no_taskflow to None, run_after=None
[2025-09-29T14:52:44.052+0000] {logging_mixin.py:190} INFO - [2025-09-29T14:52:44.052+0000] {dag.py:4180} INFO - Setting next_dagrun for dataset_alias_example_alias_producer_with_no_taskflow to None, run_after=None
[2025-09-29T14:52:44.053+0000] {logging_mixin.py:190} INFO - [2025-09-29T14:52:44.053+0000] {dag.py:4180} INFO - Setting next_dagrun for dataset_s3_bucket_consumer_with_no_taskflow to None, run_after=None
[2025-09-29T14:52:44.054+0000] {logging_mixin.py:190} INFO - [2025-09-29T14:52:44.054+0000] {dag.py:4180} INFO - Setting next_dagrun for dataset_s3_bucket_producer_with_no_taskflow to None, run_after=None
[2025-09-29T14:52:44.067+0000] {processor.py:208} INFO - Processing /home/airflow/.local/lib/python3.12/site-packages/airflow/example_dags/example_dataset_alias_with_no_taskflow.py took 0.139 seconds
[2025-09-29T14:53:14.116+0000] {processor.py:186} INFO - Started process (PID=2449) to work on /home/airflow/.local/lib/python3.12/site-packages/airflow/example_dags/example_dataset_alias_with_no_taskflow.py
[2025-09-29T14:53:14.117+0000] {processor.py:914} INFO - Processing file /home/airflow/.local/lib/python3.12/site-packages/airflow/example_dags/example_dataset_alias_with_no_taskflow.py for tasks to queue
[2025-09-29T14:53:14.118+0000] {logging_mixin.py:190} INFO - [2025-09-29T14:53:14.117+0000] {dagbag.py:588} INFO - Filling up the DagBag from /home/airflow/.local/lib/python3.12/site-packages/airflow/example_dags/example_dataset_alias_with_no_taskflow.py
[2025-09-29T14:53:14.202+0000] {processor.py:925} INFO - DAG(s) 'dataset_alias_example_alias_consumer_with_no_taskflow', 'dataset_s3_bucket_consumer_with_no_taskflow', 'dataset_s3_bucket_producer_with_no_taskflow', 'dataset_alias_example_alias_producer_with_no_taskflow' retrieved from /home/airflow/.local/lib/python3.12/site-packages/airflow/example_dags/example_dataset_alias_with_no_taskflow.py
[2025-09-29T14:53:14.213+0000] {logging_mixin.py:190} INFO - [2025-09-29T14:53:14.213+0000] {dag.py:3239} INFO - Sync 4 DAGs
[2025-09-29T14:53:14.225+0000] {logging_mixin.py:190} INFO - [2025-09-29T14:53:14.225+0000] {dag.py:4180} INFO - Setting next_dagrun for dataset_alias_example_alias_consumer_with_no_taskflow to None, run_after=None
[2025-09-29T14:53:14.227+0000] {logging_mixin.py:190} INFO - [2025-09-29T14:53:14.227+0000] {dag.py:4180} INFO - Setting next_dagrun for dataset_alias_example_alias_producer_with_no_taskflow to None, run_after=None
[2025-09-29T14:53:14.228+0000] {logging_mixin.py:190} INFO - [2025-09-29T14:53:14.227+0000] {dag.py:4180} INFO - Setting next_dagrun for dataset_s3_bucket_consumer_with_no_taskflow to None, run_after=None
[2025-09-29T14:53:14.228+0000] {logging_mixin.py:190} INFO - [2025-09-29T14:53:14.228+0000] {dag.py:4180} INFO - Setting next_dagrun for dataset_s3_bucket_producer_with_no_taskflow to None, run_after=None
[2025-09-29T14:53:14.239+0000] {processor.py:208} INFO - Processing /home/airflow/.local/lib/python3.12/site-packages/airflow/example_dags/example_dataset_alias_with_no_taskflow.py took 0.129 seconds
[2025-09-29T14:53:44.337+0000] {processor.py:186} INFO - Started process (PID=2512) to work on /home/airflow/.local/lib/python3.12/site-packages/airflow/example_dags/example_dataset_alias_with_no_taskflow.py
[2025-09-29T14:53:44.339+0000] {processor.py:914} INFO - Processing file /home/airflow/.local/lib/python3.12/site-packages/airflow/example_dags/example_dataset_alias_with_no_taskflow.py for tasks to queue
[2025-09-29T14:53:44.340+0000] {logging_mixin.py:190} INFO - [2025-09-29T14:53:44.340+0000] {dagbag.py:588} INFO - Filling up the DagBag from /home/airflow/.local/lib/python3.12/site-packages/airflow/example_dags/example_dataset_alias_with_no_taskflow.py
[2025-09-29T14:53:44.430+0000] {processor.py:925} INFO - DAG(s) 'dataset_s3_bucket_consumer_with_no_taskflow', 'dataset_s3_bucket_producer_with_no_taskflow', 'dataset_alias_example_alias_consumer_with_no_taskflow', 'dataset_alias_example_alias_producer_with_no_taskflow' retrieved from /home/airflow/.local/lib/python3.12/site-packages/airflow/example_dags/example_dataset_alias_with_no_taskflow.py
[2025-09-29T14:53:44.440+0000] {logging_mixin.py:190} INFO - [2025-09-29T14:53:44.440+0000] {dag.py:3239} INFO - Sync 4 DAGs
[2025-09-29T14:53:44.453+0000] {logging_mixin.py:190} INFO - [2025-09-29T14:53:44.453+0000] {dag.py:4180} INFO - Setting next_dagrun for dataset_alias_example_alias_consumer_with_no_taskflow to None, run_after=None
[2025-09-29T14:53:44.564+0000] {logging_mixin.py:190} INFO - [2025-09-29T14:53:44.563+0000] {dag.py:4180} INFO - Setting next_dagrun for dataset_alias_example_alias_producer_with_no_taskflow to None, run_after=None
[2025-09-29T14:53:44.565+0000] {logging_mixin.py:190} INFO - [2025-09-29T14:53:44.565+0000] {dag.py:4180} INFO - Setting next_dagrun for dataset_s3_bucket_consumer_with_no_taskflow to None, run_after=None
[2025-09-29T14:53:44.566+0000] {logging_mixin.py:190} INFO - [2025-09-29T14:53:44.566+0000] {dag.py:4180} INFO - Setting next_dagrun for dataset_s3_bucket_producer_with_no_taskflow to None, run_after=None
[2025-09-29T14:53:44.578+0000] {processor.py:208} INFO - Processing /home/airflow/.local/lib/python3.12/site-packages/airflow/example_dags/example_dataset_alias_with_no_taskflow.py took 0.248 seconds
[2025-09-29T14:54:14.647+0000] {processor.py:186} INFO - Started process (PID=2578) to work on /home/airflow/.local/lib/python3.12/site-packages/airflow/example_dags/example_dataset_alias_with_no_taskflow.py
[2025-09-29T14:54:14.648+0000] {processor.py:914} INFO - Processing file /home/airflow/.local/lib/python3.12/site-packages/airflow/example_dags/example_dataset_alias_with_no_taskflow.py for tasks to queue
[2025-09-29T14:54:14.648+0000] {logging_mixin.py:190} INFO - [2025-09-29T14:54:14.648+0000] {dagbag.py:588} INFO - Filling up the DagBag from /home/airflow/.local/lib/python3.12/site-packages/airflow/example_dags/example_dataset_alias_with_no_taskflow.py
[2025-09-29T14:54:14.727+0000] {processor.py:925} INFO - DAG(s) 'dataset_s3_bucket_consumer_with_no_taskflow', 'dataset_alias_example_alias_producer_with_no_taskflow', 'dataset_alias_example_alias_consumer_with_no_taskflow', 'dataset_s3_bucket_producer_with_no_taskflow' retrieved from /home/airflow/.local/lib/python3.12/site-packages/airflow/example_dags/example_dataset_alias_with_no_taskflow.py
[2025-09-29T14:54:14.750+0000] {logging_mixin.py:190} INFO - [2025-09-29T14:54:14.750+0000] {dag.py:3239} INFO - Sync 4 DAGs
[2025-09-29T14:54:14.765+0000] {logging_mixin.py:190} INFO - [2025-09-29T14:54:14.765+0000] {dag.py:4180} INFO - Setting next_dagrun for dataset_alias_example_alias_consumer_with_no_taskflow to None, run_after=None
[2025-09-29T14:54:14.874+0000] {logging_mixin.py:190} INFO - [2025-09-29T14:54:14.874+0000] {dag.py:4180} INFO - Setting next_dagrun for dataset_alias_example_alias_producer_with_no_taskflow to None, run_after=None
[2025-09-29T14:54:14.875+0000] {logging_mixin.py:190} INFO - [2025-09-29T14:54:14.875+0000] {dag.py:4180} INFO - Setting next_dagrun for dataset_s3_bucket_consumer_with_no_taskflow to None, run_after=None
[2025-09-29T14:54:14.876+0000] {logging_mixin.py:190} INFO - [2025-09-29T14:54:14.876+0000] {dag.py:4180} INFO - Setting next_dagrun for dataset_s3_bucket_producer_with_no_taskflow to None, run_after=None
[2025-09-29T14:54:14.888+0000] {processor.py:208} INFO - Processing /home/airflow/.local/lib/python3.12/site-packages/airflow/example_dags/example_dataset_alias_with_no_taskflow.py took 0.245 seconds
[2025-09-29T14:54:45.066+0000] {processor.py:186} INFO - Started process (PID=2643) to work on /home/airflow/.local/lib/python3.12/site-packages/airflow/example_dags/example_dataset_alias_with_no_taskflow.py
[2025-09-29T14:54:45.067+0000] {processor.py:914} INFO - Processing file /home/airflow/.local/lib/python3.12/site-packages/airflow/example_dags/example_dataset_alias_with_no_taskflow.py for tasks to queue
[2025-09-29T14:54:45.068+0000] {logging_mixin.py:190} INFO - [2025-09-29T14:54:45.068+0000] {dagbag.py:588} INFO - Filling up the DagBag from /home/airflow/.local/lib/python3.12/site-packages/airflow/example_dags/example_dataset_alias_with_no_taskflow.py
[2025-09-29T14:54:45.147+0000] {processor.py:925} INFO - DAG(s) 'dataset_s3_bucket_producer_with_no_taskflow', 'dataset_s3_bucket_consumer_with_no_taskflow', 'dataset_alias_example_alias_consumer_with_no_taskflow', 'dataset_alias_example_alias_producer_with_no_taskflow' retrieved from /home/airflow/.local/lib/python3.12/site-packages/airflow/example_dags/example_dataset_alias_with_no_taskflow.py
[2025-09-29T14:54:45.160+0000] {logging_mixin.py:190} INFO - [2025-09-29T14:54:45.160+0000] {dag.py:3239} INFO - Sync 4 DAGs
[2025-09-29T14:54:45.172+0000] {logging_mixin.py:190} INFO - [2025-09-29T14:54:45.172+0000] {dag.py:4180} INFO - Setting next_dagrun for dataset_alias_example_alias_consumer_with_no_taskflow to None, run_after=None
[2025-09-29T14:54:45.280+0000] {logging_mixin.py:190} INFO - [2025-09-29T14:54:45.280+0000] {dag.py:4180} INFO - Setting next_dagrun for dataset_alias_example_alias_producer_with_no_taskflow to None, run_after=None
[2025-09-29T14:54:45.282+0000] {logging_mixin.py:190} INFO - [2025-09-29T14:54:45.282+0000] {dag.py:4180} INFO - Setting next_dagrun for dataset_s3_bucket_consumer_with_no_taskflow to None, run_after=None
[2025-09-29T14:54:45.283+0000] {logging_mixin.py:190} INFO - [2025-09-29T14:54:45.283+0000] {dag.py:4180} INFO - Setting next_dagrun for dataset_s3_bucket_producer_with_no_taskflow to None, run_after=None
[2025-09-29T14:54:45.298+0000] {processor.py:208} INFO - Processing /home/airflow/.local/lib/python3.12/site-packages/airflow/example_dags/example_dataset_alias_with_no_taskflow.py took 0.235 seconds
[2025-09-29T14:55:15.510+0000] {processor.py:186} INFO - Started process (PID=2706) to work on /home/airflow/.local/lib/python3.12/site-packages/airflow/example_dags/example_dataset_alias_with_no_taskflow.py
[2025-09-29T14:55:15.512+0000] {processor.py:914} INFO - Processing file /home/airflow/.local/lib/python3.12/site-packages/airflow/example_dags/example_dataset_alias_with_no_taskflow.py for tasks to queue
[2025-09-29T14:55:15.513+0000] {logging_mixin.py:190} INFO - [2025-09-29T14:55:15.513+0000] {dagbag.py:588} INFO - Filling up the DagBag from /home/airflow/.local/lib/python3.12/site-packages/airflow/example_dags/example_dataset_alias_with_no_taskflow.py
[2025-09-29T14:55:15.590+0000] {processor.py:925} INFO - DAG(s) 'dataset_alias_example_alias_producer_with_no_taskflow', 'dataset_s3_bucket_consumer_with_no_taskflow', 'dataset_s3_bucket_producer_with_no_taskflow', 'dataset_alias_example_alias_consumer_with_no_taskflow' retrieved from /home/airflow/.local/lib/python3.12/site-packages/airflow/example_dags/example_dataset_alias_with_no_taskflow.py
[2025-09-29T14:55:15.608+0000] {logging_mixin.py:190} INFO - [2025-09-29T14:55:15.608+0000] {dag.py:3239} INFO - Sync 4 DAGs
[2025-09-29T14:55:15.620+0000] {logging_mixin.py:190} INFO - [2025-09-29T14:55:15.620+0000] {dag.py:4180} INFO - Setting next_dagrun for dataset_alias_example_alias_consumer_with_no_taskflow to None, run_after=None
[2025-09-29T14:55:15.733+0000] {logging_mixin.py:190} INFO - [2025-09-29T14:55:15.733+0000] {dag.py:4180} INFO - Setting next_dagrun for dataset_alias_example_alias_producer_with_no_taskflow to None, run_after=None
[2025-09-29T14:55:15.735+0000] {logging_mixin.py:190} INFO - [2025-09-29T14:55:15.735+0000] {dag.py:4180} INFO - Setting next_dagrun for dataset_s3_bucket_consumer_with_no_taskflow to None, run_after=None
[2025-09-29T14:55:15.737+0000] {logging_mixin.py:190} INFO - [2025-09-29T14:55:15.737+0000] {dag.py:4180} INFO - Setting next_dagrun for dataset_s3_bucket_producer_with_no_taskflow to None, run_after=None
[2025-09-29T14:55:15.758+0000] {processor.py:208} INFO - Processing /home/airflow/.local/lib/python3.12/site-packages/airflow/example_dags/example_dataset_alias_with_no_taskflow.py took 0.251 seconds
[2025-09-29T14:55:45.917+0000] {processor.py:186} INFO - Started process (PID=2768) to work on /home/airflow/.local/lib/python3.12/site-packages/airflow/example_dags/example_dataset_alias_with_no_taskflow.py
[2025-09-29T14:55:45.918+0000] {processor.py:914} INFO - Processing file /home/airflow/.local/lib/python3.12/site-packages/airflow/example_dags/example_dataset_alias_with_no_taskflow.py for tasks to queue
[2025-09-29T14:55:45.919+0000] {logging_mixin.py:190} INFO - [2025-09-29T14:55:45.919+0000] {dagbag.py:588} INFO - Filling up the DagBag from /home/airflow/.local/lib/python3.12/site-packages/airflow/example_dags/example_dataset_alias_with_no_taskflow.py
[2025-09-29T14:55:45.995+0000] {processor.py:925} INFO - DAG(s) 'dataset_alias_example_alias_producer_with_no_taskflow', 'dataset_s3_bucket_producer_with_no_taskflow', 'dataset_alias_example_alias_consumer_with_no_taskflow', 'dataset_s3_bucket_consumer_with_no_taskflow' retrieved from /home/airflow/.local/lib/python3.12/site-packages/airflow/example_dags/example_dataset_alias_with_no_taskflow.py
[2025-09-29T14:55:46.014+0000] {logging_mixin.py:190} INFO - [2025-09-29T14:55:46.014+0000] {dag.py:3239} INFO - Sync 4 DAGs
[2025-09-29T14:55:46.027+0000] {logging_mixin.py:190} INFO - [2025-09-29T14:55:46.026+0000] {dag.py:4180} INFO - Setting next_dagrun for dataset_alias_example_alias_consumer_with_no_taskflow to None, run_after=None
[2025-09-29T14:55:46.138+0000] {logging_mixin.py:190} INFO - [2025-09-29T14:55:46.137+0000] {dag.py:4180} INFO - Setting next_dagrun for dataset_alias_example_alias_producer_with_no_taskflow to None, run_after=None
[2025-09-29T14:55:46.142+0000] {logging_mixin.py:190} INFO - [2025-09-29T14:55:46.142+0000] {dag.py:4180} INFO - Setting next_dagrun for dataset_s3_bucket_consumer_with_no_taskflow to None, run_after=None
[2025-09-29T14:55:46.147+0000] {logging_mixin.py:190} INFO - [2025-09-29T14:55:46.147+0000] {dag.py:4180} INFO - Setting next_dagrun for dataset_s3_bucket_producer_with_no_taskflow to None, run_after=None
[2025-09-29T14:55:46.160+0000] {processor.py:208} INFO - Processing /home/airflow/.local/lib/python3.12/site-packages/airflow/example_dags/example_dataset_alias_with_no_taskflow.py took 0.246 seconds
[2025-09-29T14:56:16.354+0000] {processor.py:186} INFO - Started process (PID=2826) to work on /home/airflow/.local/lib/python3.12/site-packages/airflow/example_dags/example_dataset_alias_with_no_taskflow.py
[2025-09-29T14:56:16.355+0000] {processor.py:914} INFO - Processing file /home/airflow/.local/lib/python3.12/site-packages/airflow/example_dags/example_dataset_alias_with_no_taskflow.py for tasks to queue
[2025-09-29T14:56:16.356+0000] {logging_mixin.py:190} INFO - [2025-09-29T14:56:16.356+0000] {dagbag.py:588} INFO - Filling up the DagBag from /home/airflow/.local/lib/python3.12/site-packages/airflow/example_dags/example_dataset_alias_with_no_taskflow.py
[2025-09-29T14:56:16.445+0000] {processor.py:925} INFO - DAG(s) 'dataset_s3_bucket_producer_with_no_taskflow', 'dataset_alias_example_alias_producer_with_no_taskflow', 'dataset_alias_example_alias_consumer_with_no_taskflow', 'dataset_s3_bucket_consumer_with_no_taskflow' retrieved from /home/airflow/.local/lib/python3.12/site-packages/airflow/example_dags/example_dataset_alias_with_no_taskflow.py
[2025-09-29T14:56:16.459+0000] {logging_mixin.py:190} INFO - [2025-09-29T14:56:16.459+0000] {dag.py:3239} INFO - Sync 4 DAGs
[2025-09-29T14:56:16.473+0000] {logging_mixin.py:190} INFO - [2025-09-29T14:56:16.473+0000] {dag.py:4180} INFO - Setting next_dagrun for dataset_alias_example_alias_consumer_with_no_taskflow to None, run_after=None
[2025-09-29T14:56:16.587+0000] {logging_mixin.py:190} INFO - [2025-09-29T14:56:16.586+0000] {dag.py:4180} INFO - Setting next_dagrun for dataset_alias_example_alias_producer_with_no_taskflow to None, run_after=None
[2025-09-29T14:56:16.588+0000] {logging_mixin.py:190} INFO - [2025-09-29T14:56:16.588+0000] {dag.py:4180} INFO - Setting next_dagrun for dataset_s3_bucket_consumer_with_no_taskflow to None, run_after=None
[2025-09-29T14:56:16.591+0000] {logging_mixin.py:190} INFO - [2025-09-29T14:56:16.591+0000] {dag.py:4180} INFO - Setting next_dagrun for dataset_s3_bucket_producer_with_no_taskflow to None, run_after=None
[2025-09-29T14:56:16.604+0000] {processor.py:208} INFO - Processing /home/airflow/.local/lib/python3.12/site-packages/airflow/example_dags/example_dataset_alias_with_no_taskflow.py took 0.257 seconds
[2025-09-29T14:56:46.808+0000] {processor.py:186} INFO - Started process (PID=2889) to work on /home/airflow/.local/lib/python3.12/site-packages/airflow/example_dags/example_dataset_alias_with_no_taskflow.py
[2025-09-29T14:56:46.808+0000] {processor.py:914} INFO - Processing file /home/airflow/.local/lib/python3.12/site-packages/airflow/example_dags/example_dataset_alias_with_no_taskflow.py for tasks to queue
[2025-09-29T14:56:46.809+0000] {logging_mixin.py:190} INFO - [2025-09-29T14:56:46.809+0000] {dagbag.py:588} INFO - Filling up the DagBag from /home/airflow/.local/lib/python3.12/site-packages/airflow/example_dags/example_dataset_alias_with_no_taskflow.py
[2025-09-29T14:56:46.895+0000] {processor.py:925} INFO - DAG(s) 'dataset_alias_example_alias_producer_with_no_taskflow', 'dataset_s3_bucket_consumer_with_no_taskflow', 'dataset_s3_bucket_producer_with_no_taskflow', 'dataset_alias_example_alias_consumer_with_no_taskflow' retrieved from /home/airflow/.local/lib/python3.12/site-packages/airflow/example_dags/example_dataset_alias_with_no_taskflow.py
[2025-09-29T14:56:46.910+0000] {logging_mixin.py:190} INFO - [2025-09-29T14:56:46.910+0000] {dag.py:3239} INFO - Sync 4 DAGs
[2025-09-29T14:56:46.925+0000] {logging_mixin.py:190} INFO - [2025-09-29T14:56:46.925+0000] {dag.py:4180} INFO - Setting next_dagrun for dataset_alias_example_alias_consumer_with_no_taskflow to None, run_after=None
[2025-09-29T14:56:46.928+0000] {logging_mixin.py:190} INFO - [2025-09-29T14:56:46.928+0000] {dag.py:4180} INFO - Setting next_dagrun for dataset_alias_example_alias_producer_with_no_taskflow to None, run_after=None
[2025-09-29T14:56:46.929+0000] {logging_mixin.py:190} INFO - [2025-09-29T14:56:46.929+0000] {dag.py:4180} INFO - Setting next_dagrun for dataset_s3_bucket_consumer_with_no_taskflow to None, run_after=None
[2025-09-29T14:56:46.930+0000] {logging_mixin.py:190} INFO - [2025-09-29T14:56:46.930+0000] {dag.py:4180} INFO - Setting next_dagrun for dataset_s3_bucket_producer_with_no_taskflow to None, run_after=None
[2025-09-29T14:56:47.058+0000] {processor.py:208} INFO - Processing /home/airflow/.local/lib/python3.12/site-packages/airflow/example_dags/example_dataset_alias_with_no_taskflow.py took 0.255 seconds
[2025-09-29T14:57:17.322+0000] {processor.py:186} INFO - Started process (PID=2952) to work on /home/airflow/.local/lib/python3.12/site-packages/airflow/example_dags/example_dataset_alias_with_no_taskflow.py
[2025-09-29T14:57:17.324+0000] {processor.py:914} INFO - Processing file /home/airflow/.local/lib/python3.12/site-packages/airflow/example_dags/example_dataset_alias_with_no_taskflow.py for tasks to queue
[2025-09-29T14:57:17.325+0000] {logging_mixin.py:190} INFO - [2025-09-29T14:57:17.325+0000] {dagbag.py:588} INFO - Filling up the DagBag from /home/airflow/.local/lib/python3.12/site-packages/airflow/example_dags/example_dataset_alias_with_no_taskflow.py
[2025-09-29T14:57:17.525+0000] {processor.py:925} INFO - DAG(s) 'dataset_alias_example_alias_producer_with_no_taskflow', 'dataset_alias_example_alias_consumer_with_no_taskflow', 'dataset_s3_bucket_producer_with_no_taskflow', 'dataset_s3_bucket_consumer_with_no_taskflow' retrieved from /home/airflow/.local/lib/python3.12/site-packages/airflow/example_dags/example_dataset_alias_with_no_taskflow.py
[2025-09-29T14:57:17.538+0000] {logging_mixin.py:190} INFO - [2025-09-29T14:57:17.538+0000] {dag.py:3239} INFO - Sync 4 DAGs
[2025-09-29T14:57:17.548+0000] {logging_mixin.py:190} INFO - [2025-09-29T14:57:17.548+0000] {dag.py:4180} INFO - Setting next_dagrun for dataset_alias_example_alias_consumer_with_no_taskflow to None, run_after=None
[2025-09-29T14:57:17.550+0000] {logging_mixin.py:190} INFO - [2025-09-29T14:57:17.550+0000] {dag.py:4180} INFO - Setting next_dagrun for dataset_alias_example_alias_producer_with_no_taskflow to None, run_after=None
[2025-09-29T14:57:17.552+0000] {logging_mixin.py:190} INFO - [2025-09-29T14:57:17.552+0000] {dag.py:4180} INFO - Setting next_dagrun for dataset_s3_bucket_consumer_with_no_taskflow to None, run_after=None
[2025-09-29T14:57:17.553+0000] {logging_mixin.py:190} INFO - [2025-09-29T14:57:17.553+0000] {dag.py:4180} INFO - Setting next_dagrun for dataset_s3_bucket_producer_with_no_taskflow to None, run_after=None
[2025-09-29T14:57:17.569+0000] {processor.py:208} INFO - Processing /home/airflow/.local/lib/python3.12/site-packages/airflow/example_dags/example_dataset_alias_with_no_taskflow.py took 0.252 seconds
[2025-09-29T14:57:47.941+0000] {processor.py:186} INFO - Started process (PID=3015) to work on /home/airflow/.local/lib/python3.12/site-packages/airflow/example_dags/example_dataset_alias_with_no_taskflow.py
[2025-09-29T14:57:47.942+0000] {processor.py:914} INFO - Processing file /home/airflow/.local/lib/python3.12/site-packages/airflow/example_dags/example_dataset_alias_with_no_taskflow.py for tasks to queue
[2025-09-29T14:57:47.944+0000] {logging_mixin.py:190} INFO - [2025-09-29T14:57:47.943+0000] {dagbag.py:588} INFO - Filling up the DagBag from /home/airflow/.local/lib/python3.12/site-packages/airflow/example_dags/example_dataset_alias_with_no_taskflow.py
[2025-09-29T14:57:48.144+0000] {processor.py:925} INFO - DAG(s) 'dataset_alias_example_alias_producer_with_no_taskflow', 'dataset_alias_example_alias_consumer_with_no_taskflow', 'dataset_s3_bucket_consumer_with_no_taskflow', 'dataset_s3_bucket_producer_with_no_taskflow' retrieved from /home/airflow/.local/lib/python3.12/site-packages/airflow/example_dags/example_dataset_alias_with_no_taskflow.py
[2025-09-29T14:57:48.153+0000] {logging_mixin.py:190} INFO - [2025-09-29T14:57:48.153+0000] {dag.py:3239} INFO - Sync 4 DAGs
[2025-09-29T14:57:48.162+0000] {logging_mixin.py:190} INFO - [2025-09-29T14:57:48.162+0000] {dag.py:4180} INFO - Setting next_dagrun for dataset_alias_example_alias_consumer_with_no_taskflow to None, run_after=None
[2025-09-29T14:57:48.163+0000] {logging_mixin.py:190} INFO - [2025-09-29T14:57:48.163+0000] {dag.py:4180} INFO - Setting next_dagrun for dataset_alias_example_alias_producer_with_no_taskflow to None, run_after=None
[2025-09-29T14:57:48.163+0000] {logging_mixin.py:190} INFO - [2025-09-29T14:57:48.163+0000] {dag.py:4180} INFO - Setting next_dagrun for dataset_s3_bucket_consumer_with_no_taskflow to None, run_after=None
[2025-09-29T14:57:48.164+0000] {logging_mixin.py:190} INFO - [2025-09-29T14:57:48.164+0000] {dag.py:4180} INFO - Setting next_dagrun for dataset_s3_bucket_producer_with_no_taskflow to None, run_after=None
[2025-09-29T14:57:48.174+0000] {processor.py:208} INFO - Processing /home/airflow/.local/lib/python3.12/site-packages/airflow/example_dags/example_dataset_alias_with_no_taskflow.py took 0.241 seconds
[2025-09-29T14:58:18.691+0000] {processor.py:186} INFO - Started process (PID=3077) to work on /home/airflow/.local/lib/python3.12/site-packages/airflow/example_dags/example_dataset_alias_with_no_taskflow.py
[2025-09-29T14:58:18.692+0000] {processor.py:914} INFO - Processing file /home/airflow/.local/lib/python3.12/site-packages/airflow/example_dags/example_dataset_alias_with_no_taskflow.py for tasks to queue
[2025-09-29T14:58:18.694+0000] {logging_mixin.py:190} INFO - [2025-09-29T14:58:18.693+0000] {dagbag.py:588} INFO - Filling up the DagBag from /home/airflow/.local/lib/python3.12/site-packages/airflow/example_dags/example_dataset_alias_with_no_taskflow.py
[2025-09-29T14:58:18.895+0000] {processor.py:925} INFO - DAG(s) 'dataset_s3_bucket_consumer_with_no_taskflow', 'dataset_s3_bucket_producer_with_no_taskflow', 'dataset_alias_example_alias_producer_with_no_taskflow', 'dataset_alias_example_alias_consumer_with_no_taskflow' retrieved from /home/airflow/.local/lib/python3.12/site-packages/airflow/example_dags/example_dataset_alias_with_no_taskflow.py
[2025-09-29T14:58:18.907+0000] {logging_mixin.py:190} INFO - [2025-09-29T14:58:18.907+0000] {dag.py:3239} INFO - Sync 4 DAGs
[2025-09-29T14:58:18.917+0000] {logging_mixin.py:190} INFO - [2025-09-29T14:58:18.917+0000] {dag.py:4180} INFO - Setting next_dagrun for dataset_alias_example_alias_consumer_with_no_taskflow to None, run_after=None
[2025-09-29T14:58:18.920+0000] {logging_mixin.py:190} INFO - [2025-09-29T14:58:18.920+0000] {dag.py:4180} INFO - Setting next_dagrun for dataset_alias_example_alias_producer_with_no_taskflow to None, run_after=None
[2025-09-29T14:58:18.922+0000] {logging_mixin.py:190} INFO - [2025-09-29T14:58:18.922+0000] {dag.py:4180} INFO - Setting next_dagrun for dataset_s3_bucket_consumer_with_no_taskflow to None, run_after=None
[2025-09-29T14:58:18.924+0000] {logging_mixin.py:190} INFO - [2025-09-29T14:58:18.923+0000] {dag.py:4180} INFO - Setting next_dagrun for dataset_s3_bucket_producer_with_no_taskflow to None, run_after=None
[2025-09-29T14:58:18.936+0000] {processor.py:208} INFO - Processing /home/airflow/.local/lib/python3.12/site-packages/airflow/example_dags/example_dataset_alias_with_no_taskflow.py took 0.253 seconds
[2025-09-29T14:58:49.312+0000] {processor.py:186} INFO - Started process (PID=3140) to work on /home/airflow/.local/lib/python3.12/site-packages/airflow/example_dags/example_dataset_alias_with_no_taskflow.py
[2025-09-29T14:58:49.313+0000] {processor.py:914} INFO - Processing file /home/airflow/.local/lib/python3.12/site-packages/airflow/example_dags/example_dataset_alias_with_no_taskflow.py for tasks to queue
[2025-09-29T14:58:49.314+0000] {logging_mixin.py:190} INFO - [2025-09-29T14:58:49.314+0000] {dagbag.py:588} INFO - Filling up the DagBag from /home/airflow/.local/lib/python3.12/site-packages/airflow/example_dags/example_dataset_alias_with_no_taskflow.py
[2025-09-29T14:58:49.401+0000] {processor.py:925} INFO - DAG(s) 'dataset_alias_example_alias_consumer_with_no_taskflow', 'dataset_s3_bucket_producer_with_no_taskflow', 'dataset_alias_example_alias_producer_with_no_taskflow', 'dataset_s3_bucket_consumer_with_no_taskflow' retrieved from /home/airflow/.local/lib/python3.12/site-packages/airflow/example_dags/example_dataset_alias_with_no_taskflow.py
[2025-09-29T14:58:49.522+0000] {logging_mixin.py:190} INFO - [2025-09-29T14:58:49.522+0000] {dag.py:3239} INFO - Sync 4 DAGs
[2025-09-29T14:58:49.534+0000] {logging_mixin.py:190} INFO - [2025-09-29T14:58:49.534+0000] {dag.py:4180} INFO - Setting next_dagrun for dataset_alias_example_alias_consumer_with_no_taskflow to None, run_after=None
[2025-09-29T14:58:49.537+0000] {logging_mixin.py:190} INFO - [2025-09-29T14:58:49.537+0000] {dag.py:4180} INFO - Setting next_dagrun for dataset_alias_example_alias_producer_with_no_taskflow to None, run_after=None
[2025-09-29T14:58:49.538+0000] {logging_mixin.py:190} INFO - [2025-09-29T14:58:49.538+0000] {dag.py:4180} INFO - Setting next_dagrun for dataset_s3_bucket_consumer_with_no_taskflow to None, run_after=None
[2025-09-29T14:58:49.540+0000] {logging_mixin.py:190} INFO - [2025-09-29T14:58:49.540+0000] {dag.py:4180} INFO - Setting next_dagrun for dataset_s3_bucket_producer_with_no_taskflow to None, run_after=None
[2025-09-29T14:58:49.549+0000] {processor.py:208} INFO - Processing /home/airflow/.local/lib/python3.12/site-packages/airflow/example_dags/example_dataset_alias_with_no_taskflow.py took 0.243 seconds
[2025-09-29T14:59:19.929+0000] {processor.py:186} INFO - Started process (PID=3203) to work on /home/airflow/.local/lib/python3.12/site-packages/airflow/example_dags/example_dataset_alias_with_no_taskflow.py
[2025-09-29T14:59:19.930+0000] {processor.py:914} INFO - Processing file /home/airflow/.local/lib/python3.12/site-packages/airflow/example_dags/example_dataset_alias_with_no_taskflow.py for tasks to queue
[2025-09-29T14:59:19.931+0000] {logging_mixin.py:190} INFO - [2025-09-29T14:59:19.930+0000] {dagbag.py:588} INFO - Filling up the DagBag from /home/airflow/.local/lib/python3.12/site-packages/airflow/example_dags/example_dataset_alias_with_no_taskflow.py
[2025-09-29T14:59:20.021+0000] {processor.py:925} INFO - DAG(s) 'dataset_s3_bucket_producer_with_no_taskflow', 'dataset_alias_example_alias_consumer_with_no_taskflow', 'dataset_s3_bucket_consumer_with_no_taskflow', 'dataset_alias_example_alias_producer_with_no_taskflow' retrieved from /home/airflow/.local/lib/python3.12/site-packages/airflow/example_dags/example_dataset_alias_with_no_taskflow.py
[2025-09-29T14:59:20.151+0000] {logging_mixin.py:190} INFO - [2025-09-29T14:59:20.150+0000] {dag.py:3239} INFO - Sync 4 DAGs
[2025-09-29T14:59:20.160+0000] {logging_mixin.py:190} INFO - [2025-09-29T14:59:20.160+0000] {dag.py:4180} INFO - Setting next_dagrun for dataset_alias_example_alias_consumer_with_no_taskflow to None, run_after=None
[2025-09-29T14:59:20.162+0000] {logging_mixin.py:190} INFO - [2025-09-29T14:59:20.162+0000] {dag.py:4180} INFO - Setting next_dagrun for dataset_alias_example_alias_producer_with_no_taskflow to None, run_after=None
[2025-09-29T14:59:20.163+0000] {logging_mixin.py:190} INFO - [2025-09-29T14:59:20.162+0000] {dag.py:4180} INFO - Setting next_dagrun for dataset_s3_bucket_consumer_with_no_taskflow to None, run_after=None
[2025-09-29T14:59:20.163+0000] {logging_mixin.py:190} INFO - [2025-09-29T14:59:20.163+0000] {dag.py:4180} INFO - Setting next_dagrun for dataset_s3_bucket_producer_with_no_taskflow to None, run_after=None
[2025-09-29T14:59:20.172+0000] {processor.py:208} INFO - Processing /home/airflow/.local/lib/python3.12/site-packages/airflow/example_dags/example_dataset_alias_with_no_taskflow.py took 0.250 seconds
[2025-09-29T14:59:50.491+0000] {processor.py:186} INFO - Started process (PID=3266) to work on /home/airflow/.local/lib/python3.12/site-packages/airflow/example_dags/example_dataset_alias_with_no_taskflow.py
[2025-09-29T14:59:50.492+0000] {processor.py:914} INFO - Processing file /home/airflow/.local/lib/python3.12/site-packages/airflow/example_dags/example_dataset_alias_with_no_taskflow.py for tasks to queue
[2025-09-29T14:59:50.493+0000] {logging_mixin.py:190} INFO - [2025-09-29T14:59:50.492+0000] {dagbag.py:588} INFO - Filling up the DagBag from /home/airflow/.local/lib/python3.12/site-packages/airflow/example_dags/example_dataset_alias_with_no_taskflow.py
[2025-09-29T14:59:50.700+0000] {processor.py:925} INFO - DAG(s) 'dataset_alias_example_alias_producer_with_no_taskflow', 'dataset_s3_bucket_consumer_with_no_taskflow', 'dataset_alias_example_alias_consumer_with_no_taskflow', 'dataset_s3_bucket_producer_with_no_taskflow' retrieved from /home/airflow/.local/lib/python3.12/site-packages/airflow/example_dags/example_dataset_alias_with_no_taskflow.py
[2025-09-29T14:59:50.712+0000] {logging_mixin.py:190} INFO - [2025-09-29T14:59:50.712+0000] {dag.py:3239} INFO - Sync 4 DAGs
[2025-09-29T14:59:50.721+0000] {logging_mixin.py:190} INFO - [2025-09-29T14:59:50.721+0000] {dag.py:4180} INFO - Setting next_dagrun for dataset_alias_example_alias_consumer_with_no_taskflow to None, run_after=None
[2025-09-29T14:59:50.722+0000] {logging_mixin.py:190} INFO - [2025-09-29T14:59:50.722+0000] {dag.py:4180} INFO - Setting next_dagrun for dataset_alias_example_alias_producer_with_no_taskflow to None, run_after=None
[2025-09-29T14:59:50.722+0000] {logging_mixin.py:190} INFO - [2025-09-29T14:59:50.722+0000] {dag.py:4180} INFO - Setting next_dagrun for dataset_s3_bucket_consumer_with_no_taskflow to None, run_after=None
[2025-09-29T14:59:50.723+0000] {logging_mixin.py:190} INFO - [2025-09-29T14:59:50.723+0000] {dag.py:4180} INFO - Setting next_dagrun for dataset_s3_bucket_producer_with_no_taskflow to None, run_after=None
[2025-09-29T14:59:50.733+0000] {processor.py:208} INFO - Processing /home/airflow/.local/lib/python3.12/site-packages/airflow/example_dags/example_dataset_alias_with_no_taskflow.py took 0.248 seconds
[2025-09-29T15:00:21.050+0000] {processor.py:186} INFO - Started process (PID=3329) to work on /home/airflow/.local/lib/python3.12/site-packages/airflow/example_dags/example_dataset_alias_with_no_taskflow.py
[2025-09-29T15:00:21.050+0000] {processor.py:914} INFO - Processing file /home/airflow/.local/lib/python3.12/site-packages/airflow/example_dags/example_dataset_alias_with_no_taskflow.py for tasks to queue
[2025-09-29T15:00:21.051+0000] {logging_mixin.py:190} INFO - [2025-09-29T15:00:21.051+0000] {dagbag.py:588} INFO - Filling up the DagBag from /home/airflow/.local/lib/python3.12/site-packages/airflow/example_dags/example_dataset_alias_with_no_taskflow.py
[2025-09-29T15:00:21.258+0000] {processor.py:925} INFO - DAG(s) 'dataset_s3_bucket_producer_with_no_taskflow', 'dataset_s3_bucket_consumer_with_no_taskflow', 'dataset_alias_example_alias_consumer_with_no_taskflow', 'dataset_alias_example_alias_producer_with_no_taskflow' retrieved from /home/airflow/.local/lib/python3.12/site-packages/airflow/example_dags/example_dataset_alias_with_no_taskflow.py
[2025-09-29T15:00:21.272+0000] {logging_mixin.py:190} INFO - [2025-09-29T15:00:21.272+0000] {dag.py:3239} INFO - Sync 4 DAGs
[2025-09-29T15:00:21.285+0000] {logging_mixin.py:190} INFO - [2025-09-29T15:00:21.285+0000] {dag.py:4180} INFO - Setting next_dagrun for dataset_alias_example_alias_consumer_with_no_taskflow to None, run_after=None
[2025-09-29T15:00:21.287+0000] {logging_mixin.py:190} INFO - [2025-09-29T15:00:21.287+0000] {dag.py:4180} INFO - Setting next_dagrun for dataset_alias_example_alias_producer_with_no_taskflow to None, run_after=None
[2025-09-29T15:00:21.288+0000] {logging_mixin.py:190} INFO - [2025-09-29T15:00:21.288+0000] {dag.py:4180} INFO - Setting next_dagrun for dataset_s3_bucket_consumer_with_no_taskflow to None, run_after=None
[2025-09-29T15:00:21.289+0000] {logging_mixin.py:190} INFO - [2025-09-29T15:00:21.289+0000] {dag.py:4180} INFO - Setting next_dagrun for dataset_s3_bucket_producer_with_no_taskflow to None, run_after=None
[2025-09-29T15:00:21.299+0000] {processor.py:208} INFO - Processing /home/airflow/.local/lib/python3.12/site-packages/airflow/example_dags/example_dataset_alias_with_no_taskflow.py took 0.253 seconds
[2025-09-29T15:00:51.633+0000] {processor.py:186} INFO - Started process (PID=3392) to work on /home/airflow/.local/lib/python3.12/site-packages/airflow/example_dags/example_dataset_alias_with_no_taskflow.py
[2025-09-29T15:00:51.634+0000] {processor.py:914} INFO - Processing file /home/airflow/.local/lib/python3.12/site-packages/airflow/example_dags/example_dataset_alias_with_no_taskflow.py for tasks to queue
[2025-09-29T15:00:51.636+0000] {logging_mixin.py:190} INFO - [2025-09-29T15:00:51.635+0000] {dagbag.py:588} INFO - Filling up the DagBag from /home/airflow/.local/lib/python3.12/site-packages/airflow/example_dags/example_dataset_alias_with_no_taskflow.py
[2025-09-29T15:00:51.848+0000] {processor.py:925} INFO - DAG(s) 'dataset_s3_bucket_consumer_with_no_taskflow', 'dataset_alias_example_alias_producer_with_no_taskflow', 'dataset_alias_example_alias_consumer_with_no_taskflow', 'dataset_s3_bucket_producer_with_no_taskflow' retrieved from /home/airflow/.local/lib/python3.12/site-packages/airflow/example_dags/example_dataset_alias_with_no_taskflow.py
[2025-09-29T15:00:51.859+0000] {logging_mixin.py:190} INFO - [2025-09-29T15:00:51.859+0000] {dag.py:3239} INFO - Sync 4 DAGs
[2025-09-29T15:00:51.870+0000] {logging_mixin.py:190} INFO - [2025-09-29T15:00:51.870+0000] {dag.py:4180} INFO - Setting next_dagrun for dataset_alias_example_alias_consumer_with_no_taskflow to None, run_after=None
[2025-09-29T15:00:51.873+0000] {logging_mixin.py:190} INFO - [2025-09-29T15:00:51.873+0000] {dag.py:4180} INFO - Setting next_dagrun for dataset_alias_example_alias_producer_with_no_taskflow to None, run_after=None
[2025-09-29T15:00:51.874+0000] {logging_mixin.py:190} INFO - [2025-09-29T15:00:51.874+0000] {dag.py:4180} INFO - Setting next_dagrun for dataset_s3_bucket_consumer_with_no_taskflow to None, run_after=None
[2025-09-29T15:00:51.876+0000] {logging_mixin.py:190} INFO - [2025-09-29T15:00:51.876+0000] {dag.py:4180} INFO - Setting next_dagrun for dataset_s3_bucket_producer_with_no_taskflow to None, run_after=None
[2025-09-29T15:00:51.888+0000] {processor.py:208} INFO - Processing /home/airflow/.local/lib/python3.12/site-packages/airflow/example_dags/example_dataset_alias_with_no_taskflow.py took 0.261 seconds
[2025-09-29T15:01:22.204+0000] {processor.py:186} INFO - Started process (PID=3455) to work on /home/airflow/.local/lib/python3.12/site-packages/airflow/example_dags/example_dataset_alias_with_no_taskflow.py
[2025-09-29T15:01:22.204+0000] {processor.py:914} INFO - Processing file /home/airflow/.local/lib/python3.12/site-packages/airflow/example_dags/example_dataset_alias_with_no_taskflow.py for tasks to queue
[2025-09-29T15:01:22.205+0000] {logging_mixin.py:190} INFO - [2025-09-29T15:01:22.205+0000] {dagbag.py:588} INFO - Filling up the DagBag from /home/airflow/.local/lib/python3.12/site-packages/airflow/example_dags/example_dataset_alias_with_no_taskflow.py
[2025-09-29T15:01:22.430+0000] {processor.py:925} INFO - DAG(s) 'dataset_s3_bucket_consumer_with_no_taskflow', 'dataset_alias_example_alias_producer_with_no_taskflow', 'dataset_s3_bucket_producer_with_no_taskflow', 'dataset_alias_example_alias_consumer_with_no_taskflow' retrieved from /home/airflow/.local/lib/python3.12/site-packages/airflow/example_dags/example_dataset_alias_with_no_taskflow.py
[2025-09-29T15:01:22.447+0000] {logging_mixin.py:190} INFO - [2025-09-29T15:01:22.447+0000] {dag.py:3239} INFO - Sync 4 DAGs
[2025-09-29T15:01:22.460+0000] {logging_mixin.py:190} INFO - [2025-09-29T15:01:22.460+0000] {dag.py:4180} INFO - Setting next_dagrun for dataset_alias_example_alias_consumer_with_no_taskflow to None, run_after=None
[2025-09-29T15:01:22.462+0000] {logging_mixin.py:190} INFO - [2025-09-29T15:01:22.462+0000] {dag.py:4180} INFO - Setting next_dagrun for dataset_alias_example_alias_producer_with_no_taskflow to None, run_after=None
[2025-09-29T15:01:22.465+0000] {logging_mixin.py:190} INFO - [2025-09-29T15:01:22.464+0000] {dag.py:4180} INFO - Setting next_dagrun for dataset_s3_bucket_consumer_with_no_taskflow to None, run_after=None
[2025-09-29T15:01:22.465+0000] {logging_mixin.py:190} INFO - [2025-09-29T15:01:22.465+0000] {dag.py:4180} INFO - Setting next_dagrun for dataset_s3_bucket_producer_with_no_taskflow to None, run_after=None
[2025-09-29T15:01:22.482+0000] {processor.py:208} INFO - Processing /home/airflow/.local/lib/python3.12/site-packages/airflow/example_dags/example_dataset_alias_with_no_taskflow.py took 0.282 seconds
[2025-09-29T15:01:52.815+0000] {processor.py:186} INFO - Started process (PID=3518) to work on /home/airflow/.local/lib/python3.12/site-packages/airflow/example_dags/example_dataset_alias_with_no_taskflow.py
[2025-09-29T15:01:52.818+0000] {processor.py:914} INFO - Processing file /home/airflow/.local/lib/python3.12/site-packages/airflow/example_dags/example_dataset_alias_with_no_taskflow.py for tasks to queue
[2025-09-29T15:01:52.819+0000] {logging_mixin.py:190} INFO - [2025-09-29T15:01:52.819+0000] {dagbag.py:588} INFO - Filling up the DagBag from /home/airflow/.local/lib/python3.12/site-packages/airflow/example_dags/example_dataset_alias_with_no_taskflow.py
[2025-09-29T15:01:53.019+0000] {processor.py:925} INFO - DAG(s) 'dataset_s3_bucket_consumer_with_no_taskflow', 'dataset_alias_example_alias_producer_with_no_taskflow', 'dataset_alias_example_alias_consumer_with_no_taskflow', 'dataset_s3_bucket_producer_with_no_taskflow' retrieved from /home/airflow/.local/lib/python3.12/site-packages/airflow/example_dags/example_dataset_alias_with_no_taskflow.py
[2025-09-29T15:01:53.032+0000] {logging_mixin.py:190} INFO - [2025-09-29T15:01:53.032+0000] {dag.py:3239} INFO - Sync 4 DAGs
[2025-09-29T15:01:53.043+0000] {logging_mixin.py:190} INFO - [2025-09-29T15:01:53.043+0000] {dag.py:4180} INFO - Setting next_dagrun for dataset_alias_example_alias_consumer_with_no_taskflow to None, run_after=None
[2025-09-29T15:01:53.045+0000] {logging_mixin.py:190} INFO - [2025-09-29T15:01:53.045+0000] {dag.py:4180} INFO - Setting next_dagrun for dataset_alias_example_alias_producer_with_no_taskflow to None, run_after=None
[2025-09-29T15:01:53.046+0000] {logging_mixin.py:190} INFO - [2025-09-29T15:01:53.045+0000] {dag.py:4180} INFO - Setting next_dagrun for dataset_s3_bucket_consumer_with_no_taskflow to None, run_after=None
[2025-09-29T15:01:53.046+0000] {logging_mixin.py:190} INFO - [2025-09-29T15:01:53.046+0000] {dag.py:4180} INFO - Setting next_dagrun for dataset_s3_bucket_producer_with_no_taskflow to None, run_after=None
[2025-09-29T15:01:53.055+0000] {processor.py:208} INFO - Processing /home/airflow/.local/lib/python3.12/site-packages/airflow/example_dags/example_dataset_alias_with_no_taskflow.py took 0.247 seconds
[2025-09-29T15:02:23.361+0000] {processor.py:186} INFO - Started process (PID=3581) to work on /home/airflow/.local/lib/python3.12/site-packages/airflow/example_dags/example_dataset_alias_with_no_taskflow.py
[2025-09-29T15:02:23.365+0000] {processor.py:914} INFO - Processing file /home/airflow/.local/lib/python3.12/site-packages/airflow/example_dags/example_dataset_alias_with_no_taskflow.py for tasks to queue
[2025-09-29T15:02:23.366+0000] {logging_mixin.py:190} INFO - [2025-09-29T15:02:23.366+0000] {dagbag.py:588} INFO - Filling up the DagBag from /home/airflow/.local/lib/python3.12/site-packages/airflow/example_dags/example_dataset_alias_with_no_taskflow.py
[2025-09-29T15:02:23.576+0000] {processor.py:925} INFO - DAG(s) 'dataset_s3_bucket_consumer_with_no_taskflow', 'dataset_alias_example_alias_consumer_with_no_taskflow', 'dataset_s3_bucket_producer_with_no_taskflow', 'dataset_alias_example_alias_producer_with_no_taskflow' retrieved from /home/airflow/.local/lib/python3.12/site-packages/airflow/example_dags/example_dataset_alias_with_no_taskflow.py
[2025-09-29T15:02:23.588+0000] {logging_mixin.py:190} INFO - [2025-09-29T15:02:23.588+0000] {dag.py:3239} INFO - Sync 4 DAGs
[2025-09-29T15:02:23.598+0000] {logging_mixin.py:190} INFO - [2025-09-29T15:02:23.598+0000] {dag.py:4180} INFO - Setting next_dagrun for dataset_alias_example_alias_consumer_with_no_taskflow to None, run_after=None
[2025-09-29T15:02:23.599+0000] {logging_mixin.py:190} INFO - [2025-09-29T15:02:23.599+0000] {dag.py:4180} INFO - Setting next_dagrun for dataset_alias_example_alias_producer_with_no_taskflow to None, run_after=None
[2025-09-29T15:02:23.600+0000] {logging_mixin.py:190} INFO - [2025-09-29T15:02:23.600+0000] {dag.py:4180} INFO - Setting next_dagrun for dataset_s3_bucket_consumer_with_no_taskflow to None, run_after=None
[2025-09-29T15:02:23.601+0000] {logging_mixin.py:190} INFO - [2025-09-29T15:02:23.601+0000] {dag.py:4180} INFO - Setting next_dagrun for dataset_s3_bucket_producer_with_no_taskflow to None, run_after=None
[2025-09-29T15:02:23.611+0000] {processor.py:208} INFO - Processing /home/airflow/.local/lib/python3.12/site-packages/airflow/example_dags/example_dataset_alias_with_no_taskflow.py took 0.255 seconds
