[2025-09-29T14:34:30.644+0000] {processor.py:186} INFO - Started process (PID=84) to work on /home/airflow/.local/lib/python3.12/site-packages/airflow/example_dags/example_datasets.py
[2025-09-29T14:34:30.647+0000] {processor.py:914} INFO - Processing file /home/airflow/.local/lib/python3.12/site-packages/airflow/example_dags/example_datasets.py for tasks to queue
[2025-09-29T14:34:30.657+0000] {logging_mixin.py:190} INFO - [2025-09-29T14:34:30.656+0000] {dagbag.py:588} INFO - Filling up the DagBag from /home/airflow/.local/lib/python3.12/site-packages/airflow/example_dags/example_datasets.py
[2025-09-29T14:34:30.806+0000] {processor.py:925} INFO - DAG(s) 'dataset_produces_2', 'dataset_consumes_1', 'consume_1_or_2_with_dataset_expressions', 'dataset_consumes_unknown_never_scheduled', 'consume_1_or_both_2_and_3_with_dataset_expressions', 'dataset_consumes_1_never_scheduled', 'dataset_produces_1', 'dataset_consumes_1_and_2', 'consume_1_and_2_with_dataset_expressions', 'conditional_dataset_and_time_based_timetable' retrieved from /home/airflow/.local/lib/python3.12/site-packages/airflow/example_dags/example_datasets.py
[2025-09-29T14:34:30.853+0000] {logging_mixin.py:190} INFO - [2025-09-29T14:34:30.853+0000] {dag.py:3239} INFO - Sync 10 DAGs
[2025-09-29T14:34:30.872+0000] {logging_mixin.py:190} INFO - [2025-09-29T14:34:30.872+0000] {dag.py:4180} INFO - Setting next_dagrun for conditional_dataset_and_time_based_timetable to 2025-09-24 01:00:00+00:00, run_after=2025-09-24 01:00:00+00:00
[2025-09-29T14:34:30.876+0000] {logging_mixin.py:190} INFO - [2025-09-29T14:34:30.876+0000] {dag.py:4180} INFO - Setting next_dagrun for consume_1_and_2_with_dataset_expressions to None, run_after=None
[2025-09-29T14:34:30.877+0000] {logging_mixin.py:190} INFO - [2025-09-29T14:34:30.877+0000] {dag.py:4180} INFO - Setting next_dagrun for consume_1_or_2_with_dataset_expressions to None, run_after=None
[2025-09-29T14:34:30.879+0000] {logging_mixin.py:190} INFO - [2025-09-29T14:34:30.879+0000] {dag.py:4180} INFO - Setting next_dagrun for consume_1_or_both_2_and_3_with_dataset_expressions to None, run_after=None
[2025-09-29T14:34:30.882+0000] {logging_mixin.py:190} INFO - [2025-09-29T14:34:30.882+0000] {dag.py:4180} INFO - Setting next_dagrun for dataset_consumes_1 to None, run_after=None
[2025-09-29T14:34:30.885+0000] {logging_mixin.py:190} INFO - [2025-09-29T14:34:30.885+0000] {dag.py:4180} INFO - Setting next_dagrun for dataset_consumes_1_and_2 to None, run_after=None
[2025-09-29T14:34:30.886+0000] {logging_mixin.py:190} INFO - [2025-09-29T14:34:30.886+0000] {dag.py:4180} INFO - Setting next_dagrun for dataset_consumes_1_never_scheduled to None, run_after=None
[2025-09-29T14:34:30.888+0000] {logging_mixin.py:190} INFO - [2025-09-29T14:34:30.887+0000] {dag.py:4180} INFO - Setting next_dagrun for dataset_consumes_unknown_never_scheduled to None, run_after=None
[2025-09-29T14:34:30.890+0000] {logging_mixin.py:190} INFO - [2025-09-29T14:34:30.890+0000] {dag.py:4180} INFO - Setting next_dagrun for dataset_produces_1 to 2025-09-28 00:00:00+00:00, run_after=2025-09-29 00:00:00+00:00
[2025-09-29T14:34:30.892+0000] {logging_mixin.py:190} INFO - [2025-09-29T14:34:30.892+0000] {dag.py:4180} INFO - Setting next_dagrun for dataset_produces_2 to None, run_after=None
[2025-09-29T14:34:30.943+0000] {processor.py:208} INFO - Processing /home/airflow/.local/lib/python3.12/site-packages/airflow/example_dags/example_datasets.py took 0.310 seconds
[2025-09-29T14:35:01.407+0000] {processor.py:186} INFO - Started process (PID=158) to work on /home/airflow/.local/lib/python3.12/site-packages/airflow/example_dags/example_datasets.py
[2025-09-29T14:35:01.408+0000] {processor.py:914} INFO - Processing file /home/airflow/.local/lib/python3.12/site-packages/airflow/example_dags/example_datasets.py for tasks to queue
[2025-09-29T14:35:01.409+0000] {logging_mixin.py:190} INFO - [2025-09-29T14:35:01.409+0000] {dagbag.py:588} INFO - Filling up the DagBag from /home/airflow/.local/lib/python3.12/site-packages/airflow/example_dags/example_datasets.py
[2025-09-29T14:35:01.483+0000] {processor.py:925} INFO - DAG(s) 'dataset_produces_2', 'dataset_consumes_1_never_scheduled', 'consume_1_and_2_with_dataset_expressions', 'dataset_consumes_1_and_2', 'dataset_consumes_1', 'consume_1_or_2_with_dataset_expressions', 'consume_1_or_both_2_and_3_with_dataset_expressions', 'conditional_dataset_and_time_based_timetable', 'dataset_consumes_unknown_never_scheduled', 'dataset_produces_1' retrieved from /home/airflow/.local/lib/python3.12/site-packages/airflow/example_dags/example_datasets.py
[2025-09-29T14:35:01.506+0000] {logging_mixin.py:190} INFO - [2025-09-29T14:35:01.506+0000] {dag.py:3239} INFO - Sync 10 DAGs
[2025-09-29T14:35:01.521+0000] {logging_mixin.py:190} INFO - [2025-09-29T14:35:01.521+0000] {dag.py:4180} INFO - Setting next_dagrun for conditional_dataset_and_time_based_timetable to 2025-09-24 01:00:00+00:00, run_after=2025-09-24 01:00:00+00:00
[2025-09-29T14:35:01.523+0000] {logging_mixin.py:190} INFO - [2025-09-29T14:35:01.523+0000] {dag.py:4180} INFO - Setting next_dagrun for consume_1_and_2_with_dataset_expressions to None, run_after=None
[2025-09-29T14:35:01.524+0000] {logging_mixin.py:190} INFO - [2025-09-29T14:35:01.524+0000] {dag.py:4180} INFO - Setting next_dagrun for consume_1_or_2_with_dataset_expressions to None, run_after=None
[2025-09-29T14:35:01.524+0000] {logging_mixin.py:190} INFO - [2025-09-29T14:35:01.524+0000] {dag.py:4180} INFO - Setting next_dagrun for consume_1_or_both_2_and_3_with_dataset_expressions to None, run_after=None
[2025-09-29T14:35:01.525+0000] {logging_mixin.py:190} INFO - [2025-09-29T14:35:01.525+0000] {dag.py:4180} INFO - Setting next_dagrun for dataset_consumes_1 to None, run_after=None
[2025-09-29T14:35:01.525+0000] {logging_mixin.py:190} INFO - [2025-09-29T14:35:01.525+0000] {dag.py:4180} INFO - Setting next_dagrun for dataset_consumes_1_and_2 to None, run_after=None
[2025-09-29T14:35:01.526+0000] {logging_mixin.py:190} INFO - [2025-09-29T14:35:01.526+0000] {dag.py:4180} INFO - Setting next_dagrun for dataset_consumes_1_never_scheduled to None, run_after=None
[2025-09-29T14:35:01.526+0000] {logging_mixin.py:190} INFO - [2025-09-29T14:35:01.526+0000] {dag.py:4180} INFO - Setting next_dagrun for dataset_consumes_unknown_never_scheduled to None, run_after=None
[2025-09-29T14:35:01.527+0000] {logging_mixin.py:190} INFO - [2025-09-29T14:35:01.527+0000] {dag.py:4180} INFO - Setting next_dagrun for dataset_produces_1 to 2025-09-28 00:00:00+00:00, run_after=2025-09-29 00:00:00+00:00
[2025-09-29T14:35:01.528+0000] {logging_mixin.py:190} INFO - [2025-09-29T14:35:01.528+0000] {dag.py:4180} INFO - Setting next_dagrun for dataset_produces_2 to None, run_after=None
[2025-09-29T14:35:01.552+0000] {processor.py:208} INFO - Processing /home/airflow/.local/lib/python3.12/site-packages/airflow/example_dags/example_datasets.py took 0.148 seconds
[2025-09-29T14:35:31.655+0000] {processor.py:186} INFO - Started process (PID=222) to work on /home/airflow/.local/lib/python3.12/site-packages/airflow/example_dags/example_datasets.py
[2025-09-29T14:35:31.656+0000] {processor.py:914} INFO - Processing file /home/airflow/.local/lib/python3.12/site-packages/airflow/example_dags/example_datasets.py for tasks to queue
[2025-09-29T14:35:31.658+0000] {logging_mixin.py:190} INFO - [2025-09-29T14:35:31.658+0000] {dagbag.py:588} INFO - Filling up the DagBag from /home/airflow/.local/lib/python3.12/site-packages/airflow/example_dags/example_datasets.py
[2025-09-29T14:35:31.729+0000] {processor.py:925} INFO - DAG(s) 'consume_1_or_both_2_and_3_with_dataset_expressions', 'conditional_dataset_and_time_based_timetable', 'dataset_consumes_1_never_scheduled', 'dataset_produces_1', 'dataset_consumes_1_and_2', 'consume_1_or_2_with_dataset_expressions', 'dataset_consumes_1', 'dataset_consumes_unknown_never_scheduled', 'dataset_produces_2', 'consume_1_and_2_with_dataset_expressions' retrieved from /home/airflow/.local/lib/python3.12/site-packages/airflow/example_dags/example_datasets.py
[2025-09-29T14:35:31.763+0000] {logging_mixin.py:190} INFO - [2025-09-29T14:35:31.763+0000] {dag.py:3239} INFO - Sync 10 DAGs
[2025-09-29T14:35:31.778+0000] {logging_mixin.py:190} INFO - [2025-09-29T14:35:31.778+0000] {dag.py:4180} INFO - Setting next_dagrun for conditional_dataset_and_time_based_timetable to 2025-09-24 01:00:00+00:00, run_after=2025-09-24 01:00:00+00:00
[2025-09-29T14:35:31.780+0000] {logging_mixin.py:190} INFO - [2025-09-29T14:35:31.780+0000] {dag.py:4180} INFO - Setting next_dagrun for consume_1_and_2_with_dataset_expressions to None, run_after=None
[2025-09-29T14:35:31.780+0000] {logging_mixin.py:190} INFO - [2025-09-29T14:35:31.780+0000] {dag.py:4180} INFO - Setting next_dagrun for consume_1_or_2_with_dataset_expressions to None, run_after=None
[2025-09-29T14:35:31.781+0000] {logging_mixin.py:190} INFO - [2025-09-29T14:35:31.781+0000] {dag.py:4180} INFO - Setting next_dagrun for consume_1_or_both_2_and_3_with_dataset_expressions to None, run_after=None
[2025-09-29T14:35:31.781+0000] {logging_mixin.py:190} INFO - [2025-09-29T14:35:31.781+0000] {dag.py:4180} INFO - Setting next_dagrun for dataset_consumes_1 to None, run_after=None
[2025-09-29T14:35:31.782+0000] {logging_mixin.py:190} INFO - [2025-09-29T14:35:31.782+0000] {dag.py:4180} INFO - Setting next_dagrun for dataset_consumes_1_and_2 to None, run_after=None
[2025-09-29T14:35:31.782+0000] {logging_mixin.py:190} INFO - [2025-09-29T14:35:31.782+0000] {dag.py:4180} INFO - Setting next_dagrun for dataset_consumes_1_never_scheduled to None, run_after=None
[2025-09-29T14:35:31.783+0000] {logging_mixin.py:190} INFO - [2025-09-29T14:35:31.783+0000] {dag.py:4180} INFO - Setting next_dagrun for dataset_consumes_unknown_never_scheduled to None, run_after=None
[2025-09-29T14:35:31.784+0000] {logging_mixin.py:190} INFO - [2025-09-29T14:35:31.784+0000] {dag.py:4180} INFO - Setting next_dagrun for dataset_produces_1 to 2025-09-28 00:00:00+00:00, run_after=2025-09-29 00:00:00+00:00
[2025-09-29T14:35:31.785+0000] {logging_mixin.py:190} INFO - [2025-09-29T14:35:31.784+0000] {dag.py:4180} INFO - Setting next_dagrun for dataset_produces_2 to None, run_after=None
[2025-09-29T14:35:31.812+0000] {processor.py:208} INFO - Processing /home/airflow/.local/lib/python3.12/site-packages/airflow/example_dags/example_datasets.py took 0.161 seconds
[2025-09-29T14:36:01.909+0000] {processor.py:186} INFO - Started process (PID=286) to work on /home/airflow/.local/lib/python3.12/site-packages/airflow/example_dags/example_datasets.py
[2025-09-29T14:36:01.910+0000] {processor.py:914} INFO - Processing file /home/airflow/.local/lib/python3.12/site-packages/airflow/example_dags/example_datasets.py for tasks to queue
[2025-09-29T14:36:01.911+0000] {logging_mixin.py:190} INFO - [2025-09-29T14:36:01.911+0000] {dagbag.py:588} INFO - Filling up the DagBag from /home/airflow/.local/lib/python3.12/site-packages/airflow/example_dags/example_datasets.py
[2025-09-29T14:36:01.982+0000] {processor.py:925} INFO - DAG(s) 'consume_1_or_2_with_dataset_expressions', 'dataset_consumes_unknown_never_scheduled', 'consume_1_or_both_2_and_3_with_dataset_expressions', 'consume_1_and_2_with_dataset_expressions', 'dataset_consumes_1_and_2', 'conditional_dataset_and_time_based_timetable', 'dataset_consumes_1_never_scheduled', 'dataset_produces_1', 'dataset_consumes_1', 'dataset_produces_2' retrieved from /home/airflow/.local/lib/python3.12/site-packages/airflow/example_dags/example_datasets.py
[2025-09-29T14:36:02.012+0000] {logging_mixin.py:190} INFO - [2025-09-29T14:36:02.012+0000] {dag.py:3239} INFO - Sync 10 DAGs
[2025-09-29T14:36:02.029+0000] {logging_mixin.py:190} INFO - [2025-09-29T14:36:02.029+0000] {dag.py:4180} INFO - Setting next_dagrun for conditional_dataset_and_time_based_timetable to 2025-09-24 01:00:00+00:00, run_after=2025-09-24 01:00:00+00:00
[2025-09-29T14:36:02.031+0000] {logging_mixin.py:190} INFO - [2025-09-29T14:36:02.031+0000] {dag.py:4180} INFO - Setting next_dagrun for consume_1_and_2_with_dataset_expressions to None, run_after=None
[2025-09-29T14:36:02.032+0000] {logging_mixin.py:190} INFO - [2025-09-29T14:36:02.032+0000] {dag.py:4180} INFO - Setting next_dagrun for consume_1_or_2_with_dataset_expressions to None, run_after=None
[2025-09-29T14:36:02.033+0000] {logging_mixin.py:190} INFO - [2025-09-29T14:36:02.032+0000] {dag.py:4180} INFO - Setting next_dagrun for consume_1_or_both_2_and_3_with_dataset_expressions to None, run_after=None
[2025-09-29T14:36:02.033+0000] {logging_mixin.py:190} INFO - [2025-09-29T14:36:02.033+0000] {dag.py:4180} INFO - Setting next_dagrun for dataset_consumes_1 to None, run_after=None
[2025-09-29T14:36:02.035+0000] {logging_mixin.py:190} INFO - [2025-09-29T14:36:02.035+0000] {dag.py:4180} INFO - Setting next_dagrun for dataset_consumes_1_and_2 to None, run_after=None
[2025-09-29T14:36:02.035+0000] {logging_mixin.py:190} INFO - [2025-09-29T14:36:02.035+0000] {dag.py:4180} INFO - Setting next_dagrun for dataset_consumes_1_never_scheduled to None, run_after=None
[2025-09-29T14:36:02.036+0000] {logging_mixin.py:190} INFO - [2025-09-29T14:36:02.036+0000] {dag.py:4180} INFO - Setting next_dagrun for dataset_consumes_unknown_never_scheduled to None, run_after=None
[2025-09-29T14:36:02.037+0000] {logging_mixin.py:190} INFO - [2025-09-29T14:36:02.037+0000] {dag.py:4180} INFO - Setting next_dagrun for dataset_produces_1 to 2025-09-28 00:00:00+00:00, run_after=2025-09-29 00:00:00+00:00
[2025-09-29T14:36:02.039+0000] {logging_mixin.py:190} INFO - [2025-09-29T14:36:02.039+0000] {dag.py:4180} INFO - Setting next_dagrun for dataset_produces_2 to None, run_after=None
[2025-09-29T14:36:02.056+0000] {processor.py:208} INFO - Processing /home/airflow/.local/lib/python3.12/site-packages/airflow/example_dags/example_datasets.py took 0.150 seconds
[2025-09-29T14:36:32.108+0000] {processor.py:186} INFO - Started process (PID=351) to work on /home/airflow/.local/lib/python3.12/site-packages/airflow/example_dags/example_datasets.py
[2025-09-29T14:36:32.109+0000] {processor.py:914} INFO - Processing file /home/airflow/.local/lib/python3.12/site-packages/airflow/example_dags/example_datasets.py for tasks to queue
[2025-09-29T14:36:32.111+0000] {logging_mixin.py:190} INFO - [2025-09-29T14:36:32.111+0000] {dagbag.py:588} INFO - Filling up the DagBag from /home/airflow/.local/lib/python3.12/site-packages/airflow/example_dags/example_datasets.py
[2025-09-29T14:36:32.188+0000] {processor.py:925} INFO - DAG(s) 'dataset_produces_1', 'dataset_consumes_1_and_2', 'conditional_dataset_and_time_based_timetable', 'dataset_produces_2', 'dataset_consumes_unknown_never_scheduled', 'consume_1_and_2_with_dataset_expressions', 'consume_1_or_both_2_and_3_with_dataset_expressions', 'dataset_consumes_1', 'consume_1_or_2_with_dataset_expressions', 'dataset_consumes_1_never_scheduled' retrieved from /home/airflow/.local/lib/python3.12/site-packages/airflow/example_dags/example_datasets.py
[2025-09-29T14:36:32.211+0000] {logging_mixin.py:190} INFO - [2025-09-29T14:36:32.210+0000] {dag.py:3239} INFO - Sync 10 DAGs
[2025-09-29T14:36:32.225+0000] {logging_mixin.py:190} INFO - [2025-09-29T14:36:32.225+0000] {dag.py:4180} INFO - Setting next_dagrun for conditional_dataset_and_time_based_timetable to 2025-09-24 01:00:00+00:00, run_after=2025-09-24 01:00:00+00:00
[2025-09-29T14:36:32.227+0000] {logging_mixin.py:190} INFO - [2025-09-29T14:36:32.227+0000] {dag.py:4180} INFO - Setting next_dagrun for consume_1_and_2_with_dataset_expressions to None, run_after=None
[2025-09-29T14:36:32.227+0000] {logging_mixin.py:190} INFO - [2025-09-29T14:36:32.227+0000] {dag.py:4180} INFO - Setting next_dagrun for consume_1_or_2_with_dataset_expressions to None, run_after=None
[2025-09-29T14:36:32.228+0000] {logging_mixin.py:190} INFO - [2025-09-29T14:36:32.228+0000] {dag.py:4180} INFO - Setting next_dagrun for consume_1_or_both_2_and_3_with_dataset_expressions to None, run_after=None
[2025-09-29T14:36:32.228+0000] {logging_mixin.py:190} INFO - [2025-09-29T14:36:32.228+0000] {dag.py:4180} INFO - Setting next_dagrun for dataset_consumes_1 to None, run_after=None
[2025-09-29T14:36:32.229+0000] {logging_mixin.py:190} INFO - [2025-09-29T14:36:32.229+0000] {dag.py:4180} INFO - Setting next_dagrun for dataset_consumes_1_and_2 to None, run_after=None
[2025-09-29T14:36:32.230+0000] {logging_mixin.py:190} INFO - [2025-09-29T14:36:32.229+0000] {dag.py:4180} INFO - Setting next_dagrun for dataset_consumes_1_never_scheduled to None, run_after=None
[2025-09-29T14:36:32.230+0000] {logging_mixin.py:190} INFO - [2025-09-29T14:36:32.230+0000] {dag.py:4180} INFO - Setting next_dagrun for dataset_consumes_unknown_never_scheduled to None, run_after=None
[2025-09-29T14:36:32.231+0000] {logging_mixin.py:190} INFO - [2025-09-29T14:36:32.231+0000] {dag.py:4180} INFO - Setting next_dagrun for dataset_produces_1 to 2025-09-28 00:00:00+00:00, run_after=2025-09-29 00:00:00+00:00
[2025-09-29T14:36:32.231+0000] {logging_mixin.py:190} INFO - [2025-09-29T14:36:32.231+0000] {dag.py:4180} INFO - Setting next_dagrun for dataset_produces_2 to None, run_after=None
[2025-09-29T14:36:32.246+0000] {processor.py:208} INFO - Processing /home/airflow/.local/lib/python3.12/site-packages/airflow/example_dags/example_datasets.py took 0.141 seconds
[2025-09-29T14:37:02.329+0000] {processor.py:186} INFO - Started process (PID=414) to work on /home/airflow/.local/lib/python3.12/site-packages/airflow/example_dags/example_datasets.py
[2025-09-29T14:37:02.330+0000] {processor.py:914} INFO - Processing file /home/airflow/.local/lib/python3.12/site-packages/airflow/example_dags/example_datasets.py for tasks to queue
[2025-09-29T14:37:02.334+0000] {logging_mixin.py:190} INFO - [2025-09-29T14:37:02.333+0000] {dagbag.py:588} INFO - Filling up the DagBag from /home/airflow/.local/lib/python3.12/site-packages/airflow/example_dags/example_datasets.py
[2025-09-29T14:37:02.411+0000] {processor.py:925} INFO - DAG(s) 'consume_1_and_2_with_dataset_expressions', 'consume_1_or_both_2_and_3_with_dataset_expressions', 'conditional_dataset_and_time_based_timetable', 'dataset_consumes_unknown_never_scheduled', 'dataset_consumes_1_never_scheduled', 'dataset_produces_2', 'dataset_consumes_1', 'dataset_consumes_1_and_2', 'consume_1_or_2_with_dataset_expressions', 'dataset_produces_1' retrieved from /home/airflow/.local/lib/python3.12/site-packages/airflow/example_dags/example_datasets.py
[2025-09-29T14:37:02.431+0000] {logging_mixin.py:190} INFO - [2025-09-29T14:37:02.431+0000] {dag.py:3239} INFO - Sync 10 DAGs
[2025-09-29T14:37:02.453+0000] {logging_mixin.py:190} INFO - [2025-09-29T14:37:02.453+0000] {dag.py:4180} INFO - Setting next_dagrun for conditional_dataset_and_time_based_timetable to 2025-09-24 01:00:00+00:00, run_after=2025-09-24 01:00:00+00:00
[2025-09-29T14:37:02.454+0000] {logging_mixin.py:190} INFO - [2025-09-29T14:37:02.454+0000] {dag.py:4180} INFO - Setting next_dagrun for consume_1_and_2_with_dataset_expressions to None, run_after=None
[2025-09-29T14:37:02.459+0000] {logging_mixin.py:190} INFO - [2025-09-29T14:37:02.459+0000] {dag.py:4180} INFO - Setting next_dagrun for consume_1_or_2_with_dataset_expressions to None, run_after=None
[2025-09-29T14:37:02.460+0000] {logging_mixin.py:190} INFO - [2025-09-29T14:37:02.460+0000] {dag.py:4180} INFO - Setting next_dagrun for consume_1_or_both_2_and_3_with_dataset_expressions to None, run_after=None
[2025-09-29T14:37:02.460+0000] {logging_mixin.py:190} INFO - [2025-09-29T14:37:02.460+0000] {dag.py:4180} INFO - Setting next_dagrun for dataset_consumes_1 to None, run_after=None
[2025-09-29T14:37:02.462+0000] {logging_mixin.py:190} INFO - [2025-09-29T14:37:02.462+0000] {dag.py:4180} INFO - Setting next_dagrun for dataset_consumes_1_and_2 to None, run_after=None
[2025-09-29T14:37:02.463+0000] {logging_mixin.py:190} INFO - [2025-09-29T14:37:02.463+0000] {dag.py:4180} INFO - Setting next_dagrun for dataset_consumes_1_never_scheduled to None, run_after=None
[2025-09-29T14:37:02.463+0000] {logging_mixin.py:190} INFO - [2025-09-29T14:37:02.463+0000] {dag.py:4180} INFO - Setting next_dagrun for dataset_consumes_unknown_never_scheduled to None, run_after=None
[2025-09-29T14:37:02.465+0000] {logging_mixin.py:190} INFO - [2025-09-29T14:37:02.465+0000] {dag.py:4180} INFO - Setting next_dagrun for dataset_produces_1 to 2025-09-28 00:00:00+00:00, run_after=2025-09-29 00:00:00+00:00
[2025-09-29T14:37:02.466+0000] {logging_mixin.py:190} INFO - [2025-09-29T14:37:02.466+0000] {dag.py:4180} INFO - Setting next_dagrun for dataset_produces_2 to None, run_after=None
[2025-09-29T14:37:02.484+0000] {processor.py:208} INFO - Processing /home/airflow/.local/lib/python3.12/site-packages/airflow/example_dags/example_datasets.py took 0.158 seconds
[2025-09-29T14:37:32.714+0000] {processor.py:186} INFO - Started process (PID=478) to work on /home/airflow/.local/lib/python3.12/site-packages/airflow/example_dags/example_datasets.py
[2025-09-29T14:37:32.716+0000] {processor.py:914} INFO - Processing file /home/airflow/.local/lib/python3.12/site-packages/airflow/example_dags/example_datasets.py for tasks to queue
[2025-09-29T14:37:32.717+0000] {logging_mixin.py:190} INFO - [2025-09-29T14:37:32.717+0000] {dagbag.py:588} INFO - Filling up the DagBag from /home/airflow/.local/lib/python3.12/site-packages/airflow/example_dags/example_datasets.py
[2025-09-29T14:37:32.798+0000] {processor.py:925} INFO - DAG(s) 'consume_1_or_2_with_dataset_expressions', 'consume_1_and_2_with_dataset_expressions', 'dataset_consumes_1_and_2', 'conditional_dataset_and_time_based_timetable', 'dataset_consumes_unknown_never_scheduled', 'consume_1_or_both_2_and_3_with_dataset_expressions', 'dataset_produces_1', 'dataset_consumes_1', 'dataset_consumes_1_never_scheduled', 'dataset_produces_2' retrieved from /home/airflow/.local/lib/python3.12/site-packages/airflow/example_dags/example_datasets.py
[2025-09-29T14:37:32.823+0000] {logging_mixin.py:190} INFO - [2025-09-29T14:37:32.823+0000] {dag.py:3239} INFO - Sync 10 DAGs
[2025-09-29T14:37:32.842+0000] {logging_mixin.py:190} INFO - [2025-09-29T14:37:32.842+0000] {dag.py:4180} INFO - Setting next_dagrun for conditional_dataset_and_time_based_timetable to 2025-09-24 01:00:00+00:00, run_after=2025-09-24 01:00:00+00:00
[2025-09-29T14:37:32.845+0000] {logging_mixin.py:190} INFO - [2025-09-29T14:37:32.845+0000] {dag.py:4180} INFO - Setting next_dagrun for consume_1_and_2_with_dataset_expressions to None, run_after=None
[2025-09-29T14:37:32.846+0000] {logging_mixin.py:190} INFO - [2025-09-29T14:37:32.846+0000] {dag.py:4180} INFO - Setting next_dagrun for consume_1_or_2_with_dataset_expressions to None, run_after=None
[2025-09-29T14:37:32.848+0000] {logging_mixin.py:190} INFO - [2025-09-29T14:37:32.847+0000] {dag.py:4180} INFO - Setting next_dagrun for consume_1_or_both_2_and_3_with_dataset_expressions to None, run_after=None
[2025-09-29T14:37:32.848+0000] {logging_mixin.py:190} INFO - [2025-09-29T14:37:32.848+0000] {dag.py:4180} INFO - Setting next_dagrun for dataset_consumes_1 to None, run_after=None
[2025-09-29T14:37:32.849+0000] {logging_mixin.py:190} INFO - [2025-09-29T14:37:32.849+0000] {dag.py:4180} INFO - Setting next_dagrun for dataset_consumes_1_and_2 to None, run_after=None
[2025-09-29T14:37:32.850+0000] {logging_mixin.py:190} INFO - [2025-09-29T14:37:32.850+0000] {dag.py:4180} INFO - Setting next_dagrun for dataset_consumes_1_never_scheduled to None, run_after=None
[2025-09-29T14:37:32.850+0000] {logging_mixin.py:190} INFO - [2025-09-29T14:37:32.850+0000] {dag.py:4180} INFO - Setting next_dagrun for dataset_consumes_unknown_never_scheduled to None, run_after=None
[2025-09-29T14:37:32.852+0000] {logging_mixin.py:190} INFO - [2025-09-29T14:37:32.852+0000] {dag.py:4180} INFO - Setting next_dagrun for dataset_produces_1 to 2025-09-28 00:00:00+00:00, run_after=2025-09-29 00:00:00+00:00
[2025-09-29T14:37:32.852+0000] {logging_mixin.py:190} INFO - [2025-09-29T14:37:32.852+0000] {dag.py:4180} INFO - Setting next_dagrun for dataset_produces_2 to None, run_after=None
[2025-09-29T14:37:32.876+0000] {processor.py:208} INFO - Processing /home/airflow/.local/lib/python3.12/site-packages/airflow/example_dags/example_datasets.py took 0.165 seconds
[2025-09-29T14:38:03.171+0000] {processor.py:186} INFO - Started process (PID=543) to work on /home/airflow/.local/lib/python3.12/site-packages/airflow/example_dags/example_datasets.py
[2025-09-29T14:38:03.172+0000] {processor.py:914} INFO - Processing file /home/airflow/.local/lib/python3.12/site-packages/airflow/example_dags/example_datasets.py for tasks to queue
[2025-09-29T14:38:03.173+0000] {logging_mixin.py:190} INFO - [2025-09-29T14:38:03.173+0000] {dagbag.py:588} INFO - Filling up the DagBag from /home/airflow/.local/lib/python3.12/site-packages/airflow/example_dags/example_datasets.py
[2025-09-29T14:38:03.257+0000] {processor.py:925} INFO - DAG(s) 'conditional_dataset_and_time_based_timetable', 'dataset_consumes_1', 'dataset_consumes_unknown_never_scheduled', 'consume_1_and_2_with_dataset_expressions', 'dataset_consumes_1_never_scheduled', 'dataset_produces_1', 'consume_1_or_2_with_dataset_expressions', 'consume_1_or_both_2_and_3_with_dataset_expressions', 'dataset_produces_2', 'dataset_consumes_1_and_2' retrieved from /home/airflow/.local/lib/python3.12/site-packages/airflow/example_dags/example_datasets.py
[2025-09-29T14:38:03.292+0000] {logging_mixin.py:190} INFO - [2025-09-29T14:38:03.292+0000] {dag.py:3239} INFO - Sync 10 DAGs
[2025-09-29T14:38:03.307+0000] {logging_mixin.py:190} INFO - [2025-09-29T14:38:03.307+0000] {dag.py:4180} INFO - Setting next_dagrun for conditional_dataset_and_time_based_timetable to 2025-09-24 01:00:00+00:00, run_after=2025-09-24 01:00:00+00:00
[2025-09-29T14:38:03.310+0000] {logging_mixin.py:190} INFO - [2025-09-29T14:38:03.309+0000] {dag.py:4180} INFO - Setting next_dagrun for consume_1_and_2_with_dataset_expressions to None, run_after=None
[2025-09-29T14:38:03.311+0000] {logging_mixin.py:190} INFO - [2025-09-29T14:38:03.311+0000] {dag.py:4180} INFO - Setting next_dagrun for consume_1_or_2_with_dataset_expressions to None, run_after=None
[2025-09-29T14:38:03.315+0000] {logging_mixin.py:190} INFO - [2025-09-29T14:38:03.315+0000] {dag.py:4180} INFO - Setting next_dagrun for consume_1_or_both_2_and_3_with_dataset_expressions to None, run_after=None
[2025-09-29T14:38:03.316+0000] {logging_mixin.py:190} INFO - [2025-09-29T14:38:03.315+0000] {dag.py:4180} INFO - Setting next_dagrun for dataset_consumes_1 to None, run_after=None
[2025-09-29T14:38:03.316+0000] {logging_mixin.py:190} INFO - [2025-09-29T14:38:03.316+0000] {dag.py:4180} INFO - Setting next_dagrun for dataset_consumes_1_and_2 to None, run_after=None
[2025-09-29T14:38:03.317+0000] {logging_mixin.py:190} INFO - [2025-09-29T14:38:03.317+0000] {dag.py:4180} INFO - Setting next_dagrun for dataset_consumes_1_never_scheduled to None, run_after=None
[2025-09-29T14:38:03.317+0000] {logging_mixin.py:190} INFO - [2025-09-29T14:38:03.317+0000] {dag.py:4180} INFO - Setting next_dagrun for dataset_consumes_unknown_never_scheduled to None, run_after=None
[2025-09-29T14:38:03.318+0000] {logging_mixin.py:190} INFO - [2025-09-29T14:38:03.318+0000] {dag.py:4180} INFO - Setting next_dagrun for dataset_produces_1 to 2025-09-28 00:00:00+00:00, run_after=2025-09-29 00:00:00+00:00
[2025-09-29T14:38:03.319+0000] {logging_mixin.py:190} INFO - [2025-09-29T14:38:03.319+0000] {dag.py:4180} INFO - Setting next_dagrun for dataset_produces_2 to None, run_after=None
[2025-09-29T14:38:03.340+0000] {processor.py:208} INFO - Processing /home/airflow/.local/lib/python3.12/site-packages/airflow/example_dags/example_datasets.py took 0.173 seconds
[2025-09-29T14:38:33.555+0000] {processor.py:186} INFO - Started process (PID=615) to work on /home/airflow/.local/lib/python3.12/site-packages/airflow/example_dags/example_datasets.py
[2025-09-29T14:38:33.555+0000] {processor.py:914} INFO - Processing file /home/airflow/.local/lib/python3.12/site-packages/airflow/example_dags/example_datasets.py for tasks to queue
[2025-09-29T14:38:33.558+0000] {logging_mixin.py:190} INFO - [2025-09-29T14:38:33.558+0000] {dagbag.py:588} INFO - Filling up the DagBag from /home/airflow/.local/lib/python3.12/site-packages/airflow/example_dags/example_datasets.py
[2025-09-29T14:38:33.641+0000] {processor.py:925} INFO - DAG(s) 'dataset_consumes_1', 'dataset_consumes_1_never_scheduled', 'dataset_produces_1', 'dataset_consumes_1_and_2', 'dataset_produces_2', 'consume_1_or_both_2_and_3_with_dataset_expressions', 'consume_1_or_2_with_dataset_expressions', 'consume_1_and_2_with_dataset_expressions', 'conditional_dataset_and_time_based_timetable', 'dataset_consumes_unknown_never_scheduled' retrieved from /home/airflow/.local/lib/python3.12/site-packages/airflow/example_dags/example_datasets.py
[2025-09-29T14:38:33.669+0000] {logging_mixin.py:190} INFO - [2025-09-29T14:38:33.669+0000] {dag.py:3239} INFO - Sync 10 DAGs
[2025-09-29T14:38:33.683+0000] {logging_mixin.py:190} INFO - [2025-09-29T14:38:33.683+0000] {dag.py:4180} INFO - Setting next_dagrun for conditional_dataset_and_time_based_timetable to 2025-09-24 01:00:00+00:00, run_after=2025-09-24 01:00:00+00:00
[2025-09-29T14:38:33.685+0000] {logging_mixin.py:190} INFO - [2025-09-29T14:38:33.685+0000] {dag.py:4180} INFO - Setting next_dagrun for consume_1_and_2_with_dataset_expressions to None, run_after=None
[2025-09-29T14:38:33.686+0000] {logging_mixin.py:190} INFO - [2025-09-29T14:38:33.686+0000] {dag.py:4180} INFO - Setting next_dagrun for consume_1_or_2_with_dataset_expressions to None, run_after=None
[2025-09-29T14:38:33.687+0000] {logging_mixin.py:190} INFO - [2025-09-29T14:38:33.686+0000] {dag.py:4180} INFO - Setting next_dagrun for consume_1_or_both_2_and_3_with_dataset_expressions to None, run_after=None
[2025-09-29T14:38:33.687+0000] {logging_mixin.py:190} INFO - [2025-09-29T14:38:33.687+0000] {dag.py:4180} INFO - Setting next_dagrun for dataset_consumes_1 to None, run_after=None
[2025-09-29T14:38:33.688+0000] {logging_mixin.py:190} INFO - [2025-09-29T14:38:33.688+0000] {dag.py:4180} INFO - Setting next_dagrun for dataset_consumes_1_and_2 to None, run_after=None
[2025-09-29T14:38:33.688+0000] {logging_mixin.py:190} INFO - [2025-09-29T14:38:33.688+0000] {dag.py:4180} INFO - Setting next_dagrun for dataset_consumes_1_never_scheduled to None, run_after=None
[2025-09-29T14:38:33.689+0000] {logging_mixin.py:190} INFO - [2025-09-29T14:38:33.689+0000] {dag.py:4180} INFO - Setting next_dagrun for dataset_consumes_unknown_never_scheduled to None, run_after=None
[2025-09-29T14:38:33.690+0000] {logging_mixin.py:190} INFO - [2025-09-29T14:38:33.690+0000] {dag.py:4180} INFO - Setting next_dagrun for dataset_produces_1 to 2025-09-28 00:00:00+00:00, run_after=2025-09-29 00:00:00+00:00
[2025-09-29T14:38:33.691+0000] {logging_mixin.py:190} INFO - [2025-09-29T14:38:33.691+0000] {dag.py:4180} INFO - Setting next_dagrun for dataset_produces_2 to None, run_after=None
[2025-09-29T14:38:33.720+0000] {processor.py:208} INFO - Processing /home/airflow/.local/lib/python3.12/site-packages/airflow/example_dags/example_datasets.py took 0.169 seconds
[2025-09-29T14:39:03.964+0000] {processor.py:186} INFO - Started process (PID=676) to work on /home/airflow/.local/lib/python3.12/site-packages/airflow/example_dags/example_datasets.py
[2025-09-29T14:39:03.965+0000] {processor.py:914} INFO - Processing file /home/airflow/.local/lib/python3.12/site-packages/airflow/example_dags/example_datasets.py for tasks to queue
[2025-09-29T14:39:03.966+0000] {logging_mixin.py:190} INFO - [2025-09-29T14:39:03.966+0000] {dagbag.py:588} INFO - Filling up the DagBag from /home/airflow/.local/lib/python3.12/site-packages/airflow/example_dags/example_datasets.py
[2025-09-29T14:39:04.036+0000] {processor.py:925} INFO - DAG(s) 'dataset_consumes_1_and_2', 'dataset_produces_1', 'dataset_consumes_unknown_never_scheduled', 'dataset_produces_2', 'consume_1_or_both_2_and_3_with_dataset_expressions', 'dataset_consumes_1_never_scheduled', 'consume_1_or_2_with_dataset_expressions', 'consume_1_and_2_with_dataset_expressions', 'conditional_dataset_and_time_based_timetable', 'dataset_consumes_1' retrieved from /home/airflow/.local/lib/python3.12/site-packages/airflow/example_dags/example_datasets.py
[2025-09-29T14:39:04.064+0000] {logging_mixin.py:190} INFO - [2025-09-29T14:39:04.064+0000] {dag.py:3239} INFO - Sync 10 DAGs
[2025-09-29T14:39:04.078+0000] {logging_mixin.py:190} INFO - [2025-09-29T14:39:04.078+0000] {dag.py:4180} INFO - Setting next_dagrun for conditional_dataset_and_time_based_timetable to 2025-09-24 01:00:00+00:00, run_after=2025-09-24 01:00:00+00:00
[2025-09-29T14:39:04.079+0000] {logging_mixin.py:190} INFO - [2025-09-29T14:39:04.079+0000] {dag.py:4180} INFO - Setting next_dagrun for consume_1_and_2_with_dataset_expressions to None, run_after=None
[2025-09-29T14:39:04.080+0000] {logging_mixin.py:190} INFO - [2025-09-29T14:39:04.080+0000] {dag.py:4180} INFO - Setting next_dagrun for consume_1_or_2_with_dataset_expressions to None, run_after=None
[2025-09-29T14:39:04.081+0000] {logging_mixin.py:190} INFO - [2025-09-29T14:39:04.081+0000] {dag.py:4180} INFO - Setting next_dagrun for consume_1_or_both_2_and_3_with_dataset_expressions to None, run_after=None
[2025-09-29T14:39:04.082+0000] {logging_mixin.py:190} INFO - [2025-09-29T14:39:04.082+0000] {dag.py:4180} INFO - Setting next_dagrun for dataset_consumes_1 to None, run_after=None
[2025-09-29T14:39:04.083+0000] {logging_mixin.py:190} INFO - [2025-09-29T14:39:04.083+0000] {dag.py:4180} INFO - Setting next_dagrun for dataset_consumes_1_and_2 to None, run_after=None
[2025-09-29T14:39:04.084+0000] {logging_mixin.py:190} INFO - [2025-09-29T14:39:04.083+0000] {dag.py:4180} INFO - Setting next_dagrun for dataset_consumes_1_never_scheduled to None, run_after=None
[2025-09-29T14:39:04.084+0000] {logging_mixin.py:190} INFO - [2025-09-29T14:39:04.084+0000] {dag.py:4180} INFO - Setting next_dagrun for dataset_consumes_unknown_never_scheduled to None, run_after=None
[2025-09-29T14:39:04.085+0000] {logging_mixin.py:190} INFO - [2025-09-29T14:39:04.085+0000] {dag.py:4180} INFO - Setting next_dagrun for dataset_produces_1 to 2025-09-28 00:00:00+00:00, run_after=2025-09-29 00:00:00+00:00
[2025-09-29T14:39:04.086+0000] {logging_mixin.py:190} INFO - [2025-09-29T14:39:04.086+0000] {dag.py:4180} INFO - Setting next_dagrun for dataset_produces_2 to None, run_after=None
[2025-09-29T14:39:04.111+0000] {processor.py:208} INFO - Processing /home/airflow/.local/lib/python3.12/site-packages/airflow/example_dags/example_datasets.py took 0.150 seconds
[2025-09-29T14:39:34.541+0000] {processor.py:186} INFO - Started process (PID=739) to work on /home/airflow/.local/lib/python3.12/site-packages/airflow/example_dags/example_datasets.py
[2025-09-29T14:39:34.542+0000] {processor.py:914} INFO - Processing file /home/airflow/.local/lib/python3.12/site-packages/airflow/example_dags/example_datasets.py for tasks to queue
[2025-09-29T14:39:34.544+0000] {logging_mixin.py:190} INFO - [2025-09-29T14:39:34.543+0000] {dagbag.py:588} INFO - Filling up the DagBag from /home/airflow/.local/lib/python3.12/site-packages/airflow/example_dags/example_datasets.py
[2025-09-29T14:39:34.624+0000] {processor.py:925} INFO - DAG(s) 'dataset_produces_1', 'consume_1_or_2_with_dataset_expressions', 'conditional_dataset_and_time_based_timetable', 'dataset_consumes_1_never_scheduled', 'dataset_consumes_1_and_2', 'dataset_consumes_1', 'consume_1_and_2_with_dataset_expressions', 'dataset_produces_2', 'dataset_consumes_unknown_never_scheduled', 'consume_1_or_both_2_and_3_with_dataset_expressions' retrieved from /home/airflow/.local/lib/python3.12/site-packages/airflow/example_dags/example_datasets.py
[2025-09-29T14:39:34.648+0000] {logging_mixin.py:190} INFO - [2025-09-29T14:39:34.648+0000] {dag.py:3239} INFO - Sync 10 DAGs
[2025-09-29T14:39:34.665+0000] {logging_mixin.py:190} INFO - [2025-09-29T14:39:34.664+0000] {dag.py:4180} INFO - Setting next_dagrun for conditional_dataset_and_time_based_timetable to 2025-09-24 01:00:00+00:00, run_after=2025-09-24 01:00:00+00:00
[2025-09-29T14:39:34.670+0000] {logging_mixin.py:190} INFO - [2025-09-29T14:39:34.670+0000] {dag.py:4180} INFO - Setting next_dagrun for consume_1_and_2_with_dataset_expressions to None, run_after=None
[2025-09-29T14:39:34.671+0000] {logging_mixin.py:190} INFO - [2025-09-29T14:39:34.671+0000] {dag.py:4180} INFO - Setting next_dagrun for consume_1_or_2_with_dataset_expressions to None, run_after=None
[2025-09-29T14:39:34.673+0000] {logging_mixin.py:190} INFO - [2025-09-29T14:39:34.673+0000] {dag.py:4180} INFO - Setting next_dagrun for consume_1_or_both_2_and_3_with_dataset_expressions to None, run_after=None
[2025-09-29T14:39:34.674+0000] {logging_mixin.py:190} INFO - [2025-09-29T14:39:34.674+0000] {dag.py:4180} INFO - Setting next_dagrun for dataset_consumes_1 to None, run_after=None
[2025-09-29T14:39:34.677+0000] {logging_mixin.py:190} INFO - [2025-09-29T14:39:34.677+0000] {dag.py:4180} INFO - Setting next_dagrun for dataset_consumes_1_and_2 to None, run_after=None
[2025-09-29T14:39:34.679+0000] {logging_mixin.py:190} INFO - [2025-09-29T14:39:34.679+0000] {dag.py:4180} INFO - Setting next_dagrun for dataset_consumes_1_never_scheduled to None, run_after=None
[2025-09-29T14:39:34.680+0000] {logging_mixin.py:190} INFO - [2025-09-29T14:39:34.680+0000] {dag.py:4180} INFO - Setting next_dagrun for dataset_consumes_unknown_never_scheduled to None, run_after=None
[2025-09-29T14:39:34.682+0000] {logging_mixin.py:190} INFO - [2025-09-29T14:39:34.682+0000] {dag.py:4180} INFO - Setting next_dagrun for dataset_produces_1 to 2025-09-28 00:00:00+00:00, run_after=2025-09-29 00:00:00+00:00
[2025-09-29T14:39:34.683+0000] {logging_mixin.py:190} INFO - [2025-09-29T14:39:34.683+0000] {dag.py:4180} INFO - Setting next_dagrun for dataset_produces_2 to None, run_after=None
[2025-09-29T14:39:34.709+0000] {processor.py:208} INFO - Processing /home/airflow/.local/lib/python3.12/site-packages/airflow/example_dags/example_datasets.py took 0.171 seconds
[2025-09-29T14:40:05.027+0000] {processor.py:186} INFO - Started process (PID=804) to work on /home/airflow/.local/lib/python3.12/site-packages/airflow/example_dags/example_datasets.py
[2025-09-29T14:40:05.028+0000] {processor.py:914} INFO - Processing file /home/airflow/.local/lib/python3.12/site-packages/airflow/example_dags/example_datasets.py for tasks to queue
[2025-09-29T14:40:05.029+0000] {logging_mixin.py:190} INFO - [2025-09-29T14:40:05.029+0000] {dagbag.py:588} INFO - Filling up the DagBag from /home/airflow/.local/lib/python3.12/site-packages/airflow/example_dags/example_datasets.py
[2025-09-29T14:40:05.104+0000] {processor.py:925} INFO - DAG(s) 'dataset_produces_1', 'dataset_produces_2', 'consume_1_and_2_with_dataset_expressions', 'dataset_consumes_unknown_never_scheduled', 'consume_1_or_2_with_dataset_expressions', 'dataset_consumes_1_never_scheduled', 'dataset_consumes_1_and_2', 'dataset_consumes_1', 'consume_1_or_both_2_and_3_with_dataset_expressions', 'conditional_dataset_and_time_based_timetable' retrieved from /home/airflow/.local/lib/python3.12/site-packages/airflow/example_dags/example_datasets.py
[2025-09-29T14:40:05.136+0000] {logging_mixin.py:190} INFO - [2025-09-29T14:40:05.136+0000] {dag.py:3239} INFO - Sync 10 DAGs
[2025-09-29T14:40:05.149+0000] {logging_mixin.py:190} INFO - [2025-09-29T14:40:05.149+0000] {dag.py:4180} INFO - Setting next_dagrun for conditional_dataset_and_time_based_timetable to 2025-09-24 01:00:00+00:00, run_after=2025-09-24 01:00:00+00:00
[2025-09-29T14:40:05.152+0000] {logging_mixin.py:190} INFO - [2025-09-29T14:40:05.152+0000] {dag.py:4180} INFO - Setting next_dagrun for consume_1_and_2_with_dataset_expressions to None, run_after=None
[2025-09-29T14:40:05.155+0000] {logging_mixin.py:190} INFO - [2025-09-29T14:40:05.155+0000] {dag.py:4180} INFO - Setting next_dagrun for consume_1_or_2_with_dataset_expressions to None, run_after=None
[2025-09-29T14:40:05.156+0000] {logging_mixin.py:190} INFO - [2025-09-29T14:40:05.156+0000] {dag.py:4180} INFO - Setting next_dagrun for consume_1_or_both_2_and_3_with_dataset_expressions to None, run_after=None
[2025-09-29T14:40:05.157+0000] {logging_mixin.py:190} INFO - [2025-09-29T14:40:05.157+0000] {dag.py:4180} INFO - Setting next_dagrun for dataset_consumes_1 to None, run_after=None
[2025-09-29T14:40:05.158+0000] {logging_mixin.py:190} INFO - [2025-09-29T14:40:05.158+0000] {dag.py:4180} INFO - Setting next_dagrun for dataset_consumes_1_and_2 to None, run_after=None
[2025-09-29T14:40:05.160+0000] {logging_mixin.py:190} INFO - [2025-09-29T14:40:05.160+0000] {dag.py:4180} INFO - Setting next_dagrun for dataset_consumes_1_never_scheduled to None, run_after=None
[2025-09-29T14:40:05.161+0000] {logging_mixin.py:190} INFO - [2025-09-29T14:40:05.161+0000] {dag.py:4180} INFO - Setting next_dagrun for dataset_consumes_unknown_never_scheduled to None, run_after=None
[2025-09-29T14:40:05.163+0000] {logging_mixin.py:190} INFO - [2025-09-29T14:40:05.163+0000] {dag.py:4180} INFO - Setting next_dagrun for dataset_produces_1 to 2025-09-28 00:00:00+00:00, run_after=2025-09-29 00:00:00+00:00
[2025-09-29T14:40:05.164+0000] {logging_mixin.py:190} INFO - [2025-09-29T14:40:05.163+0000] {dag.py:4180} INFO - Setting next_dagrun for dataset_produces_2 to None, run_after=None
[2025-09-29T14:40:05.190+0000] {processor.py:208} INFO - Processing /home/airflow/.local/lib/python3.12/site-packages/airflow/example_dags/example_datasets.py took 0.166 seconds
[2025-09-29T14:40:35.314+0000] {processor.py:186} INFO - Started process (PID=866) to work on /home/airflow/.local/lib/python3.12/site-packages/airflow/example_dags/example_datasets.py
[2025-09-29T14:40:35.314+0000] {processor.py:914} INFO - Processing file /home/airflow/.local/lib/python3.12/site-packages/airflow/example_dags/example_datasets.py for tasks to queue
[2025-09-29T14:40:35.316+0000] {logging_mixin.py:190} INFO - [2025-09-29T14:40:35.315+0000] {dagbag.py:588} INFO - Filling up the DagBag from /home/airflow/.local/lib/python3.12/site-packages/airflow/example_dags/example_datasets.py
[2025-09-29T14:40:35.400+0000] {processor.py:925} INFO - DAG(s) 'conditional_dataset_and_time_based_timetable', 'consume_1_or_both_2_and_3_with_dataset_expressions', 'dataset_consumes_unknown_never_scheduled', 'dataset_consumes_1_never_scheduled', 'dataset_produces_2', 'dataset_consumes_1', 'consume_1_or_2_with_dataset_expressions', 'consume_1_and_2_with_dataset_expressions', 'dataset_consumes_1_and_2', 'dataset_produces_1' retrieved from /home/airflow/.local/lib/python3.12/site-packages/airflow/example_dags/example_datasets.py
[2025-09-29T14:40:35.434+0000] {logging_mixin.py:190} INFO - [2025-09-29T14:40:35.434+0000] {dag.py:3239} INFO - Sync 10 DAGs
[2025-09-29T14:40:35.450+0000] {logging_mixin.py:190} INFO - [2025-09-29T14:40:35.450+0000] {dag.py:4180} INFO - Setting next_dagrun for conditional_dataset_and_time_based_timetable to 2025-09-24 01:00:00+00:00, run_after=2025-09-24 01:00:00+00:00
[2025-09-29T14:40:35.452+0000] {logging_mixin.py:190} INFO - [2025-09-29T14:40:35.452+0000] {dag.py:4180} INFO - Setting next_dagrun for consume_1_and_2_with_dataset_expressions to None, run_after=None
[2025-09-29T14:40:35.458+0000] {logging_mixin.py:190} INFO - [2025-09-29T14:40:35.457+0000] {dag.py:4180} INFO - Setting next_dagrun for consume_1_or_2_with_dataset_expressions to None, run_after=None
[2025-09-29T14:40:35.459+0000] {logging_mixin.py:190} INFO - [2025-09-29T14:40:35.459+0000] {dag.py:4180} INFO - Setting next_dagrun for consume_1_or_both_2_and_3_with_dataset_expressions to None, run_after=None
[2025-09-29T14:40:35.460+0000] {logging_mixin.py:190} INFO - [2025-09-29T14:40:35.460+0000] {dag.py:4180} INFO - Setting next_dagrun for dataset_consumes_1 to None, run_after=None
[2025-09-29T14:40:35.462+0000] {logging_mixin.py:190} INFO - [2025-09-29T14:40:35.462+0000] {dag.py:4180} INFO - Setting next_dagrun for dataset_consumes_1_and_2 to None, run_after=None
[2025-09-29T14:40:35.463+0000] {logging_mixin.py:190} INFO - [2025-09-29T14:40:35.463+0000] {dag.py:4180} INFO - Setting next_dagrun for dataset_consumes_1_never_scheduled to None, run_after=None
[2025-09-29T14:40:35.464+0000] {logging_mixin.py:190} INFO - [2025-09-29T14:40:35.464+0000] {dag.py:4180} INFO - Setting next_dagrun for dataset_consumes_unknown_never_scheduled to None, run_after=None
[2025-09-29T14:40:35.465+0000] {logging_mixin.py:190} INFO - [2025-09-29T14:40:35.465+0000] {dag.py:4180} INFO - Setting next_dagrun for dataset_produces_1 to 2025-09-28 00:00:00+00:00, run_after=2025-09-29 00:00:00+00:00
[2025-09-29T14:40:35.466+0000] {logging_mixin.py:190} INFO - [2025-09-29T14:40:35.466+0000] {dag.py:4180} INFO - Setting next_dagrun for dataset_produces_2 to None, run_after=None
[2025-09-29T14:40:35.491+0000] {processor.py:208} INFO - Processing /home/airflow/.local/lib/python3.12/site-packages/airflow/example_dags/example_datasets.py took 0.181 seconds
[2025-09-29T14:41:05.631+0000] {processor.py:186} INFO - Started process (PID=932) to work on /home/airflow/.local/lib/python3.12/site-packages/airflow/example_dags/example_datasets.py
[2025-09-29T14:41:05.632+0000] {processor.py:914} INFO - Processing file /home/airflow/.local/lib/python3.12/site-packages/airflow/example_dags/example_datasets.py for tasks to queue
[2025-09-29T14:41:05.633+0000] {logging_mixin.py:190} INFO - [2025-09-29T14:41:05.633+0000] {dagbag.py:588} INFO - Filling up the DagBag from /home/airflow/.local/lib/python3.12/site-packages/airflow/example_dags/example_datasets.py
[2025-09-29T14:41:05.710+0000] {processor.py:925} INFO - DAG(s) 'dataset_consumes_1', 'dataset_consumes_1_never_scheduled', 'dataset_produces_1', 'consume_1_or_2_with_dataset_expressions', 'consume_1_or_both_2_and_3_with_dataset_expressions', 'dataset_produces_2', 'consume_1_and_2_with_dataset_expressions', 'dataset_consumes_unknown_never_scheduled', 'conditional_dataset_and_time_based_timetable', 'dataset_consumes_1_and_2' retrieved from /home/airflow/.local/lib/python3.12/site-packages/airflow/example_dags/example_datasets.py
[2025-09-29T14:41:05.733+0000] {logging_mixin.py:190} INFO - [2025-09-29T14:41:05.733+0000] {dag.py:3239} INFO - Sync 10 DAGs
[2025-09-29T14:41:05.751+0000] {logging_mixin.py:190} INFO - [2025-09-29T14:41:05.751+0000] {dag.py:4180} INFO - Setting next_dagrun for conditional_dataset_and_time_based_timetable to 2025-09-24 01:00:00+00:00, run_after=2025-09-24 01:00:00+00:00
[2025-09-29T14:41:05.753+0000] {logging_mixin.py:190} INFO - [2025-09-29T14:41:05.753+0000] {dag.py:4180} INFO - Setting next_dagrun for consume_1_and_2_with_dataset_expressions to None, run_after=None
[2025-09-29T14:41:05.754+0000] {logging_mixin.py:190} INFO - [2025-09-29T14:41:05.754+0000] {dag.py:4180} INFO - Setting next_dagrun for consume_1_or_2_with_dataset_expressions to None, run_after=None
[2025-09-29T14:41:05.756+0000] {logging_mixin.py:190} INFO - [2025-09-29T14:41:05.756+0000] {dag.py:4180} INFO - Setting next_dagrun for consume_1_or_both_2_and_3_with_dataset_expressions to None, run_after=None
[2025-09-29T14:41:05.756+0000] {logging_mixin.py:190} INFO - [2025-09-29T14:41:05.756+0000] {dag.py:4180} INFO - Setting next_dagrun for dataset_consumes_1 to None, run_after=None
[2025-09-29T14:41:05.757+0000] {logging_mixin.py:190} INFO - [2025-09-29T14:41:05.757+0000] {dag.py:4180} INFO - Setting next_dagrun for dataset_consumes_1_and_2 to None, run_after=None
[2025-09-29T14:41:05.757+0000] {logging_mixin.py:190} INFO - [2025-09-29T14:41:05.757+0000] {dag.py:4180} INFO - Setting next_dagrun for dataset_consumes_1_never_scheduled to None, run_after=None
[2025-09-29T14:41:05.758+0000] {logging_mixin.py:190} INFO - [2025-09-29T14:41:05.758+0000] {dag.py:4180} INFO - Setting next_dagrun for dataset_consumes_unknown_never_scheduled to None, run_after=None
[2025-09-29T14:41:05.760+0000] {logging_mixin.py:190} INFO - [2025-09-29T14:41:05.760+0000] {dag.py:4180} INFO - Setting next_dagrun for dataset_produces_1 to 2025-09-28 00:00:00+00:00, run_after=2025-09-29 00:00:00+00:00
[2025-09-29T14:41:05.761+0000] {logging_mixin.py:190} INFO - [2025-09-29T14:41:05.761+0000] {dag.py:4180} INFO - Setting next_dagrun for dataset_produces_2 to None, run_after=None
[2025-09-29T14:41:05.782+0000] {processor.py:208} INFO - Processing /home/airflow/.local/lib/python3.12/site-packages/airflow/example_dags/example_datasets.py took 0.154 seconds
[2025-09-29T14:41:36.019+0000] {processor.py:186} INFO - Started process (PID=996) to work on /home/airflow/.local/lib/python3.12/site-packages/airflow/example_dags/example_datasets.py
[2025-09-29T14:41:36.021+0000] {processor.py:914} INFO - Processing file /home/airflow/.local/lib/python3.12/site-packages/airflow/example_dags/example_datasets.py for tasks to queue
[2025-09-29T14:41:36.023+0000] {logging_mixin.py:190} INFO - [2025-09-29T14:41:36.023+0000] {dagbag.py:588} INFO - Filling up the DagBag from /home/airflow/.local/lib/python3.12/site-packages/airflow/example_dags/example_datasets.py
[2025-09-29T14:41:36.106+0000] {processor.py:925} INFO - DAG(s) 'dataset_consumes_1_and_2', 'dataset_produces_1', 'consume_1_or_2_with_dataset_expressions', 'consume_1_and_2_with_dataset_expressions', 'dataset_produces_2', 'consume_1_or_both_2_and_3_with_dataset_expressions', 'dataset_consumes_unknown_never_scheduled', 'conditional_dataset_and_time_based_timetable', 'dataset_consumes_1_never_scheduled', 'dataset_consumes_1' retrieved from /home/airflow/.local/lib/python3.12/site-packages/airflow/example_dags/example_datasets.py
[2025-09-29T14:41:36.198+0000] {logging_mixin.py:190} INFO - [2025-09-29T14:41:36.198+0000] {dag.py:3239} INFO - Sync 10 DAGs
[2025-09-29T14:41:36.213+0000] {logging_mixin.py:190} INFO - [2025-09-29T14:41:36.213+0000] {dag.py:4180} INFO - Setting next_dagrun for conditional_dataset_and_time_based_timetable to 2025-09-24 01:00:00+00:00, run_after=2025-09-24 01:00:00+00:00
[2025-09-29T14:41:36.218+0000] {logging_mixin.py:190} INFO - [2025-09-29T14:41:36.217+0000] {dag.py:4180} INFO - Setting next_dagrun for consume_1_and_2_with_dataset_expressions to None, run_after=None
[2025-09-29T14:41:36.219+0000] {logging_mixin.py:190} INFO - [2025-09-29T14:41:36.218+0000] {dag.py:4180} INFO - Setting next_dagrun for consume_1_or_2_with_dataset_expressions to None, run_after=None
[2025-09-29T14:41:36.220+0000] {logging_mixin.py:190} INFO - [2025-09-29T14:41:36.220+0000] {dag.py:4180} INFO - Setting next_dagrun for consume_1_or_both_2_and_3_with_dataset_expressions to None, run_after=None
[2025-09-29T14:41:36.221+0000] {logging_mixin.py:190} INFO - [2025-09-29T14:41:36.221+0000] {dag.py:4180} INFO - Setting next_dagrun for dataset_consumes_1 to None, run_after=None
[2025-09-29T14:41:36.221+0000] {logging_mixin.py:190} INFO - [2025-09-29T14:41:36.221+0000] {dag.py:4180} INFO - Setting next_dagrun for dataset_consumes_1_and_2 to None, run_after=None
[2025-09-29T14:41:36.222+0000] {logging_mixin.py:190} INFO - [2025-09-29T14:41:36.222+0000] {dag.py:4180} INFO - Setting next_dagrun for dataset_consumes_1_never_scheduled to None, run_after=None
[2025-09-29T14:41:36.223+0000] {logging_mixin.py:190} INFO - [2025-09-29T14:41:36.223+0000] {dag.py:4180} INFO - Setting next_dagrun for dataset_consumes_unknown_never_scheduled to None, run_after=None
[2025-09-29T14:41:36.224+0000] {logging_mixin.py:190} INFO - [2025-09-29T14:41:36.224+0000] {dag.py:4180} INFO - Setting next_dagrun for dataset_produces_1 to 2025-09-28 00:00:00+00:00, run_after=2025-09-29 00:00:00+00:00
[2025-09-29T14:41:36.225+0000] {logging_mixin.py:190} INFO - [2025-09-29T14:41:36.225+0000] {dag.py:4180} INFO - Setting next_dagrun for dataset_produces_2 to None, run_after=None
[2025-09-29T14:41:36.246+0000] {processor.py:208} INFO - Processing /home/airflow/.local/lib/python3.12/site-packages/airflow/example_dags/example_datasets.py took 0.231 seconds
[2025-09-29T14:42:06.486+0000] {processor.py:186} INFO - Started process (PID=1061) to work on /home/airflow/.local/lib/python3.12/site-packages/airflow/example_dags/example_datasets.py
[2025-09-29T14:42:06.486+0000] {processor.py:914} INFO - Processing file /home/airflow/.local/lib/python3.12/site-packages/airflow/example_dags/example_datasets.py for tasks to queue
[2025-09-29T14:42:06.489+0000] {logging_mixin.py:190} INFO - [2025-09-29T14:42:06.489+0000] {dagbag.py:588} INFO - Filling up the DagBag from /home/airflow/.local/lib/python3.12/site-packages/airflow/example_dags/example_datasets.py
[2025-09-29T14:42:06.572+0000] {processor.py:925} INFO - DAG(s) 'dataset_consumes_1_and_2', 'consume_1_and_2_with_dataset_expressions', 'dataset_consumes_1', 'conditional_dataset_and_time_based_timetable', 'dataset_consumes_unknown_never_scheduled', 'dataset_produces_1', 'dataset_consumes_1_never_scheduled', 'consume_1_or_2_with_dataset_expressions', 'dataset_produces_2', 'consume_1_or_both_2_and_3_with_dataset_expressions' retrieved from /home/airflow/.local/lib/python3.12/site-packages/airflow/example_dags/example_datasets.py
[2025-09-29T14:42:06.614+0000] {logging_mixin.py:190} INFO - [2025-09-29T14:42:06.613+0000] {dag.py:3239} INFO - Sync 10 DAGs
[2025-09-29T14:42:06.632+0000] {logging_mixin.py:190} INFO - [2025-09-29T14:42:06.632+0000] {dag.py:4180} INFO - Setting next_dagrun for conditional_dataset_and_time_based_timetable to 2025-09-24 01:00:00+00:00, run_after=2025-09-24 01:00:00+00:00
[2025-09-29T14:42:06.637+0000] {logging_mixin.py:190} INFO - [2025-09-29T14:42:06.637+0000] {dag.py:4180} INFO - Setting next_dagrun for consume_1_and_2_with_dataset_expressions to None, run_after=None
[2025-09-29T14:42:06.638+0000] {logging_mixin.py:190} INFO - [2025-09-29T14:42:06.638+0000] {dag.py:4180} INFO - Setting next_dagrun for consume_1_or_2_with_dataset_expressions to None, run_after=None
[2025-09-29T14:42:06.639+0000] {logging_mixin.py:190} INFO - [2025-09-29T14:42:06.639+0000] {dag.py:4180} INFO - Setting next_dagrun for consume_1_or_both_2_and_3_with_dataset_expressions to None, run_after=None
[2025-09-29T14:42:06.640+0000] {logging_mixin.py:190} INFO - [2025-09-29T14:42:06.640+0000] {dag.py:4180} INFO - Setting next_dagrun for dataset_consumes_1 to None, run_after=None
[2025-09-29T14:42:06.641+0000] {logging_mixin.py:190} INFO - [2025-09-29T14:42:06.641+0000] {dag.py:4180} INFO - Setting next_dagrun for dataset_consumes_1_and_2 to None, run_after=None
[2025-09-29T14:42:06.642+0000] {logging_mixin.py:190} INFO - [2025-09-29T14:42:06.642+0000] {dag.py:4180} INFO - Setting next_dagrun for dataset_consumes_1_never_scheduled to None, run_after=None
[2025-09-29T14:42:06.643+0000] {logging_mixin.py:190} INFO - [2025-09-29T14:42:06.643+0000] {dag.py:4180} INFO - Setting next_dagrun for dataset_consumes_unknown_never_scheduled to None, run_after=None
[2025-09-29T14:42:06.644+0000] {logging_mixin.py:190} INFO - [2025-09-29T14:42:06.644+0000] {dag.py:4180} INFO - Setting next_dagrun for dataset_produces_1 to 2025-09-28 00:00:00+00:00, run_after=2025-09-29 00:00:00+00:00
[2025-09-29T14:42:06.646+0000] {logging_mixin.py:190} INFO - [2025-09-29T14:42:06.646+0000] {dag.py:4180} INFO - Setting next_dagrun for dataset_produces_2 to None, run_after=None
[2025-09-29T14:42:06.684+0000] {processor.py:208} INFO - Processing /home/airflow/.local/lib/python3.12/site-packages/airflow/example_dags/example_datasets.py took 0.202 seconds
[2025-09-29T14:42:36.873+0000] {processor.py:186} INFO - Started process (PID=1125) to work on /home/airflow/.local/lib/python3.12/site-packages/airflow/example_dags/example_datasets.py
[2025-09-29T14:42:36.875+0000] {processor.py:914} INFO - Processing file /home/airflow/.local/lib/python3.12/site-packages/airflow/example_dags/example_datasets.py for tasks to queue
[2025-09-29T14:42:36.877+0000] {logging_mixin.py:190} INFO - [2025-09-29T14:42:36.877+0000] {dagbag.py:588} INFO - Filling up the DagBag from /home/airflow/.local/lib/python3.12/site-packages/airflow/example_dags/example_datasets.py
[2025-09-29T14:42:36.948+0000] {processor.py:925} INFO - DAG(s) 'consume_1_or_2_with_dataset_expressions', 'dataset_consumes_unknown_never_scheduled', 'dataset_produces_1', 'consume_1_or_both_2_and_3_with_dataset_expressions', 'dataset_consumes_1_never_scheduled', 'dataset_consumes_1', 'conditional_dataset_and_time_based_timetable', 'dataset_consumes_1_and_2', 'consume_1_and_2_with_dataset_expressions', 'dataset_produces_2' retrieved from /home/airflow/.local/lib/python3.12/site-packages/airflow/example_dags/example_datasets.py
[2025-09-29T14:42:36.978+0000] {logging_mixin.py:190} INFO - [2025-09-29T14:42:36.978+0000] {dag.py:3239} INFO - Sync 10 DAGs
[2025-09-29T14:42:36.991+0000] {logging_mixin.py:190} INFO - [2025-09-29T14:42:36.991+0000] {dag.py:4180} INFO - Setting next_dagrun for conditional_dataset_and_time_based_timetable to 2025-09-24 01:00:00+00:00, run_after=2025-09-24 01:00:00+00:00
[2025-09-29T14:42:36.993+0000] {logging_mixin.py:190} INFO - [2025-09-29T14:42:36.993+0000] {dag.py:4180} INFO - Setting next_dagrun for consume_1_and_2_with_dataset_expressions to None, run_after=None
[2025-09-29T14:42:36.994+0000] {logging_mixin.py:190} INFO - [2025-09-29T14:42:36.994+0000] {dag.py:4180} INFO - Setting next_dagrun for consume_1_or_2_with_dataset_expressions to None, run_after=None
[2025-09-29T14:42:36.994+0000] {logging_mixin.py:190} INFO - [2025-09-29T14:42:36.994+0000] {dag.py:4180} INFO - Setting next_dagrun for consume_1_or_both_2_and_3_with_dataset_expressions to None, run_after=None
[2025-09-29T14:42:36.995+0000] {logging_mixin.py:190} INFO - [2025-09-29T14:42:36.995+0000] {dag.py:4180} INFO - Setting next_dagrun for dataset_consumes_1 to None, run_after=None
[2025-09-29T14:42:36.995+0000] {logging_mixin.py:190} INFO - [2025-09-29T14:42:36.995+0000] {dag.py:4180} INFO - Setting next_dagrun for dataset_consumes_1_and_2 to None, run_after=None
[2025-09-29T14:42:36.996+0000] {logging_mixin.py:190} INFO - [2025-09-29T14:42:36.996+0000] {dag.py:4180} INFO - Setting next_dagrun for dataset_consumes_1_never_scheduled to None, run_after=None
[2025-09-29T14:42:36.996+0000] {logging_mixin.py:190} INFO - [2025-09-29T14:42:36.996+0000] {dag.py:4180} INFO - Setting next_dagrun for dataset_consumes_unknown_never_scheduled to None, run_after=None
[2025-09-29T14:42:36.997+0000] {logging_mixin.py:190} INFO - [2025-09-29T14:42:36.997+0000] {dag.py:4180} INFO - Setting next_dagrun for dataset_produces_1 to 2025-09-28 00:00:00+00:00, run_after=2025-09-29 00:00:00+00:00
[2025-09-29T14:42:36.998+0000] {logging_mixin.py:190} INFO - [2025-09-29T14:42:36.998+0000] {dag.py:4180} INFO - Setting next_dagrun for dataset_produces_2 to None, run_after=None
[2025-09-29T14:42:37.012+0000] {processor.py:208} INFO - Processing /home/airflow/.local/lib/python3.12/site-packages/airflow/example_dags/example_datasets.py took 0.143 seconds
[2025-09-29T14:43:07.161+0000] {processor.py:186} INFO - Started process (PID=1189) to work on /home/airflow/.local/lib/python3.12/site-packages/airflow/example_dags/example_datasets.py
[2025-09-29T14:43:07.163+0000] {processor.py:914} INFO - Processing file /home/airflow/.local/lib/python3.12/site-packages/airflow/example_dags/example_datasets.py for tasks to queue
[2025-09-29T14:43:07.165+0000] {logging_mixin.py:190} INFO - [2025-09-29T14:43:07.165+0000] {dagbag.py:588} INFO - Filling up the DagBag from /home/airflow/.local/lib/python3.12/site-packages/airflow/example_dags/example_datasets.py
[2025-09-29T14:43:07.235+0000] {processor.py:925} INFO - DAG(s) 'consume_1_or_2_with_dataset_expressions', 'dataset_produces_1', 'dataset_consumes_1_never_scheduled', 'dataset_consumes_1', 'dataset_produces_2', 'conditional_dataset_and_time_based_timetable', 'dataset_consumes_unknown_never_scheduled', 'consume_1_or_both_2_and_3_with_dataset_expressions', 'consume_1_and_2_with_dataset_expressions', 'dataset_consumes_1_and_2' retrieved from /home/airflow/.local/lib/python3.12/site-packages/airflow/example_dags/example_datasets.py
[2025-09-29T14:43:07.263+0000] {logging_mixin.py:190} INFO - [2025-09-29T14:43:07.263+0000] {dag.py:3239} INFO - Sync 10 DAGs
[2025-09-29T14:43:07.277+0000] {logging_mixin.py:190} INFO - [2025-09-29T14:43:07.277+0000] {dag.py:4180} INFO - Setting next_dagrun for conditional_dataset_and_time_based_timetable to 2025-09-24 01:00:00+00:00, run_after=2025-09-24 01:00:00+00:00
[2025-09-29T14:43:07.279+0000] {logging_mixin.py:190} INFO - [2025-09-29T14:43:07.279+0000] {dag.py:4180} INFO - Setting next_dagrun for consume_1_and_2_with_dataset_expressions to None, run_after=None
[2025-09-29T14:43:07.280+0000] {logging_mixin.py:190} INFO - [2025-09-29T14:43:07.280+0000] {dag.py:4180} INFO - Setting next_dagrun for consume_1_or_2_with_dataset_expressions to None, run_after=None
[2025-09-29T14:43:07.281+0000] {logging_mixin.py:190} INFO - [2025-09-29T14:43:07.281+0000] {dag.py:4180} INFO - Setting next_dagrun for consume_1_or_both_2_and_3_with_dataset_expressions to None, run_after=None
[2025-09-29T14:43:07.282+0000] {logging_mixin.py:190} INFO - [2025-09-29T14:43:07.282+0000] {dag.py:4180} INFO - Setting next_dagrun for dataset_consumes_1 to None, run_after=None
[2025-09-29T14:43:07.283+0000] {logging_mixin.py:190} INFO - [2025-09-29T14:43:07.283+0000] {dag.py:4180} INFO - Setting next_dagrun for dataset_consumes_1_and_2 to None, run_after=None
[2025-09-29T14:43:07.285+0000] {logging_mixin.py:190} INFO - [2025-09-29T14:43:07.285+0000] {dag.py:4180} INFO - Setting next_dagrun for dataset_consumes_1_never_scheduled to None, run_after=None
[2025-09-29T14:43:07.286+0000] {logging_mixin.py:190} INFO - [2025-09-29T14:43:07.286+0000] {dag.py:4180} INFO - Setting next_dagrun for dataset_consumes_unknown_never_scheduled to None, run_after=None
[2025-09-29T14:43:07.287+0000] {logging_mixin.py:190} INFO - [2025-09-29T14:43:07.287+0000] {dag.py:4180} INFO - Setting next_dagrun for dataset_produces_1 to 2025-09-28 00:00:00+00:00, run_after=2025-09-29 00:00:00+00:00
[2025-09-29T14:43:07.288+0000] {logging_mixin.py:190} INFO - [2025-09-29T14:43:07.288+0000] {dag.py:4180} INFO - Setting next_dagrun for dataset_produces_2 to None, run_after=None
[2025-09-29T14:43:07.310+0000] {processor.py:208} INFO - Processing /home/airflow/.local/lib/python3.12/site-packages/airflow/example_dags/example_datasets.py took 0.152 seconds
[2025-09-29T14:43:37.372+0000] {processor.py:186} INFO - Started process (PID=1253) to work on /home/airflow/.local/lib/python3.12/site-packages/airflow/example_dags/example_datasets.py
[2025-09-29T14:43:37.373+0000] {processor.py:914} INFO - Processing file /home/airflow/.local/lib/python3.12/site-packages/airflow/example_dags/example_datasets.py for tasks to queue
[2025-09-29T14:43:37.374+0000] {logging_mixin.py:190} INFO - [2025-09-29T14:43:37.374+0000] {dagbag.py:588} INFO - Filling up the DagBag from /home/airflow/.local/lib/python3.12/site-packages/airflow/example_dags/example_datasets.py
[2025-09-29T14:43:37.443+0000] {processor.py:925} INFO - DAG(s) 'consume_1_or_2_with_dataset_expressions', 'dataset_produces_2', 'conditional_dataset_and_time_based_timetable', 'dataset_consumes_unknown_never_scheduled', 'dataset_consumes_1_never_scheduled', 'dataset_consumes_1_and_2', 'dataset_produces_1', 'dataset_consumes_1', 'consume_1_or_both_2_and_3_with_dataset_expressions', 'consume_1_and_2_with_dataset_expressions' retrieved from /home/airflow/.local/lib/python3.12/site-packages/airflow/example_dags/example_datasets.py
[2025-09-29T14:43:37.471+0000] {logging_mixin.py:190} INFO - [2025-09-29T14:43:37.471+0000] {dag.py:3239} INFO - Sync 10 DAGs
[2025-09-29T14:43:37.484+0000] {logging_mixin.py:190} INFO - [2025-09-29T14:43:37.484+0000] {dag.py:4180} INFO - Setting next_dagrun for conditional_dataset_and_time_based_timetable to 2025-09-24 01:00:00+00:00, run_after=2025-09-24 01:00:00+00:00
[2025-09-29T14:43:37.486+0000] {logging_mixin.py:190} INFO - [2025-09-29T14:43:37.486+0000] {dag.py:4180} INFO - Setting next_dagrun for consume_1_and_2_with_dataset_expressions to None, run_after=None
[2025-09-29T14:43:37.487+0000] {logging_mixin.py:190} INFO - [2025-09-29T14:43:37.487+0000] {dag.py:4180} INFO - Setting next_dagrun for consume_1_or_2_with_dataset_expressions to None, run_after=None
[2025-09-29T14:43:37.487+0000] {logging_mixin.py:190} INFO - [2025-09-29T14:43:37.487+0000] {dag.py:4180} INFO - Setting next_dagrun for consume_1_or_both_2_and_3_with_dataset_expressions to None, run_after=None
[2025-09-29T14:43:37.488+0000] {logging_mixin.py:190} INFO - [2025-09-29T14:43:37.488+0000] {dag.py:4180} INFO - Setting next_dagrun for dataset_consumes_1 to None, run_after=None
[2025-09-29T14:43:37.488+0000] {logging_mixin.py:190} INFO - [2025-09-29T14:43:37.488+0000] {dag.py:4180} INFO - Setting next_dagrun for dataset_consumes_1_and_2 to None, run_after=None
[2025-09-29T14:43:37.489+0000] {logging_mixin.py:190} INFO - [2025-09-29T14:43:37.489+0000] {dag.py:4180} INFO - Setting next_dagrun for dataset_consumes_1_never_scheduled to None, run_after=None
[2025-09-29T14:43:37.489+0000] {logging_mixin.py:190} INFO - [2025-09-29T14:43:37.489+0000] {dag.py:4180} INFO - Setting next_dagrun for dataset_consumes_unknown_never_scheduled to None, run_after=None
[2025-09-29T14:43:37.490+0000] {logging_mixin.py:190} INFO - [2025-09-29T14:43:37.490+0000] {dag.py:4180} INFO - Setting next_dagrun for dataset_produces_1 to 2025-09-28 00:00:00+00:00, run_after=2025-09-29 00:00:00+00:00
[2025-09-29T14:43:37.492+0000] {logging_mixin.py:190} INFO - [2025-09-29T14:43:37.492+0000] {dag.py:4180} INFO - Setting next_dagrun for dataset_produces_2 to None, run_after=None
[2025-09-29T14:43:37.518+0000] {processor.py:208} INFO - Processing /home/airflow/.local/lib/python3.12/site-packages/airflow/example_dags/example_datasets.py took 0.149 seconds
[2025-09-29T14:44:08.194+0000] {processor.py:186} INFO - Started process (PID=1317) to work on /home/airflow/.local/lib/python3.12/site-packages/airflow/example_dags/example_datasets.py
[2025-09-29T14:44:08.198+0000] {processor.py:914} INFO - Processing file /home/airflow/.local/lib/python3.12/site-packages/airflow/example_dags/example_datasets.py for tasks to queue
[2025-09-29T14:44:08.199+0000] {logging_mixin.py:190} INFO - [2025-09-29T14:44:08.199+0000] {dagbag.py:588} INFO - Filling up the DagBag from /home/airflow/.local/lib/python3.12/site-packages/airflow/example_dags/example_datasets.py
[2025-09-29T14:44:08.269+0000] {processor.py:925} INFO - DAG(s) 'consume_1_or_both_2_and_3_with_dataset_expressions', 'dataset_consumes_unknown_never_scheduled', 'dataset_produces_1', 'dataset_consumes_1_and_2', 'dataset_consumes_1', 'dataset_produces_2', 'consume_1_or_2_with_dataset_expressions', 'conditional_dataset_and_time_based_timetable', 'dataset_consumes_1_never_scheduled', 'consume_1_and_2_with_dataset_expressions' retrieved from /home/airflow/.local/lib/python3.12/site-packages/airflow/example_dags/example_datasets.py
[2025-09-29T14:44:08.305+0000] {logging_mixin.py:190} INFO - [2025-09-29T14:44:08.305+0000] {dag.py:3239} INFO - Sync 10 DAGs
[2025-09-29T14:44:08.323+0000] {logging_mixin.py:190} INFO - [2025-09-29T14:44:08.323+0000] {dag.py:4180} INFO - Setting next_dagrun for conditional_dataset_and_time_based_timetable to 2025-09-24 01:00:00+00:00, run_after=2025-09-24 01:00:00+00:00
[2025-09-29T14:44:08.326+0000] {logging_mixin.py:190} INFO - [2025-09-29T14:44:08.325+0000] {dag.py:4180} INFO - Setting next_dagrun for consume_1_and_2_with_dataset_expressions to None, run_after=None
[2025-09-29T14:44:08.326+0000] {logging_mixin.py:190} INFO - [2025-09-29T14:44:08.326+0000] {dag.py:4180} INFO - Setting next_dagrun for consume_1_or_2_with_dataset_expressions to None, run_after=None
[2025-09-29T14:44:08.328+0000] {logging_mixin.py:190} INFO - [2025-09-29T14:44:08.328+0000] {dag.py:4180} INFO - Setting next_dagrun for consume_1_or_both_2_and_3_with_dataset_expressions to None, run_after=None
[2025-09-29T14:44:08.329+0000] {logging_mixin.py:190} INFO - [2025-09-29T14:44:08.329+0000] {dag.py:4180} INFO - Setting next_dagrun for dataset_consumes_1 to None, run_after=None
[2025-09-29T14:44:08.330+0000] {logging_mixin.py:190} INFO - [2025-09-29T14:44:08.330+0000] {dag.py:4180} INFO - Setting next_dagrun for dataset_consumes_1_and_2 to None, run_after=None
[2025-09-29T14:44:08.331+0000] {logging_mixin.py:190} INFO - [2025-09-29T14:44:08.331+0000] {dag.py:4180} INFO - Setting next_dagrun for dataset_consumes_1_never_scheduled to None, run_after=None
[2025-09-29T14:44:08.331+0000] {logging_mixin.py:190} INFO - [2025-09-29T14:44:08.331+0000] {dag.py:4180} INFO - Setting next_dagrun for dataset_consumes_unknown_never_scheduled to None, run_after=None
[2025-09-29T14:44:08.333+0000] {logging_mixin.py:190} INFO - [2025-09-29T14:44:08.333+0000] {dag.py:4180} INFO - Setting next_dagrun for dataset_produces_1 to 2025-09-28 00:00:00+00:00, run_after=2025-09-29 00:00:00+00:00
[2025-09-29T14:44:08.336+0000] {logging_mixin.py:190} INFO - [2025-09-29T14:44:08.336+0000] {dag.py:4180} INFO - Setting next_dagrun for dataset_produces_2 to None, run_after=None
[2025-09-29T14:44:08.353+0000] {processor.py:208} INFO - Processing /home/airflow/.local/lib/python3.12/site-packages/airflow/example_dags/example_datasets.py took 0.161 seconds
[2025-09-29T14:44:38.610+0000] {processor.py:186} INFO - Started process (PID=1380) to work on /home/airflow/.local/lib/python3.12/site-packages/airflow/example_dags/example_datasets.py
[2025-09-29T14:44:38.611+0000] {processor.py:914} INFO - Processing file /home/airflow/.local/lib/python3.12/site-packages/airflow/example_dags/example_datasets.py for tasks to queue
[2025-09-29T14:44:38.612+0000] {logging_mixin.py:190} INFO - [2025-09-29T14:44:38.612+0000] {dagbag.py:588} INFO - Filling up the DagBag from /home/airflow/.local/lib/python3.12/site-packages/airflow/example_dags/example_datasets.py
[2025-09-29T14:44:38.691+0000] {processor.py:925} INFO - DAG(s) 'dataset_consumes_1_and_2', 'dataset_consumes_1_never_scheduled', 'consume_1_and_2_with_dataset_expressions', 'dataset_produces_1', 'consume_1_or_2_with_dataset_expressions', 'consume_1_or_both_2_and_3_with_dataset_expressions', 'dataset_consumes_1', 'dataset_produces_2', 'dataset_consumes_unknown_never_scheduled', 'conditional_dataset_and_time_based_timetable' retrieved from /home/airflow/.local/lib/python3.12/site-packages/airflow/example_dags/example_datasets.py
[2025-09-29T14:44:38.725+0000] {logging_mixin.py:190} INFO - [2025-09-29T14:44:38.725+0000] {dag.py:3239} INFO - Sync 10 DAGs
[2025-09-29T14:44:38.745+0000] {logging_mixin.py:190} INFO - [2025-09-29T14:44:38.745+0000] {dag.py:4180} INFO - Setting next_dagrun for conditional_dataset_and_time_based_timetable to 2025-09-24 01:00:00+00:00, run_after=2025-09-24 01:00:00+00:00
[2025-09-29T14:44:38.747+0000] {logging_mixin.py:190} INFO - [2025-09-29T14:44:38.747+0000] {dag.py:4180} INFO - Setting next_dagrun for consume_1_and_2_with_dataset_expressions to None, run_after=None
[2025-09-29T14:44:38.747+0000] {logging_mixin.py:190} INFO - [2025-09-29T14:44:38.747+0000] {dag.py:4180} INFO - Setting next_dagrun for consume_1_or_2_with_dataset_expressions to None, run_after=None
[2025-09-29T14:44:38.748+0000] {logging_mixin.py:190} INFO - [2025-09-29T14:44:38.748+0000] {dag.py:4180} INFO - Setting next_dagrun for consume_1_or_both_2_and_3_with_dataset_expressions to None, run_after=None
[2025-09-29T14:44:38.749+0000] {logging_mixin.py:190} INFO - [2025-09-29T14:44:38.749+0000] {dag.py:4180} INFO - Setting next_dagrun for dataset_consumes_1 to None, run_after=None
[2025-09-29T14:44:38.750+0000] {logging_mixin.py:190} INFO - [2025-09-29T14:44:38.750+0000] {dag.py:4180} INFO - Setting next_dagrun for dataset_consumes_1_and_2 to None, run_after=None
[2025-09-29T14:44:38.751+0000] {logging_mixin.py:190} INFO - [2025-09-29T14:44:38.751+0000] {dag.py:4180} INFO - Setting next_dagrun for dataset_consumes_1_never_scheduled to None, run_after=None
[2025-09-29T14:44:38.751+0000] {logging_mixin.py:190} INFO - [2025-09-29T14:44:38.751+0000] {dag.py:4180} INFO - Setting next_dagrun for dataset_consumes_unknown_never_scheduled to None, run_after=None
[2025-09-29T14:44:38.752+0000] {logging_mixin.py:190} INFO - [2025-09-29T14:44:38.752+0000] {dag.py:4180} INFO - Setting next_dagrun for dataset_produces_1 to 2025-09-28 00:00:00+00:00, run_after=2025-09-29 00:00:00+00:00
[2025-09-29T14:44:38.753+0000] {logging_mixin.py:190} INFO - [2025-09-29T14:44:38.753+0000] {dag.py:4180} INFO - Setting next_dagrun for dataset_produces_2 to None, run_after=None
[2025-09-29T14:44:38.781+0000] {processor.py:208} INFO - Processing /home/airflow/.local/lib/python3.12/site-packages/airflow/example_dags/example_datasets.py took 0.174 seconds
[2025-09-29T14:45:09.026+0000] {processor.py:186} INFO - Started process (PID=1445) to work on /home/airflow/.local/lib/python3.12/site-packages/airflow/example_dags/example_datasets.py
[2025-09-29T14:45:09.027+0000] {processor.py:914} INFO - Processing file /home/airflow/.local/lib/python3.12/site-packages/airflow/example_dags/example_datasets.py for tasks to queue
[2025-09-29T14:45:09.028+0000] {logging_mixin.py:190} INFO - [2025-09-29T14:45:09.028+0000] {dagbag.py:588} INFO - Filling up the DagBag from /home/airflow/.local/lib/python3.12/site-packages/airflow/example_dags/example_datasets.py
[2025-09-29T14:45:09.101+0000] {processor.py:925} INFO - DAG(s) 'dataset_consumes_1_never_scheduled', 'dataset_produces_2', 'consume_1_or_2_with_dataset_expressions', 'dataset_consumes_1', 'dataset_consumes_unknown_never_scheduled', 'dataset_produces_1', 'dataset_consumes_1_and_2', 'consume_1_or_both_2_and_3_with_dataset_expressions', 'consume_1_and_2_with_dataset_expressions', 'conditional_dataset_and_time_based_timetable' retrieved from /home/airflow/.local/lib/python3.12/site-packages/airflow/example_dags/example_datasets.py
[2025-09-29T14:45:09.125+0000] {logging_mixin.py:190} INFO - [2025-09-29T14:45:09.125+0000] {dag.py:3239} INFO - Sync 10 DAGs
[2025-09-29T14:45:09.140+0000] {logging_mixin.py:190} INFO - [2025-09-29T14:45:09.140+0000] {dag.py:4180} INFO - Setting next_dagrun for conditional_dataset_and_time_based_timetable to 2025-09-24 01:00:00+00:00, run_after=2025-09-24 01:00:00+00:00
[2025-09-29T14:45:09.142+0000] {logging_mixin.py:190} INFO - [2025-09-29T14:45:09.142+0000] {dag.py:4180} INFO - Setting next_dagrun for consume_1_and_2_with_dataset_expressions to None, run_after=None
[2025-09-29T14:45:09.143+0000] {logging_mixin.py:190} INFO - [2025-09-29T14:45:09.143+0000] {dag.py:4180} INFO - Setting next_dagrun for consume_1_or_2_with_dataset_expressions to None, run_after=None
[2025-09-29T14:45:09.145+0000] {logging_mixin.py:190} INFO - [2025-09-29T14:45:09.145+0000] {dag.py:4180} INFO - Setting next_dagrun for consume_1_or_both_2_and_3_with_dataset_expressions to None, run_after=None
[2025-09-29T14:45:09.148+0000] {logging_mixin.py:190} INFO - [2025-09-29T14:45:09.147+0000] {dag.py:4180} INFO - Setting next_dagrun for dataset_consumes_1 to None, run_after=None
[2025-09-29T14:45:09.149+0000] {logging_mixin.py:190} INFO - [2025-09-29T14:45:09.149+0000] {dag.py:4180} INFO - Setting next_dagrun for dataset_consumes_1_and_2 to None, run_after=None
[2025-09-29T14:45:09.151+0000] {logging_mixin.py:190} INFO - [2025-09-29T14:45:09.151+0000] {dag.py:4180} INFO - Setting next_dagrun for dataset_consumes_1_never_scheduled to None, run_after=None
[2025-09-29T14:45:09.152+0000] {logging_mixin.py:190} INFO - [2025-09-29T14:45:09.152+0000] {dag.py:4180} INFO - Setting next_dagrun for dataset_consumes_unknown_never_scheduled to None, run_after=None
[2025-09-29T14:45:09.155+0000] {logging_mixin.py:190} INFO - [2025-09-29T14:45:09.155+0000] {dag.py:4180} INFO - Setting next_dagrun for dataset_produces_1 to 2025-09-28 00:00:00+00:00, run_after=2025-09-29 00:00:00+00:00
[2025-09-29T14:45:09.157+0000] {logging_mixin.py:190} INFO - [2025-09-29T14:45:09.157+0000] {dag.py:4180} INFO - Setting next_dagrun for dataset_produces_2 to None, run_after=None
[2025-09-29T14:45:09.179+0000] {processor.py:208} INFO - Processing /home/airflow/.local/lib/python3.12/site-packages/airflow/example_dags/example_datasets.py took 0.156 seconds
[2025-09-29T14:45:39.470+0000] {processor.py:186} INFO - Started process (PID=1508) to work on /home/airflow/.local/lib/python3.12/site-packages/airflow/example_dags/example_datasets.py
[2025-09-29T14:45:39.471+0000] {processor.py:914} INFO - Processing file /home/airflow/.local/lib/python3.12/site-packages/airflow/example_dags/example_datasets.py for tasks to queue
[2025-09-29T14:45:39.473+0000] {logging_mixin.py:190} INFO - [2025-09-29T14:45:39.472+0000] {dagbag.py:588} INFO - Filling up the DagBag from /home/airflow/.local/lib/python3.12/site-packages/airflow/example_dags/example_datasets.py
[2025-09-29T14:45:39.549+0000] {processor.py:925} INFO - DAG(s) 'dataset_produces_1', 'consume_1_and_2_with_dataset_expressions', 'conditional_dataset_and_time_based_timetable', 'dataset_consumes_1_and_2', 'dataset_produces_2', 'dataset_consumes_1', 'dataset_consumes_unknown_never_scheduled', 'consume_1_or_both_2_and_3_with_dataset_expressions', 'dataset_consumes_1_never_scheduled', 'consume_1_or_2_with_dataset_expressions' retrieved from /home/airflow/.local/lib/python3.12/site-packages/airflow/example_dags/example_datasets.py
[2025-09-29T14:45:39.580+0000] {logging_mixin.py:190} INFO - [2025-09-29T14:45:39.579+0000] {dag.py:3239} INFO - Sync 10 DAGs
[2025-09-29T14:45:39.596+0000] {logging_mixin.py:190} INFO - [2025-09-29T14:45:39.596+0000] {dag.py:4180} INFO - Setting next_dagrun for conditional_dataset_and_time_based_timetable to 2025-09-24 01:00:00+00:00, run_after=2025-09-24 01:00:00+00:00
[2025-09-29T14:45:39.600+0000] {logging_mixin.py:190} INFO - [2025-09-29T14:45:39.600+0000] {dag.py:4180} INFO - Setting next_dagrun for consume_1_and_2_with_dataset_expressions to None, run_after=None
[2025-09-29T14:45:39.600+0000] {logging_mixin.py:190} INFO - [2025-09-29T14:45:39.600+0000] {dag.py:4180} INFO - Setting next_dagrun for consume_1_or_2_with_dataset_expressions to None, run_after=None
[2025-09-29T14:45:39.601+0000] {logging_mixin.py:190} INFO - [2025-09-29T14:45:39.601+0000] {dag.py:4180} INFO - Setting next_dagrun for consume_1_or_both_2_and_3_with_dataset_expressions to None, run_after=None
[2025-09-29T14:45:39.602+0000] {logging_mixin.py:190} INFO - [2025-09-29T14:45:39.602+0000] {dag.py:4180} INFO - Setting next_dagrun for dataset_consumes_1 to None, run_after=None
[2025-09-29T14:45:39.602+0000] {logging_mixin.py:190} INFO - [2025-09-29T14:45:39.602+0000] {dag.py:4180} INFO - Setting next_dagrun for dataset_consumes_1_and_2 to None, run_after=None
[2025-09-29T14:45:39.603+0000] {logging_mixin.py:190} INFO - [2025-09-29T14:45:39.603+0000] {dag.py:4180} INFO - Setting next_dagrun for dataset_consumes_1_never_scheduled to None, run_after=None
[2025-09-29T14:45:39.604+0000] {logging_mixin.py:190} INFO - [2025-09-29T14:45:39.604+0000] {dag.py:4180} INFO - Setting next_dagrun for dataset_consumes_unknown_never_scheduled to None, run_after=None
[2025-09-29T14:45:39.607+0000] {logging_mixin.py:190} INFO - [2025-09-29T14:45:39.607+0000] {dag.py:4180} INFO - Setting next_dagrun for dataset_produces_1 to 2025-09-28 00:00:00+00:00, run_after=2025-09-29 00:00:00+00:00
[2025-09-29T14:45:39.608+0000] {logging_mixin.py:190} INFO - [2025-09-29T14:45:39.608+0000] {dag.py:4180} INFO - Setting next_dagrun for dataset_produces_2 to None, run_after=None
[2025-09-29T14:45:39.634+0000] {processor.py:208} INFO - Processing /home/airflow/.local/lib/python3.12/site-packages/airflow/example_dags/example_datasets.py took 0.167 seconds
[2025-09-29T14:46:10.111+0000] {processor.py:186} INFO - Started process (PID=1572) to work on /home/airflow/.local/lib/python3.12/site-packages/airflow/example_dags/example_datasets.py
[2025-09-29T14:46:10.111+0000] {processor.py:914} INFO - Processing file /home/airflow/.local/lib/python3.12/site-packages/airflow/example_dags/example_datasets.py for tasks to queue
[2025-09-29T14:46:10.113+0000] {logging_mixin.py:190} INFO - [2025-09-29T14:46:10.112+0000] {dagbag.py:588} INFO - Filling up the DagBag from /home/airflow/.local/lib/python3.12/site-packages/airflow/example_dags/example_datasets.py
[2025-09-29T14:46:10.187+0000] {processor.py:925} INFO - DAG(s) 'consume_1_or_2_with_dataset_expressions', 'consume_1_or_both_2_and_3_with_dataset_expressions', 'conditional_dataset_and_time_based_timetable', 'dataset_produces_2', 'dataset_consumes_1_and_2', 'dataset_consumes_1_never_scheduled', 'consume_1_and_2_with_dataset_expressions', 'dataset_produces_1', 'dataset_consumes_unknown_never_scheduled', 'dataset_consumes_1' retrieved from /home/airflow/.local/lib/python3.12/site-packages/airflow/example_dags/example_datasets.py
[2025-09-29T14:46:10.216+0000] {logging_mixin.py:190} INFO - [2025-09-29T14:46:10.215+0000] {dag.py:3239} INFO - Sync 10 DAGs
[2025-09-29T14:46:10.229+0000] {logging_mixin.py:190} INFO - [2025-09-29T14:46:10.229+0000] {dag.py:4180} INFO - Setting next_dagrun for conditional_dataset_and_time_based_timetable to 2025-09-24 01:00:00+00:00, run_after=2025-09-24 01:00:00+00:00
[2025-09-29T14:46:10.233+0000] {logging_mixin.py:190} INFO - [2025-09-29T14:46:10.233+0000] {dag.py:4180} INFO - Setting next_dagrun for consume_1_and_2_with_dataset_expressions to None, run_after=None
[2025-09-29T14:46:10.234+0000] {logging_mixin.py:190} INFO - [2025-09-29T14:46:10.234+0000] {dag.py:4180} INFO - Setting next_dagrun for consume_1_or_2_with_dataset_expressions to None, run_after=None
[2025-09-29T14:46:10.235+0000] {logging_mixin.py:190} INFO - [2025-09-29T14:46:10.235+0000] {dag.py:4180} INFO - Setting next_dagrun for consume_1_or_both_2_and_3_with_dataset_expressions to None, run_after=None
[2025-09-29T14:46:10.236+0000] {logging_mixin.py:190} INFO - [2025-09-29T14:46:10.236+0000] {dag.py:4180} INFO - Setting next_dagrun for dataset_consumes_1 to None, run_after=None
[2025-09-29T14:46:10.236+0000] {logging_mixin.py:190} INFO - [2025-09-29T14:46:10.236+0000] {dag.py:4180} INFO - Setting next_dagrun for dataset_consumes_1_and_2 to None, run_after=None
[2025-09-29T14:46:10.238+0000] {logging_mixin.py:190} INFO - [2025-09-29T14:46:10.238+0000] {dag.py:4180} INFO - Setting next_dagrun for dataset_consumes_1_never_scheduled to None, run_after=None
[2025-09-29T14:46:10.238+0000] {logging_mixin.py:190} INFO - [2025-09-29T14:46:10.238+0000] {dag.py:4180} INFO - Setting next_dagrun for dataset_consumes_unknown_never_scheduled to None, run_after=None
[2025-09-29T14:46:10.240+0000] {logging_mixin.py:190} INFO - [2025-09-29T14:46:10.240+0000] {dag.py:4180} INFO - Setting next_dagrun for dataset_produces_1 to 2025-09-28 00:00:00+00:00, run_after=2025-09-29 00:00:00+00:00
[2025-09-29T14:46:10.241+0000] {logging_mixin.py:190} INFO - [2025-09-29T14:46:10.240+0000] {dag.py:4180} INFO - Setting next_dagrun for dataset_produces_2 to None, run_after=None
[2025-09-29T14:46:10.260+0000] {processor.py:208} INFO - Processing /home/airflow/.local/lib/python3.12/site-packages/airflow/example_dags/example_datasets.py took 0.153 seconds
[2025-09-29T14:46:40.588+0000] {processor.py:186} INFO - Started process (PID=1636) to work on /home/airflow/.local/lib/python3.12/site-packages/airflow/example_dags/example_datasets.py
[2025-09-29T14:46:40.589+0000] {processor.py:914} INFO - Processing file /home/airflow/.local/lib/python3.12/site-packages/airflow/example_dags/example_datasets.py for tasks to queue
[2025-09-29T14:46:40.592+0000] {logging_mixin.py:190} INFO - [2025-09-29T14:46:40.591+0000] {dagbag.py:588} INFO - Filling up the DagBag from /home/airflow/.local/lib/python3.12/site-packages/airflow/example_dags/example_datasets.py
[2025-09-29T14:46:40.671+0000] {processor.py:925} INFO - DAG(s) 'conditional_dataset_and_time_based_timetable', 'dataset_produces_1', 'consume_1_or_both_2_and_3_with_dataset_expressions', 'consume_1_and_2_with_dataset_expressions', 'dataset_consumes_1_never_scheduled', 'dataset_consumes_unknown_never_scheduled', 'dataset_consumes_1', 'dataset_produces_2', 'consume_1_or_2_with_dataset_expressions', 'dataset_consumes_1_and_2' retrieved from /home/airflow/.local/lib/python3.12/site-packages/airflow/example_dags/example_datasets.py
[2025-09-29T14:46:40.699+0000] {logging_mixin.py:190} INFO - [2025-09-29T14:46:40.699+0000] {dag.py:3239} INFO - Sync 10 DAGs
[2025-09-29T14:46:40.715+0000] {logging_mixin.py:190} INFO - [2025-09-29T14:46:40.715+0000] {dag.py:4180} INFO - Setting next_dagrun for conditional_dataset_and_time_based_timetable to 2025-09-24 01:00:00+00:00, run_after=2025-09-24 01:00:00+00:00
[2025-09-29T14:46:40.717+0000] {logging_mixin.py:190} INFO - [2025-09-29T14:46:40.717+0000] {dag.py:4180} INFO - Setting next_dagrun for consume_1_and_2_with_dataset_expressions to None, run_after=None
[2025-09-29T14:46:40.718+0000] {logging_mixin.py:190} INFO - [2025-09-29T14:46:40.718+0000] {dag.py:4180} INFO - Setting next_dagrun for consume_1_or_2_with_dataset_expressions to None, run_after=None
[2025-09-29T14:46:40.719+0000] {logging_mixin.py:190} INFO - [2025-09-29T14:46:40.719+0000] {dag.py:4180} INFO - Setting next_dagrun for consume_1_or_both_2_and_3_with_dataset_expressions to None, run_after=None
[2025-09-29T14:46:40.721+0000] {logging_mixin.py:190} INFO - [2025-09-29T14:46:40.721+0000] {dag.py:4180} INFO - Setting next_dagrun for dataset_consumes_1 to None, run_after=None
[2025-09-29T14:46:40.722+0000] {logging_mixin.py:190} INFO - [2025-09-29T14:46:40.722+0000] {dag.py:4180} INFO - Setting next_dagrun for dataset_consumes_1_and_2 to None, run_after=None
[2025-09-29T14:46:40.723+0000] {logging_mixin.py:190} INFO - [2025-09-29T14:46:40.722+0000] {dag.py:4180} INFO - Setting next_dagrun for dataset_consumes_1_never_scheduled to None, run_after=None
[2025-09-29T14:46:40.723+0000] {logging_mixin.py:190} INFO - [2025-09-29T14:46:40.723+0000] {dag.py:4180} INFO - Setting next_dagrun for dataset_consumes_unknown_never_scheduled to None, run_after=None
[2025-09-29T14:46:40.728+0000] {logging_mixin.py:190} INFO - [2025-09-29T14:46:40.728+0000] {dag.py:4180} INFO - Setting next_dagrun for dataset_produces_1 to 2025-09-28 00:00:00+00:00, run_after=2025-09-29 00:00:00+00:00
[2025-09-29T14:46:40.728+0000] {logging_mixin.py:190} INFO - [2025-09-29T14:46:40.728+0000] {dag.py:4180} INFO - Setting next_dagrun for dataset_produces_2 to None, run_after=None
[2025-09-29T14:46:40.758+0000] {processor.py:208} INFO - Processing /home/airflow/.local/lib/python3.12/site-packages/airflow/example_dags/example_datasets.py took 0.173 seconds
[2025-09-29T14:47:10.967+0000] {processor.py:186} INFO - Started process (PID=1700) to work on /home/airflow/.local/lib/python3.12/site-packages/airflow/example_dags/example_datasets.py
[2025-09-29T14:47:10.968+0000] {processor.py:914} INFO - Processing file /home/airflow/.local/lib/python3.12/site-packages/airflow/example_dags/example_datasets.py for tasks to queue
[2025-09-29T14:47:10.969+0000] {logging_mixin.py:190} INFO - [2025-09-29T14:47:10.969+0000] {dagbag.py:588} INFO - Filling up the DagBag from /home/airflow/.local/lib/python3.12/site-packages/airflow/example_dags/example_datasets.py
[2025-09-29T14:47:11.054+0000] {processor.py:925} INFO - DAG(s) 'dataset_consumes_1', 'consume_1_and_2_with_dataset_expressions', 'dataset_consumes_unknown_never_scheduled', 'dataset_produces_1', 'dataset_consumes_1_and_2', 'consume_1_or_2_with_dataset_expressions', 'conditional_dataset_and_time_based_timetable', 'consume_1_or_both_2_and_3_with_dataset_expressions', 'dataset_consumes_1_never_scheduled', 'dataset_produces_2' retrieved from /home/airflow/.local/lib/python3.12/site-packages/airflow/example_dags/example_datasets.py
[2025-09-29T14:47:11.085+0000] {logging_mixin.py:190} INFO - [2025-09-29T14:47:11.085+0000] {dag.py:3239} INFO - Sync 10 DAGs
[2025-09-29T14:47:11.100+0000] {logging_mixin.py:190} INFO - [2025-09-29T14:47:11.100+0000] {dag.py:4180} INFO - Setting next_dagrun for conditional_dataset_and_time_based_timetable to 2025-09-24 01:00:00+00:00, run_after=2025-09-24 01:00:00+00:00
[2025-09-29T14:47:11.103+0000] {logging_mixin.py:190} INFO - [2025-09-29T14:47:11.103+0000] {dag.py:4180} INFO - Setting next_dagrun for consume_1_and_2_with_dataset_expressions to None, run_after=None
[2025-09-29T14:47:11.104+0000] {logging_mixin.py:190} INFO - [2025-09-29T14:47:11.104+0000] {dag.py:4180} INFO - Setting next_dagrun for consume_1_or_2_with_dataset_expressions to None, run_after=None
[2025-09-29T14:47:11.105+0000] {logging_mixin.py:190} INFO - [2025-09-29T14:47:11.105+0000] {dag.py:4180} INFO - Setting next_dagrun for consume_1_or_both_2_and_3_with_dataset_expressions to None, run_after=None
[2025-09-29T14:47:11.106+0000] {logging_mixin.py:190} INFO - [2025-09-29T14:47:11.106+0000] {dag.py:4180} INFO - Setting next_dagrun for dataset_consumes_1 to None, run_after=None
[2025-09-29T14:47:11.107+0000] {logging_mixin.py:190} INFO - [2025-09-29T14:47:11.107+0000] {dag.py:4180} INFO - Setting next_dagrun for dataset_consumes_1_and_2 to None, run_after=None
[2025-09-29T14:47:11.108+0000] {logging_mixin.py:190} INFO - [2025-09-29T14:47:11.108+0000] {dag.py:4180} INFO - Setting next_dagrun for dataset_consumes_1_never_scheduled to None, run_after=None
[2025-09-29T14:47:11.109+0000] {logging_mixin.py:190} INFO - [2025-09-29T14:47:11.108+0000] {dag.py:4180} INFO - Setting next_dagrun for dataset_consumes_unknown_never_scheduled to None, run_after=None
[2025-09-29T14:47:11.110+0000] {logging_mixin.py:190} INFO - [2025-09-29T14:47:11.110+0000] {dag.py:4180} INFO - Setting next_dagrun for dataset_produces_1 to 2025-09-28 00:00:00+00:00, run_after=2025-09-29 00:00:00+00:00
[2025-09-29T14:47:11.110+0000] {logging_mixin.py:190} INFO - [2025-09-29T14:47:11.110+0000] {dag.py:4180} INFO - Setting next_dagrun for dataset_produces_2 to None, run_after=None
[2025-09-29T14:47:11.131+0000] {processor.py:208} INFO - Processing /home/airflow/.local/lib/python3.12/site-packages/airflow/example_dags/example_datasets.py took 0.167 seconds
[2025-09-29T14:47:41.347+0000] {processor.py:186} INFO - Started process (PID=1764) to work on /home/airflow/.local/lib/python3.12/site-packages/airflow/example_dags/example_datasets.py
[2025-09-29T14:47:41.348+0000] {processor.py:914} INFO - Processing file /home/airflow/.local/lib/python3.12/site-packages/airflow/example_dags/example_datasets.py for tasks to queue
[2025-09-29T14:47:41.351+0000] {logging_mixin.py:190} INFO - [2025-09-29T14:47:41.350+0000] {dagbag.py:588} INFO - Filling up the DagBag from /home/airflow/.local/lib/python3.12/site-packages/airflow/example_dags/example_datasets.py
[2025-09-29T14:47:41.422+0000] {processor.py:925} INFO - DAG(s) 'dataset_consumes_1', 'dataset_produces_1', 'conditional_dataset_and_time_based_timetable', 'consume_1_or_both_2_and_3_with_dataset_expressions', 'consume_1_and_2_with_dataset_expressions', 'dataset_consumes_1_and_2', 'dataset_produces_2', 'dataset_consumes_unknown_never_scheduled', 'dataset_consumes_1_never_scheduled', 'consume_1_or_2_with_dataset_expressions' retrieved from /home/airflow/.local/lib/python3.12/site-packages/airflow/example_dags/example_datasets.py
[2025-09-29T14:47:41.451+0000] {logging_mixin.py:190} INFO - [2025-09-29T14:47:41.451+0000] {dag.py:3239} INFO - Sync 10 DAGs
[2025-09-29T14:47:41.464+0000] {logging_mixin.py:190} INFO - [2025-09-29T14:47:41.463+0000] {dag.py:4180} INFO - Setting next_dagrun for conditional_dataset_and_time_based_timetable to 2025-09-24 01:00:00+00:00, run_after=2025-09-24 01:00:00+00:00
[2025-09-29T14:47:41.465+0000] {logging_mixin.py:190} INFO - [2025-09-29T14:47:41.465+0000] {dag.py:4180} INFO - Setting next_dagrun for consume_1_and_2_with_dataset_expressions to None, run_after=None
[2025-09-29T14:47:41.466+0000] {logging_mixin.py:190} INFO - [2025-09-29T14:47:41.466+0000] {dag.py:4180} INFO - Setting next_dagrun for consume_1_or_2_with_dataset_expressions to None, run_after=None
[2025-09-29T14:47:41.466+0000] {logging_mixin.py:190} INFO - [2025-09-29T14:47:41.466+0000] {dag.py:4180} INFO - Setting next_dagrun for consume_1_or_both_2_and_3_with_dataset_expressions to None, run_after=None
[2025-09-29T14:47:41.467+0000] {logging_mixin.py:190} INFO - [2025-09-29T14:47:41.467+0000] {dag.py:4180} INFO - Setting next_dagrun for dataset_consumes_1 to None, run_after=None
[2025-09-29T14:47:41.468+0000] {logging_mixin.py:190} INFO - [2025-09-29T14:47:41.468+0000] {dag.py:4180} INFO - Setting next_dagrun for dataset_consumes_1_and_2 to None, run_after=None
[2025-09-29T14:47:41.469+0000] {logging_mixin.py:190} INFO - [2025-09-29T14:47:41.469+0000] {dag.py:4180} INFO - Setting next_dagrun for dataset_consumes_1_never_scheduled to None, run_after=None
[2025-09-29T14:47:41.470+0000] {logging_mixin.py:190} INFO - [2025-09-29T14:47:41.470+0000] {dag.py:4180} INFO - Setting next_dagrun for dataset_consumes_unknown_never_scheduled to None, run_after=None
[2025-09-29T14:47:41.471+0000] {logging_mixin.py:190} INFO - [2025-09-29T14:47:41.471+0000] {dag.py:4180} INFO - Setting next_dagrun for dataset_produces_1 to 2025-09-28 00:00:00+00:00, run_after=2025-09-29 00:00:00+00:00
[2025-09-29T14:47:41.472+0000] {logging_mixin.py:190} INFO - [2025-09-29T14:47:41.472+0000] {dag.py:4180} INFO - Setting next_dagrun for dataset_produces_2 to None, run_after=None
[2025-09-29T14:47:41.499+0000] {processor.py:208} INFO - Processing /home/airflow/.local/lib/python3.12/site-packages/airflow/example_dags/example_datasets.py took 0.154 seconds
[2025-09-29T14:48:11.856+0000] {processor.py:186} INFO - Started process (PID=1828) to work on /home/airflow/.local/lib/python3.12/site-packages/airflow/example_dags/example_datasets.py
[2025-09-29T14:48:11.858+0000] {processor.py:914} INFO - Processing file /home/airflow/.local/lib/python3.12/site-packages/airflow/example_dags/example_datasets.py for tasks to queue
[2025-09-29T14:48:11.861+0000] {logging_mixin.py:190} INFO - [2025-09-29T14:48:11.861+0000] {dagbag.py:588} INFO - Filling up the DagBag from /home/airflow/.local/lib/python3.12/site-packages/airflow/example_dags/example_datasets.py
[2025-09-29T14:48:11.951+0000] {processor.py:925} INFO - DAG(s) 'dataset_produces_1', 'consume_1_or_both_2_and_3_with_dataset_expressions', 'consume_1_or_2_with_dataset_expressions', 'dataset_consumes_unknown_never_scheduled', 'dataset_consumes_1', 'conditional_dataset_and_time_based_timetable', 'dataset_consumes_1_and_2', 'consume_1_and_2_with_dataset_expressions', 'dataset_consumes_1_never_scheduled', 'dataset_produces_2' retrieved from /home/airflow/.local/lib/python3.12/site-packages/airflow/example_dags/example_datasets.py
[2025-09-29T14:48:11.978+0000] {logging_mixin.py:190} INFO - [2025-09-29T14:48:11.978+0000] {dag.py:3239} INFO - Sync 10 DAGs
[2025-09-29T14:48:11.992+0000] {logging_mixin.py:190} INFO - [2025-09-29T14:48:11.992+0000] {dag.py:4180} INFO - Setting next_dagrun for conditional_dataset_and_time_based_timetable to 2025-09-24 01:00:00+00:00, run_after=2025-09-24 01:00:00+00:00
[2025-09-29T14:48:11.994+0000] {logging_mixin.py:190} INFO - [2025-09-29T14:48:11.994+0000] {dag.py:4180} INFO - Setting next_dagrun for consume_1_and_2_with_dataset_expressions to None, run_after=None
[2025-09-29T14:48:11.995+0000] {logging_mixin.py:190} INFO - [2025-09-29T14:48:11.994+0000] {dag.py:4180} INFO - Setting next_dagrun for consume_1_or_2_with_dataset_expressions to None, run_after=None
[2025-09-29T14:48:11.997+0000] {logging_mixin.py:190} INFO - [2025-09-29T14:48:11.997+0000] {dag.py:4180} INFO - Setting next_dagrun for consume_1_or_both_2_and_3_with_dataset_expressions to None, run_after=None
[2025-09-29T14:48:11.998+0000] {logging_mixin.py:190} INFO - [2025-09-29T14:48:11.998+0000] {dag.py:4180} INFO - Setting next_dagrun for dataset_consumes_1 to None, run_after=None
[2025-09-29T14:48:12.000+0000] {logging_mixin.py:190} INFO - [2025-09-29T14:48:11.999+0000] {dag.py:4180} INFO - Setting next_dagrun for dataset_consumes_1_and_2 to None, run_after=None
[2025-09-29T14:48:12.000+0000] {logging_mixin.py:190} INFO - [2025-09-29T14:48:12.000+0000] {dag.py:4180} INFO - Setting next_dagrun for dataset_consumes_1_never_scheduled to None, run_after=None
[2025-09-29T14:48:12.001+0000] {logging_mixin.py:190} INFO - [2025-09-29T14:48:12.001+0000] {dag.py:4180} INFO - Setting next_dagrun for dataset_consumes_unknown_never_scheduled to None, run_after=None
[2025-09-29T14:48:12.002+0000] {logging_mixin.py:190} INFO - [2025-09-29T14:48:12.002+0000] {dag.py:4180} INFO - Setting next_dagrun for dataset_produces_1 to 2025-09-28 00:00:00+00:00, run_after=2025-09-29 00:00:00+00:00
[2025-09-29T14:48:12.003+0000] {logging_mixin.py:190} INFO - [2025-09-29T14:48:12.003+0000] {dag.py:4180} INFO - Setting next_dagrun for dataset_produces_2 to None, run_after=None
[2025-09-29T14:48:12.025+0000] {processor.py:208} INFO - Processing /home/airflow/.local/lib/python3.12/site-packages/airflow/example_dags/example_datasets.py took 0.174 seconds
[2025-09-29T14:48:42.129+0000] {processor.py:186} INFO - Started process (PID=1892) to work on /home/airflow/.local/lib/python3.12/site-packages/airflow/example_dags/example_datasets.py
[2025-09-29T14:48:42.130+0000] {processor.py:914} INFO - Processing file /home/airflow/.local/lib/python3.12/site-packages/airflow/example_dags/example_datasets.py for tasks to queue
[2025-09-29T14:48:42.131+0000] {logging_mixin.py:190} INFO - [2025-09-29T14:48:42.131+0000] {dagbag.py:588} INFO - Filling up the DagBag from /home/airflow/.local/lib/python3.12/site-packages/airflow/example_dags/example_datasets.py
[2025-09-29T14:48:42.206+0000] {processor.py:925} INFO - DAG(s) 'dataset_produces_2', 'dataset_consumes_1_and_2', 'dataset_produces_1', 'consume_1_and_2_with_dataset_expressions', 'conditional_dataset_and_time_based_timetable', 'dataset_consumes_unknown_never_scheduled', 'consume_1_or_2_with_dataset_expressions', 'dataset_consumes_1_never_scheduled', 'consume_1_or_both_2_and_3_with_dataset_expressions', 'dataset_consumes_1' retrieved from /home/airflow/.local/lib/python3.12/site-packages/airflow/example_dags/example_datasets.py
[2025-09-29T14:48:42.230+0000] {logging_mixin.py:190} INFO - [2025-09-29T14:48:42.230+0000] {dag.py:3239} INFO - Sync 10 DAGs
[2025-09-29T14:48:42.243+0000] {logging_mixin.py:190} INFO - [2025-09-29T14:48:42.243+0000] {dag.py:4180} INFO - Setting next_dagrun for conditional_dataset_and_time_based_timetable to 2025-09-24 01:00:00+00:00, run_after=2025-09-24 01:00:00+00:00
[2025-09-29T14:48:42.245+0000] {logging_mixin.py:190} INFO - [2025-09-29T14:48:42.245+0000] {dag.py:4180} INFO - Setting next_dagrun for consume_1_and_2_with_dataset_expressions to None, run_after=None
[2025-09-29T14:48:42.246+0000] {logging_mixin.py:190} INFO - [2025-09-29T14:48:42.246+0000] {dag.py:4180} INFO - Setting next_dagrun for consume_1_or_2_with_dataset_expressions to None, run_after=None
[2025-09-29T14:48:42.247+0000] {logging_mixin.py:190} INFO - [2025-09-29T14:48:42.247+0000] {dag.py:4180} INFO - Setting next_dagrun for consume_1_or_both_2_and_3_with_dataset_expressions to None, run_after=None
[2025-09-29T14:48:42.248+0000] {logging_mixin.py:190} INFO - [2025-09-29T14:48:42.248+0000] {dag.py:4180} INFO - Setting next_dagrun for dataset_consumes_1 to None, run_after=None
[2025-09-29T14:48:42.250+0000] {logging_mixin.py:190} INFO - [2025-09-29T14:48:42.250+0000] {dag.py:4180} INFO - Setting next_dagrun for dataset_consumes_1_and_2 to None, run_after=None
[2025-09-29T14:48:42.251+0000] {logging_mixin.py:190} INFO - [2025-09-29T14:48:42.251+0000] {dag.py:4180} INFO - Setting next_dagrun for dataset_consumes_1_never_scheduled to None, run_after=None
[2025-09-29T14:48:42.255+0000] {logging_mixin.py:190} INFO - [2025-09-29T14:48:42.255+0000] {dag.py:4180} INFO - Setting next_dagrun for dataset_consumes_unknown_never_scheduled to None, run_after=None
[2025-09-29T14:48:42.257+0000] {logging_mixin.py:190} INFO - [2025-09-29T14:48:42.257+0000] {dag.py:4180} INFO - Setting next_dagrun for dataset_produces_1 to 2025-09-28 00:00:00+00:00, run_after=2025-09-29 00:00:00+00:00
[2025-09-29T14:48:42.258+0000] {logging_mixin.py:190} INFO - [2025-09-29T14:48:42.258+0000] {dag.py:4180} INFO - Setting next_dagrun for dataset_produces_2 to None, run_after=None
[2025-09-29T14:48:42.275+0000] {processor.py:208} INFO - Processing /home/airflow/.local/lib/python3.12/site-packages/airflow/example_dags/example_datasets.py took 0.149 seconds
[2025-09-29T14:49:12.379+0000] {processor.py:186} INFO - Started process (PID=1958) to work on /home/airflow/.local/lib/python3.12/site-packages/airflow/example_dags/example_datasets.py
[2025-09-29T14:49:12.380+0000] {processor.py:914} INFO - Processing file /home/airflow/.local/lib/python3.12/site-packages/airflow/example_dags/example_datasets.py for tasks to queue
[2025-09-29T14:49:12.381+0000] {logging_mixin.py:190} INFO - [2025-09-29T14:49:12.381+0000] {dagbag.py:588} INFO - Filling up the DagBag from /home/airflow/.local/lib/python3.12/site-packages/airflow/example_dags/example_datasets.py
[2025-09-29T14:49:12.451+0000] {processor.py:925} INFO - DAG(s) 'dataset_consumes_unknown_never_scheduled', 'consume_1_and_2_with_dataset_expressions', 'dataset_produces_1', 'consume_1_or_both_2_and_3_with_dataset_expressions', 'dataset_consumes_1_never_scheduled', 'dataset_consumes_1_and_2', 'dataset_consumes_1', 'dataset_produces_2', 'conditional_dataset_and_time_based_timetable', 'consume_1_or_2_with_dataset_expressions' retrieved from /home/airflow/.local/lib/python3.12/site-packages/airflow/example_dags/example_datasets.py
[2025-09-29T14:49:12.471+0000] {logging_mixin.py:190} INFO - [2025-09-29T14:49:12.471+0000] {dag.py:3239} INFO - Sync 10 DAGs
[2025-09-29T14:49:12.483+0000] {logging_mixin.py:190} INFO - [2025-09-29T14:49:12.482+0000] {dag.py:4180} INFO - Setting next_dagrun for conditional_dataset_and_time_based_timetable to 2025-09-24 01:00:00+00:00, run_after=2025-09-24 01:00:00+00:00
[2025-09-29T14:49:12.485+0000] {logging_mixin.py:190} INFO - [2025-09-29T14:49:12.485+0000] {dag.py:4180} INFO - Setting next_dagrun for consume_1_and_2_with_dataset_expressions to None, run_after=None
[2025-09-29T14:49:12.485+0000] {logging_mixin.py:190} INFO - [2025-09-29T14:49:12.485+0000] {dag.py:4180} INFO - Setting next_dagrun for consume_1_or_2_with_dataset_expressions to None, run_after=None
[2025-09-29T14:49:12.486+0000] {logging_mixin.py:190} INFO - [2025-09-29T14:49:12.486+0000] {dag.py:4180} INFO - Setting next_dagrun for consume_1_or_both_2_and_3_with_dataset_expressions to None, run_after=None
[2025-09-29T14:49:12.487+0000] {logging_mixin.py:190} INFO - [2025-09-29T14:49:12.487+0000] {dag.py:4180} INFO - Setting next_dagrun for dataset_consumes_1 to None, run_after=None
[2025-09-29T14:49:12.487+0000] {logging_mixin.py:190} INFO - [2025-09-29T14:49:12.487+0000] {dag.py:4180} INFO - Setting next_dagrun for dataset_consumes_1_and_2 to None, run_after=None
[2025-09-29T14:49:12.488+0000] {logging_mixin.py:190} INFO - [2025-09-29T14:49:12.488+0000] {dag.py:4180} INFO - Setting next_dagrun for dataset_consumes_1_never_scheduled to None, run_after=None
[2025-09-29T14:49:12.488+0000] {logging_mixin.py:190} INFO - [2025-09-29T14:49:12.488+0000] {dag.py:4180} INFO - Setting next_dagrun for dataset_consumes_unknown_never_scheduled to None, run_after=None
[2025-09-29T14:49:12.490+0000] {logging_mixin.py:190} INFO - [2025-09-29T14:49:12.489+0000] {dag.py:4180} INFO - Setting next_dagrun for dataset_produces_1 to 2025-09-28 00:00:00+00:00, run_after=2025-09-29 00:00:00+00:00
[2025-09-29T14:49:12.490+0000] {logging_mixin.py:190} INFO - [2025-09-29T14:49:12.490+0000] {dag.py:4180} INFO - Setting next_dagrun for dataset_produces_2 to None, run_after=None
[2025-09-29T14:49:12.506+0000] {processor.py:208} INFO - Processing /home/airflow/.local/lib/python3.12/site-packages/airflow/example_dags/example_datasets.py took 0.130 seconds
[2025-09-29T14:49:42.795+0000] {processor.py:186} INFO - Started process (PID=2020) to work on /home/airflow/.local/lib/python3.12/site-packages/airflow/example_dags/example_datasets.py
[2025-09-29T14:49:42.796+0000] {processor.py:914} INFO - Processing file /home/airflow/.local/lib/python3.12/site-packages/airflow/example_dags/example_datasets.py for tasks to queue
[2025-09-29T14:49:42.798+0000] {logging_mixin.py:190} INFO - [2025-09-29T14:49:42.798+0000] {dagbag.py:588} INFO - Filling up the DagBag from /home/airflow/.local/lib/python3.12/site-packages/airflow/example_dags/example_datasets.py
[2025-09-29T14:49:42.868+0000] {processor.py:925} INFO - DAG(s) 'consume_1_or_2_with_dataset_expressions', 'dataset_consumes_1_never_scheduled', 'dataset_produces_1', 'dataset_consumes_unknown_never_scheduled', 'dataset_consumes_1_and_2', 'conditional_dataset_and_time_based_timetable', 'dataset_produces_2', 'dataset_consumes_1', 'consume_1_and_2_with_dataset_expressions', 'consume_1_or_both_2_and_3_with_dataset_expressions' retrieved from /home/airflow/.local/lib/python3.12/site-packages/airflow/example_dags/example_datasets.py
[2025-09-29T14:49:42.903+0000] {logging_mixin.py:190} INFO - [2025-09-29T14:49:42.902+0000] {dag.py:3239} INFO - Sync 10 DAGs
[2025-09-29T14:49:42.920+0000] {logging_mixin.py:190} INFO - [2025-09-29T14:49:42.920+0000] {dag.py:4180} INFO - Setting next_dagrun for conditional_dataset_and_time_based_timetable to 2025-09-24 01:00:00+00:00, run_after=2025-09-24 01:00:00+00:00
[2025-09-29T14:49:42.925+0000] {logging_mixin.py:190} INFO - [2025-09-29T14:49:42.925+0000] {dag.py:4180} INFO - Setting next_dagrun for consume_1_and_2_with_dataset_expressions to None, run_after=None
[2025-09-29T14:49:42.929+0000] {logging_mixin.py:190} INFO - [2025-09-29T14:49:42.929+0000] {dag.py:4180} INFO - Setting next_dagrun for consume_1_or_2_with_dataset_expressions to None, run_after=None
[2025-09-29T14:49:42.930+0000] {logging_mixin.py:190} INFO - [2025-09-29T14:49:42.930+0000] {dag.py:4180} INFO - Setting next_dagrun for consume_1_or_both_2_and_3_with_dataset_expressions to None, run_after=None
[2025-09-29T14:49:42.931+0000] {logging_mixin.py:190} INFO - [2025-09-29T14:49:42.931+0000] {dag.py:4180} INFO - Setting next_dagrun for dataset_consumes_1 to None, run_after=None
[2025-09-29T14:49:42.933+0000] {logging_mixin.py:190} INFO - [2025-09-29T14:49:42.933+0000] {dag.py:4180} INFO - Setting next_dagrun for dataset_consumes_1_and_2 to None, run_after=None
[2025-09-29T14:49:42.934+0000] {logging_mixin.py:190} INFO - [2025-09-29T14:49:42.934+0000] {dag.py:4180} INFO - Setting next_dagrun for dataset_consumes_1_never_scheduled to None, run_after=None
[2025-09-29T14:49:42.935+0000] {logging_mixin.py:190} INFO - [2025-09-29T14:49:42.935+0000] {dag.py:4180} INFO - Setting next_dagrun for dataset_consumes_unknown_never_scheduled to None, run_after=None
[2025-09-29T14:49:42.937+0000] {logging_mixin.py:190} INFO - [2025-09-29T14:49:42.937+0000] {dag.py:4180} INFO - Setting next_dagrun for dataset_produces_1 to 2025-09-28 00:00:00+00:00, run_after=2025-09-29 00:00:00+00:00
[2025-09-29T14:49:42.938+0000] {logging_mixin.py:190} INFO - [2025-09-29T14:49:42.938+0000] {dag.py:4180} INFO - Setting next_dagrun for dataset_produces_2 to None, run_after=None
[2025-09-29T14:49:42.963+0000] {processor.py:208} INFO - Processing /home/airflow/.local/lib/python3.12/site-packages/airflow/example_dags/example_datasets.py took 0.171 seconds
[2025-09-29T14:50:13.071+0000] {processor.py:186} INFO - Started process (PID=2084) to work on /home/airflow/.local/lib/python3.12/site-packages/airflow/example_dags/example_datasets.py
[2025-09-29T14:50:13.071+0000] {processor.py:914} INFO - Processing file /home/airflow/.local/lib/python3.12/site-packages/airflow/example_dags/example_datasets.py for tasks to queue
[2025-09-29T14:50:13.073+0000] {logging_mixin.py:190} INFO - [2025-09-29T14:50:13.073+0000] {dagbag.py:588} INFO - Filling up the DagBag from /home/airflow/.local/lib/python3.12/site-packages/airflow/example_dags/example_datasets.py
[2025-09-29T14:50:13.146+0000] {processor.py:925} INFO - DAG(s) 'dataset_produces_1', 'dataset_consumes_1_and_2', 'dataset_consumes_1', 'consume_1_or_both_2_and_3_with_dataset_expressions', 'dataset_consumes_1_never_scheduled', 'consume_1_and_2_with_dataset_expressions', 'conditional_dataset_and_time_based_timetable', 'dataset_consumes_unknown_never_scheduled', 'consume_1_or_2_with_dataset_expressions', 'dataset_produces_2' retrieved from /home/airflow/.local/lib/python3.12/site-packages/airflow/example_dags/example_datasets.py
[2025-09-29T14:50:13.173+0000] {logging_mixin.py:190} INFO - [2025-09-29T14:50:13.173+0000] {dag.py:3239} INFO - Sync 10 DAGs
[2025-09-29T14:50:13.187+0000] {logging_mixin.py:190} INFO - [2025-09-29T14:50:13.186+0000] {dag.py:4180} INFO - Setting next_dagrun for conditional_dataset_and_time_based_timetable to 2025-09-24 01:00:00+00:00, run_after=2025-09-24 01:00:00+00:00
[2025-09-29T14:50:13.189+0000] {logging_mixin.py:190} INFO - [2025-09-29T14:50:13.189+0000] {dag.py:4180} INFO - Setting next_dagrun for consume_1_and_2_with_dataset_expressions to None, run_after=None
[2025-09-29T14:50:13.190+0000] {logging_mixin.py:190} INFO - [2025-09-29T14:50:13.190+0000] {dag.py:4180} INFO - Setting next_dagrun for consume_1_or_2_with_dataset_expressions to None, run_after=None
[2025-09-29T14:50:13.190+0000] {logging_mixin.py:190} INFO - [2025-09-29T14:50:13.190+0000] {dag.py:4180} INFO - Setting next_dagrun for consume_1_or_both_2_and_3_with_dataset_expressions to None, run_after=None
[2025-09-29T14:50:13.191+0000] {logging_mixin.py:190} INFO - [2025-09-29T14:50:13.191+0000] {dag.py:4180} INFO - Setting next_dagrun for dataset_consumes_1 to None, run_after=None
[2025-09-29T14:50:13.192+0000] {logging_mixin.py:190} INFO - [2025-09-29T14:50:13.192+0000] {dag.py:4180} INFO - Setting next_dagrun for dataset_consumes_1_and_2 to None, run_after=None
[2025-09-29T14:50:13.192+0000] {logging_mixin.py:190} INFO - [2025-09-29T14:50:13.192+0000] {dag.py:4180} INFO - Setting next_dagrun for dataset_consumes_1_never_scheduled to None, run_after=None
[2025-09-29T14:50:13.193+0000] {logging_mixin.py:190} INFO - [2025-09-29T14:50:13.193+0000] {dag.py:4180} INFO - Setting next_dagrun for dataset_consumes_unknown_never_scheduled to None, run_after=None
[2025-09-29T14:50:13.194+0000] {logging_mixin.py:190} INFO - [2025-09-29T14:50:13.194+0000] {dag.py:4180} INFO - Setting next_dagrun for dataset_produces_1 to 2025-09-28 00:00:00+00:00, run_after=2025-09-29 00:00:00+00:00
[2025-09-29T14:50:13.195+0000] {logging_mixin.py:190} INFO - [2025-09-29T14:50:13.195+0000] {dag.py:4180} INFO - Setting next_dagrun for dataset_produces_2 to None, run_after=None
[2025-09-29T14:50:13.227+0000] {processor.py:208} INFO - Processing /home/airflow/.local/lib/python3.12/site-packages/airflow/example_dags/example_datasets.py took 0.159 seconds
[2025-09-29T14:50:43.412+0000] {processor.py:186} INFO - Started process (PID=2148) to work on /home/airflow/.local/lib/python3.12/site-packages/airflow/example_dags/example_datasets.py
[2025-09-29T14:50:43.413+0000] {processor.py:914} INFO - Processing file /home/airflow/.local/lib/python3.12/site-packages/airflow/example_dags/example_datasets.py for tasks to queue
[2025-09-29T14:50:43.414+0000] {logging_mixin.py:190} INFO - [2025-09-29T14:50:43.413+0000] {dagbag.py:588} INFO - Filling up the DagBag from /home/airflow/.local/lib/python3.12/site-packages/airflow/example_dags/example_datasets.py
[2025-09-29T14:50:43.484+0000] {processor.py:925} INFO - DAG(s) 'dataset_consumes_1', 'dataset_produces_1', 'consume_1_and_2_with_dataset_expressions', 'dataset_consumes_unknown_never_scheduled', 'dataset_consumes_1_never_scheduled', 'conditional_dataset_and_time_based_timetable', 'consume_1_or_both_2_and_3_with_dataset_expressions', 'dataset_produces_2', 'dataset_consumes_1_and_2', 'consume_1_or_2_with_dataset_expressions' retrieved from /home/airflow/.local/lib/python3.12/site-packages/airflow/example_dags/example_datasets.py
[2025-09-29T14:50:43.512+0000] {logging_mixin.py:190} INFO - [2025-09-29T14:50:43.511+0000] {dag.py:3239} INFO - Sync 10 DAGs
[2025-09-29T14:50:43.524+0000] {logging_mixin.py:190} INFO - [2025-09-29T14:50:43.524+0000] {dag.py:4180} INFO - Setting next_dagrun for conditional_dataset_and_time_based_timetable to 2025-09-24 01:00:00+00:00, run_after=2025-09-24 01:00:00+00:00
[2025-09-29T14:50:43.526+0000] {logging_mixin.py:190} INFO - [2025-09-29T14:50:43.526+0000] {dag.py:4180} INFO - Setting next_dagrun for consume_1_and_2_with_dataset_expressions to None, run_after=None
[2025-09-29T14:50:43.527+0000] {logging_mixin.py:190} INFO - [2025-09-29T14:50:43.527+0000] {dag.py:4180} INFO - Setting next_dagrun for consume_1_or_2_with_dataset_expressions to None, run_after=None
[2025-09-29T14:50:43.528+0000] {logging_mixin.py:190} INFO - [2025-09-29T14:50:43.528+0000] {dag.py:4180} INFO - Setting next_dagrun for consume_1_or_both_2_and_3_with_dataset_expressions to None, run_after=None
[2025-09-29T14:50:43.528+0000] {logging_mixin.py:190} INFO - [2025-09-29T14:50:43.528+0000] {dag.py:4180} INFO - Setting next_dagrun for dataset_consumes_1 to None, run_after=None
[2025-09-29T14:50:43.529+0000] {logging_mixin.py:190} INFO - [2025-09-29T14:50:43.529+0000] {dag.py:4180} INFO - Setting next_dagrun for dataset_consumes_1_and_2 to None, run_after=None
[2025-09-29T14:50:43.530+0000] {logging_mixin.py:190} INFO - [2025-09-29T14:50:43.530+0000] {dag.py:4180} INFO - Setting next_dagrun for dataset_consumes_1_never_scheduled to None, run_after=None
[2025-09-29T14:50:43.530+0000] {logging_mixin.py:190} INFO - [2025-09-29T14:50:43.530+0000] {dag.py:4180} INFO - Setting next_dagrun for dataset_consumes_unknown_never_scheduled to None, run_after=None
[2025-09-29T14:50:43.531+0000] {logging_mixin.py:190} INFO - [2025-09-29T14:50:43.531+0000] {dag.py:4180} INFO - Setting next_dagrun for dataset_produces_1 to 2025-09-28 00:00:00+00:00, run_after=2025-09-29 00:00:00+00:00
[2025-09-29T14:50:43.532+0000] {logging_mixin.py:190} INFO - [2025-09-29T14:50:43.532+0000] {dag.py:4180} INFO - Setting next_dagrun for dataset_produces_2 to None, run_after=None
[2025-09-29T14:50:43.551+0000] {processor.py:208} INFO - Processing /home/airflow/.local/lib/python3.12/site-packages/airflow/example_dags/example_datasets.py took 0.142 seconds
[2025-09-29T14:51:13.638+0000] {processor.py:186} INFO - Started process (PID=2212) to work on /home/airflow/.local/lib/python3.12/site-packages/airflow/example_dags/example_datasets.py
[2025-09-29T14:51:13.639+0000] {processor.py:914} INFO - Processing file /home/airflow/.local/lib/python3.12/site-packages/airflow/example_dags/example_datasets.py for tasks to queue
[2025-09-29T14:51:13.642+0000] {logging_mixin.py:190} INFO - [2025-09-29T14:51:13.642+0000] {dagbag.py:588} INFO - Filling up the DagBag from /home/airflow/.local/lib/python3.12/site-packages/airflow/example_dags/example_datasets.py
[2025-09-29T14:51:13.721+0000] {processor.py:925} INFO - DAG(s) 'dataset_produces_2', 'dataset_consumes_unknown_never_scheduled', 'consume_1_and_2_with_dataset_expressions', 'dataset_consumes_1_never_scheduled', 'consume_1_or_2_with_dataset_expressions', 'conditional_dataset_and_time_based_timetable', 'consume_1_or_both_2_and_3_with_dataset_expressions', 'dataset_consumes_1_and_2', 'dataset_consumes_1', 'dataset_produces_1' retrieved from /home/airflow/.local/lib/python3.12/site-packages/airflow/example_dags/example_datasets.py
[2025-09-29T14:51:13.749+0000] {logging_mixin.py:190} INFO - [2025-09-29T14:51:13.749+0000] {dag.py:3239} INFO - Sync 10 DAGs
[2025-09-29T14:51:13.762+0000] {logging_mixin.py:190} INFO - [2025-09-29T14:51:13.761+0000] {dag.py:4180} INFO - Setting next_dagrun for conditional_dataset_and_time_based_timetable to 2025-09-24 01:00:00+00:00, run_after=2025-09-24 01:00:00+00:00
[2025-09-29T14:51:13.764+0000] {logging_mixin.py:190} INFO - [2025-09-29T14:51:13.763+0000] {dag.py:4180} INFO - Setting next_dagrun for consume_1_and_2_with_dataset_expressions to None, run_after=None
[2025-09-29T14:51:13.764+0000] {logging_mixin.py:190} INFO - [2025-09-29T14:51:13.764+0000] {dag.py:4180} INFO - Setting next_dagrun for consume_1_or_2_with_dataset_expressions to None, run_after=None
[2025-09-29T14:51:13.765+0000] {logging_mixin.py:190} INFO - [2025-09-29T14:51:13.765+0000] {dag.py:4180} INFO - Setting next_dagrun for consume_1_or_both_2_and_3_with_dataset_expressions to None, run_after=None
[2025-09-29T14:51:13.765+0000] {logging_mixin.py:190} INFO - [2025-09-29T14:51:13.765+0000] {dag.py:4180} INFO - Setting next_dagrun for dataset_consumes_1 to None, run_after=None
[2025-09-29T14:51:13.766+0000] {logging_mixin.py:190} INFO - [2025-09-29T14:51:13.766+0000] {dag.py:4180} INFO - Setting next_dagrun for dataset_consumes_1_and_2 to None, run_after=None
[2025-09-29T14:51:13.766+0000] {logging_mixin.py:190} INFO - [2025-09-29T14:51:13.766+0000] {dag.py:4180} INFO - Setting next_dagrun for dataset_consumes_1_never_scheduled to None, run_after=None
[2025-09-29T14:51:13.767+0000] {logging_mixin.py:190} INFO - [2025-09-29T14:51:13.767+0000] {dag.py:4180} INFO - Setting next_dagrun for dataset_consumes_unknown_never_scheduled to None, run_after=None
[2025-09-29T14:51:13.768+0000] {logging_mixin.py:190} INFO - [2025-09-29T14:51:13.768+0000] {dag.py:4180} INFO - Setting next_dagrun for dataset_produces_1 to 2025-09-28 00:00:00+00:00, run_after=2025-09-29 00:00:00+00:00
[2025-09-29T14:51:13.769+0000] {logging_mixin.py:190} INFO - [2025-09-29T14:51:13.769+0000] {dag.py:4180} INFO - Setting next_dagrun for dataset_produces_2 to None, run_after=None
[2025-09-29T14:51:13.792+0000] {processor.py:208} INFO - Processing /home/airflow/.local/lib/python3.12/site-packages/airflow/example_dags/example_datasets.py took 0.158 seconds
[2025-09-29T14:51:43.994+0000] {processor.py:186} INFO - Started process (PID=2276) to work on /home/airflow/.local/lib/python3.12/site-packages/airflow/example_dags/example_datasets.py
[2025-09-29T14:51:43.995+0000] {processor.py:914} INFO - Processing file /home/airflow/.local/lib/python3.12/site-packages/airflow/example_dags/example_datasets.py for tasks to queue
[2025-09-29T14:51:43.997+0000] {logging_mixin.py:190} INFO - [2025-09-29T14:51:43.997+0000] {dagbag.py:588} INFO - Filling up the DagBag from /home/airflow/.local/lib/python3.12/site-packages/airflow/example_dags/example_datasets.py
[2025-09-29T14:51:44.068+0000] {processor.py:925} INFO - DAG(s) 'consume_1_and_2_with_dataset_expressions', 'consume_1_or_2_with_dataset_expressions', 'dataset_produces_2', 'conditional_dataset_and_time_based_timetable', 'dataset_consumes_1_never_scheduled', 'dataset_consumes_unknown_never_scheduled', 'consume_1_or_both_2_and_3_with_dataset_expressions', 'dataset_produces_1', 'dataset_consumes_1_and_2', 'dataset_consumes_1' retrieved from /home/airflow/.local/lib/python3.12/site-packages/airflow/example_dags/example_datasets.py
[2025-09-29T14:51:44.096+0000] {logging_mixin.py:190} INFO - [2025-09-29T14:51:44.096+0000] {dag.py:3239} INFO - Sync 10 DAGs
[2025-09-29T14:51:44.116+0000] {logging_mixin.py:190} INFO - [2025-09-29T14:51:44.115+0000] {dag.py:4180} INFO - Setting next_dagrun for conditional_dataset_and_time_based_timetable to 2025-09-24 01:00:00+00:00, run_after=2025-09-24 01:00:00+00:00
[2025-09-29T14:51:44.120+0000] {logging_mixin.py:190} INFO - [2025-09-29T14:51:44.120+0000] {dag.py:4180} INFO - Setting next_dagrun for consume_1_and_2_with_dataset_expressions to None, run_after=None
[2025-09-29T14:51:44.121+0000] {logging_mixin.py:190} INFO - [2025-09-29T14:51:44.121+0000] {dag.py:4180} INFO - Setting next_dagrun for consume_1_or_2_with_dataset_expressions to None, run_after=None
[2025-09-29T14:51:44.122+0000] {logging_mixin.py:190} INFO - [2025-09-29T14:51:44.122+0000] {dag.py:4180} INFO - Setting next_dagrun for consume_1_or_both_2_and_3_with_dataset_expressions to None, run_after=None
[2025-09-29T14:51:44.123+0000] {logging_mixin.py:190} INFO - [2025-09-29T14:51:44.123+0000] {dag.py:4180} INFO - Setting next_dagrun for dataset_consumes_1 to None, run_after=None
[2025-09-29T14:51:44.124+0000] {logging_mixin.py:190} INFO - [2025-09-29T14:51:44.124+0000] {dag.py:4180} INFO - Setting next_dagrun for dataset_consumes_1_and_2 to None, run_after=None
[2025-09-29T14:51:44.125+0000] {logging_mixin.py:190} INFO - [2025-09-29T14:51:44.125+0000] {dag.py:4180} INFO - Setting next_dagrun for dataset_consumes_1_never_scheduled to None, run_after=None
[2025-09-29T14:51:44.127+0000] {logging_mixin.py:190} INFO - [2025-09-29T14:51:44.127+0000] {dag.py:4180} INFO - Setting next_dagrun for dataset_consumes_unknown_never_scheduled to None, run_after=None
[2025-09-29T14:51:44.130+0000] {logging_mixin.py:190} INFO - [2025-09-29T14:51:44.129+0000] {dag.py:4180} INFO - Setting next_dagrun for dataset_produces_1 to 2025-09-28 00:00:00+00:00, run_after=2025-09-29 00:00:00+00:00
[2025-09-29T14:51:44.206+0000] {logging_mixin.py:190} INFO - [2025-09-29T14:51:44.206+0000] {dag.py:4180} INFO - Setting next_dagrun for dataset_produces_2 to None, run_after=None
[2025-09-29T14:51:44.249+0000] {processor.py:208} INFO - Processing /home/airflow/.local/lib/python3.12/site-packages/airflow/example_dags/example_datasets.py took 0.258 seconds
[2025-09-29T14:52:14.316+0000] {processor.py:186} INFO - Started process (PID=2339) to work on /home/airflow/.local/lib/python3.12/site-packages/airflow/example_dags/example_datasets.py
[2025-09-29T14:52:14.316+0000] {processor.py:914} INFO - Processing file /home/airflow/.local/lib/python3.12/site-packages/airflow/example_dags/example_datasets.py for tasks to queue
[2025-09-29T14:52:14.317+0000] {logging_mixin.py:190} INFO - [2025-09-29T14:52:14.317+0000] {dagbag.py:588} INFO - Filling up the DagBag from /home/airflow/.local/lib/python3.12/site-packages/airflow/example_dags/example_datasets.py
[2025-09-29T14:52:14.391+0000] {processor.py:925} INFO - DAG(s) 'dataset_consumes_1', 'conditional_dataset_and_time_based_timetable', 'dataset_produces_1', 'dataset_consumes_1_never_scheduled', 'dataset_produces_2', 'consume_1_and_2_with_dataset_expressions', 'consume_1_or_2_with_dataset_expressions', 'dataset_consumes_unknown_never_scheduled', 'consume_1_or_both_2_and_3_with_dataset_expressions', 'dataset_consumes_1_and_2' retrieved from /home/airflow/.local/lib/python3.12/site-packages/airflow/example_dags/example_datasets.py
[2025-09-29T14:52:14.414+0000] {logging_mixin.py:190} INFO - [2025-09-29T14:52:14.414+0000] {dag.py:3239} INFO - Sync 10 DAGs
[2025-09-29T14:52:14.428+0000] {logging_mixin.py:190} INFO - [2025-09-29T14:52:14.428+0000] {dag.py:4180} INFO - Setting next_dagrun for conditional_dataset_and_time_based_timetable to 2025-09-24 01:00:00+00:00, run_after=2025-09-24 01:00:00+00:00
[2025-09-29T14:52:14.433+0000] {logging_mixin.py:190} INFO - [2025-09-29T14:52:14.433+0000] {dag.py:4180} INFO - Setting next_dagrun for consume_1_and_2_with_dataset_expressions to None, run_after=None
[2025-09-29T14:52:14.437+0000] {logging_mixin.py:190} INFO - [2025-09-29T14:52:14.437+0000] {dag.py:4180} INFO - Setting next_dagrun for consume_1_or_2_with_dataset_expressions to None, run_after=None
[2025-09-29T14:52:14.438+0000] {logging_mixin.py:190} INFO - [2025-09-29T14:52:14.438+0000] {dag.py:4180} INFO - Setting next_dagrun for consume_1_or_both_2_and_3_with_dataset_expressions to None, run_after=None
[2025-09-29T14:52:14.438+0000] {logging_mixin.py:190} INFO - [2025-09-29T14:52:14.438+0000] {dag.py:4180} INFO - Setting next_dagrun for dataset_consumes_1 to None, run_after=None
[2025-09-29T14:52:14.439+0000] {logging_mixin.py:190} INFO - [2025-09-29T14:52:14.439+0000] {dag.py:4180} INFO - Setting next_dagrun for dataset_consumes_1_and_2 to None, run_after=None
[2025-09-29T14:52:14.441+0000] {logging_mixin.py:190} INFO - [2025-09-29T14:52:14.441+0000] {dag.py:4180} INFO - Setting next_dagrun for dataset_consumes_1_never_scheduled to None, run_after=None
[2025-09-29T14:52:14.442+0000] {logging_mixin.py:190} INFO - [2025-09-29T14:52:14.442+0000] {dag.py:4180} INFO - Setting next_dagrun for dataset_consumes_unknown_never_scheduled to None, run_after=None
[2025-09-29T14:52:14.443+0000] {logging_mixin.py:190} INFO - [2025-09-29T14:52:14.442+0000] {dag.py:4180} INFO - Setting next_dagrun for dataset_produces_1 to 2025-09-28 00:00:00+00:00, run_after=2025-09-29 00:00:00+00:00
[2025-09-29T14:52:14.445+0000] {logging_mixin.py:190} INFO - [2025-09-29T14:52:14.445+0000] {dag.py:4180} INFO - Setting next_dagrun for dataset_produces_2 to None, run_after=None
[2025-09-29T14:52:14.462+0000] {processor.py:208} INFO - Processing /home/airflow/.local/lib/python3.12/site-packages/airflow/example_dags/example_datasets.py took 0.149 seconds
[2025-09-29T14:52:44.490+0000] {processor.py:186} INFO - Started process (PID=2402) to work on /home/airflow/.local/lib/python3.12/site-packages/airflow/example_dags/example_datasets.py
[2025-09-29T14:52:44.491+0000] {processor.py:914} INFO - Processing file /home/airflow/.local/lib/python3.12/site-packages/airflow/example_dags/example_datasets.py for tasks to queue
[2025-09-29T14:52:44.492+0000] {logging_mixin.py:190} INFO - [2025-09-29T14:52:44.491+0000] {dagbag.py:588} INFO - Filling up the DagBag from /home/airflow/.local/lib/python3.12/site-packages/airflow/example_dags/example_datasets.py
[2025-09-29T14:52:44.563+0000] {processor.py:925} INFO - DAG(s) 'conditional_dataset_and_time_based_timetable', 'consume_1_and_2_with_dataset_expressions', 'dataset_consumes_unknown_never_scheduled', 'consume_1_or_2_with_dataset_expressions', 'dataset_consumes_1', 'dataset_produces_1', 'dataset_produces_2', 'dataset_consumes_1_never_scheduled', 'dataset_consumes_1_and_2', 'consume_1_or_both_2_and_3_with_dataset_expressions' retrieved from /home/airflow/.local/lib/python3.12/site-packages/airflow/example_dags/example_datasets.py
[2025-09-29T14:52:44.585+0000] {logging_mixin.py:190} INFO - [2025-09-29T14:52:44.585+0000] {dag.py:3239} INFO - Sync 10 DAGs
[2025-09-29T14:52:44.598+0000] {logging_mixin.py:190} INFO - [2025-09-29T14:52:44.598+0000] {dag.py:4180} INFO - Setting next_dagrun for conditional_dataset_and_time_based_timetable to 2025-09-24 01:00:00+00:00, run_after=2025-09-24 01:00:00+00:00
[2025-09-29T14:52:44.600+0000] {logging_mixin.py:190} INFO - [2025-09-29T14:52:44.599+0000] {dag.py:4180} INFO - Setting next_dagrun for consume_1_and_2_with_dataset_expressions to None, run_after=None
[2025-09-29T14:52:44.600+0000] {logging_mixin.py:190} INFO - [2025-09-29T14:52:44.600+0000] {dag.py:4180} INFO - Setting next_dagrun for consume_1_or_2_with_dataset_expressions to None, run_after=None
[2025-09-29T14:52:44.601+0000] {logging_mixin.py:190} INFO - [2025-09-29T14:52:44.601+0000] {dag.py:4180} INFO - Setting next_dagrun for consume_1_or_both_2_and_3_with_dataset_expressions to None, run_after=None
[2025-09-29T14:52:44.603+0000] {logging_mixin.py:190} INFO - [2025-09-29T14:52:44.602+0000] {dag.py:4180} INFO - Setting next_dagrun for dataset_consumes_1 to None, run_after=None
[2025-09-29T14:52:44.606+0000] {logging_mixin.py:190} INFO - [2025-09-29T14:52:44.605+0000] {dag.py:4180} INFO - Setting next_dagrun for dataset_consumes_1_and_2 to None, run_after=None
[2025-09-29T14:52:44.606+0000] {logging_mixin.py:190} INFO - [2025-09-29T14:52:44.606+0000] {dag.py:4180} INFO - Setting next_dagrun for dataset_consumes_1_never_scheduled to None, run_after=None
[2025-09-29T14:52:44.607+0000] {logging_mixin.py:190} INFO - [2025-09-29T14:52:44.607+0000] {dag.py:4180} INFO - Setting next_dagrun for dataset_consumes_unknown_never_scheduled to None, run_after=None
[2025-09-29T14:52:44.610+0000] {logging_mixin.py:190} INFO - [2025-09-29T14:52:44.610+0000] {dag.py:4180} INFO - Setting next_dagrun for dataset_produces_1 to 2025-09-28 00:00:00+00:00, run_after=2025-09-29 00:00:00+00:00
[2025-09-29T14:52:44.611+0000] {logging_mixin.py:190} INFO - [2025-09-29T14:52:44.610+0000] {dag.py:4180} INFO - Setting next_dagrun for dataset_produces_2 to None, run_after=None
[2025-09-29T14:52:44.627+0000] {processor.py:208} INFO - Processing /home/airflow/.local/lib/python3.12/site-packages/airflow/example_dags/example_datasets.py took 0.140 seconds
[2025-09-29T14:53:14.668+0000] {processor.py:186} INFO - Started process (PID=2465) to work on /home/airflow/.local/lib/python3.12/site-packages/airflow/example_dags/example_datasets.py
[2025-09-29T14:53:14.669+0000] {processor.py:914} INFO - Processing file /home/airflow/.local/lib/python3.12/site-packages/airflow/example_dags/example_datasets.py for tasks to queue
[2025-09-29T14:53:14.670+0000] {logging_mixin.py:190} INFO - [2025-09-29T14:53:14.670+0000] {dagbag.py:588} INFO - Filling up the DagBag from /home/airflow/.local/lib/python3.12/site-packages/airflow/example_dags/example_datasets.py
[2025-09-29T14:53:14.737+0000] {processor.py:925} INFO - DAG(s) 'dataset_produces_2', 'dataset_consumes_unknown_never_scheduled', 'dataset_consumes_1', 'dataset_produces_1', 'consume_1_and_2_with_dataset_expressions', 'conditional_dataset_and_time_based_timetable', 'consume_1_or_both_2_and_3_with_dataset_expressions', 'dataset_consumes_1_never_scheduled', 'dataset_consumes_1_and_2', 'consume_1_or_2_with_dataset_expressions' retrieved from /home/airflow/.local/lib/python3.12/site-packages/airflow/example_dags/example_datasets.py
[2025-09-29T14:53:14.766+0000] {logging_mixin.py:190} INFO - [2025-09-29T14:53:14.766+0000] {dag.py:3239} INFO - Sync 10 DAGs
[2025-09-29T14:53:14.783+0000] {logging_mixin.py:190} INFO - [2025-09-29T14:53:14.782+0000] {dag.py:4180} INFO - Setting next_dagrun for conditional_dataset_and_time_based_timetable to 2025-09-24 01:00:00+00:00, run_after=2025-09-24 01:00:00+00:00
[2025-09-29T14:53:14.788+0000] {logging_mixin.py:190} INFO - [2025-09-29T14:53:14.787+0000] {dag.py:4180} INFO - Setting next_dagrun for consume_1_and_2_with_dataset_expressions to None, run_after=None
[2025-09-29T14:53:14.788+0000] {logging_mixin.py:190} INFO - [2025-09-29T14:53:14.788+0000] {dag.py:4180} INFO - Setting next_dagrun for consume_1_or_2_with_dataset_expressions to None, run_after=None
[2025-09-29T14:53:14.789+0000] {logging_mixin.py:190} INFO - [2025-09-29T14:53:14.789+0000] {dag.py:4180} INFO - Setting next_dagrun for consume_1_or_both_2_and_3_with_dataset_expressions to None, run_after=None
[2025-09-29T14:53:14.789+0000] {logging_mixin.py:190} INFO - [2025-09-29T14:53:14.789+0000] {dag.py:4180} INFO - Setting next_dagrun for dataset_consumes_1 to None, run_after=None
[2025-09-29T14:53:14.790+0000] {logging_mixin.py:190} INFO - [2025-09-29T14:53:14.790+0000] {dag.py:4180} INFO - Setting next_dagrun for dataset_consumes_1_and_2 to None, run_after=None
[2025-09-29T14:53:14.790+0000] {logging_mixin.py:190} INFO - [2025-09-29T14:53:14.790+0000] {dag.py:4180} INFO - Setting next_dagrun for dataset_consumes_1_never_scheduled to None, run_after=None
[2025-09-29T14:53:14.791+0000] {logging_mixin.py:190} INFO - [2025-09-29T14:53:14.790+0000] {dag.py:4180} INFO - Setting next_dagrun for dataset_consumes_unknown_never_scheduled to None, run_after=None
[2025-09-29T14:53:14.792+0000] {logging_mixin.py:190} INFO - [2025-09-29T14:53:14.791+0000] {dag.py:4180} INFO - Setting next_dagrun for dataset_produces_1 to 2025-09-28 00:00:00+00:00, run_after=2025-09-29 00:00:00+00:00
[2025-09-29T14:53:14.792+0000] {logging_mixin.py:190} INFO - [2025-09-29T14:53:14.792+0000] {dag.py:4180} INFO - Setting next_dagrun for dataset_produces_2 to None, run_after=None
[2025-09-29T14:53:14.807+0000] {processor.py:208} INFO - Processing /home/airflow/.local/lib/python3.12/site-packages/airflow/example_dags/example_datasets.py took 0.143 seconds
[2025-09-29T14:53:44.975+0000] {processor.py:186} INFO - Started process (PID=2528) to work on /home/airflow/.local/lib/python3.12/site-packages/airflow/example_dags/example_datasets.py
[2025-09-29T14:53:44.976+0000] {processor.py:914} INFO - Processing file /home/airflow/.local/lib/python3.12/site-packages/airflow/example_dags/example_datasets.py for tasks to queue
[2025-09-29T14:53:44.977+0000] {logging_mixin.py:190} INFO - [2025-09-29T14:53:44.976+0000] {dagbag.py:588} INFO - Filling up the DagBag from /home/airflow/.local/lib/python3.12/site-packages/airflow/example_dags/example_datasets.py
[2025-09-29T14:53:45.047+0000] {processor.py:925} INFO - DAG(s) 'dataset_consumes_1_and_2', 'dataset_produces_2', 'conditional_dataset_and_time_based_timetable', 'dataset_consumes_1', 'dataset_consumes_unknown_never_scheduled', 'dataset_consumes_1_never_scheduled', 'consume_1_or_2_with_dataset_expressions', 'consume_1_or_both_2_and_3_with_dataset_expressions', 'dataset_produces_1', 'consume_1_and_2_with_dataset_expressions' retrieved from /home/airflow/.local/lib/python3.12/site-packages/airflow/example_dags/example_datasets.py
[2025-09-29T14:53:45.069+0000] {logging_mixin.py:190} INFO - [2025-09-29T14:53:45.069+0000] {dag.py:3239} INFO - Sync 10 DAGs
[2025-09-29T14:53:45.082+0000] {logging_mixin.py:190} INFO - [2025-09-29T14:53:45.082+0000] {dag.py:4180} INFO - Setting next_dagrun for conditional_dataset_and_time_based_timetable to 2025-09-24 01:00:00+00:00, run_after=2025-09-24 01:00:00+00:00
[2025-09-29T14:53:45.084+0000] {logging_mixin.py:190} INFO - [2025-09-29T14:53:45.084+0000] {dag.py:4180} INFO - Setting next_dagrun for consume_1_and_2_with_dataset_expressions to None, run_after=None
[2025-09-29T14:53:45.084+0000] {logging_mixin.py:190} INFO - [2025-09-29T14:53:45.084+0000] {dag.py:4180} INFO - Setting next_dagrun for consume_1_or_2_with_dataset_expressions to None, run_after=None
[2025-09-29T14:53:45.085+0000] {logging_mixin.py:190} INFO - [2025-09-29T14:53:45.085+0000] {dag.py:4180} INFO - Setting next_dagrun for consume_1_or_both_2_and_3_with_dataset_expressions to None, run_after=None
[2025-09-29T14:53:45.085+0000] {logging_mixin.py:190} INFO - [2025-09-29T14:53:45.085+0000] {dag.py:4180} INFO - Setting next_dagrun for dataset_consumes_1 to None, run_after=None
[2025-09-29T14:53:45.086+0000] {logging_mixin.py:190} INFO - [2025-09-29T14:53:45.086+0000] {dag.py:4180} INFO - Setting next_dagrun for dataset_consumes_1_and_2 to None, run_after=None
[2025-09-29T14:53:45.087+0000] {logging_mixin.py:190} INFO - [2025-09-29T14:53:45.086+0000] {dag.py:4180} INFO - Setting next_dagrun for dataset_consumes_1_never_scheduled to None, run_after=None
[2025-09-29T14:53:45.087+0000] {logging_mixin.py:190} INFO - [2025-09-29T14:53:45.087+0000] {dag.py:4180} INFO - Setting next_dagrun for dataset_consumes_unknown_never_scheduled to None, run_after=None
[2025-09-29T14:53:45.088+0000] {logging_mixin.py:190} INFO - [2025-09-29T14:53:45.088+0000] {dag.py:4180} INFO - Setting next_dagrun for dataset_produces_1 to 2025-09-28 00:00:00+00:00, run_after=2025-09-29 00:00:00+00:00
[2025-09-29T14:53:45.089+0000] {logging_mixin.py:190} INFO - [2025-09-29T14:53:45.089+0000] {dag.py:4180} INFO - Setting next_dagrun for dataset_produces_2 to None, run_after=None
[2025-09-29T14:53:45.108+0000] {processor.py:208} INFO - Processing /home/airflow/.local/lib/python3.12/site-packages/airflow/example_dags/example_datasets.py took 0.136 seconds
[2025-09-29T14:54:15.216+0000] {processor.py:186} INFO - Started process (PID=2591) to work on /home/airflow/.local/lib/python3.12/site-packages/airflow/example_dags/example_datasets.py
[2025-09-29T14:54:15.217+0000] {processor.py:914} INFO - Processing file /home/airflow/.local/lib/python3.12/site-packages/airflow/example_dags/example_datasets.py for tasks to queue
[2025-09-29T14:54:15.217+0000] {logging_mixin.py:190} INFO - [2025-09-29T14:54:15.217+0000] {dagbag.py:588} INFO - Filling up the DagBag from /home/airflow/.local/lib/python3.12/site-packages/airflow/example_dags/example_datasets.py
[2025-09-29T14:54:15.287+0000] {processor.py:925} INFO - DAG(s) 'dataset_consumes_1_never_scheduled', 'consume_1_and_2_with_dataset_expressions', 'consume_1_or_2_with_dataset_expressions', 'dataset_consumes_1_and_2', 'conditional_dataset_and_time_based_timetable', 'dataset_consumes_unknown_never_scheduled', 'dataset_consumes_1', 'dataset_produces_2', 'dataset_produces_1', 'consume_1_or_both_2_and_3_with_dataset_expressions' retrieved from /home/airflow/.local/lib/python3.12/site-packages/airflow/example_dags/example_datasets.py
[2025-09-29T14:54:15.310+0000] {logging_mixin.py:190} INFO - [2025-09-29T14:54:15.310+0000] {dag.py:3239} INFO - Sync 10 DAGs
[2025-09-29T14:54:15.324+0000] {logging_mixin.py:190} INFO - [2025-09-29T14:54:15.324+0000] {dag.py:4180} INFO - Setting next_dagrun for conditional_dataset_and_time_based_timetable to 2025-09-24 01:00:00+00:00, run_after=2025-09-24 01:00:00+00:00
[2025-09-29T14:54:15.327+0000] {logging_mixin.py:190} INFO - [2025-09-29T14:54:15.326+0000] {dag.py:4180} INFO - Setting next_dagrun for consume_1_and_2_with_dataset_expressions to None, run_after=None
[2025-09-29T14:54:15.328+0000] {logging_mixin.py:190} INFO - [2025-09-29T14:54:15.327+0000] {dag.py:4180} INFO - Setting next_dagrun for consume_1_or_2_with_dataset_expressions to None, run_after=None
[2025-09-29T14:54:15.329+0000] {logging_mixin.py:190} INFO - [2025-09-29T14:54:15.329+0000] {dag.py:4180} INFO - Setting next_dagrun for consume_1_or_both_2_and_3_with_dataset_expressions to None, run_after=None
[2025-09-29T14:54:15.330+0000] {logging_mixin.py:190} INFO - [2025-09-29T14:54:15.330+0000] {dag.py:4180} INFO - Setting next_dagrun for dataset_consumes_1 to None, run_after=None
[2025-09-29T14:54:15.331+0000] {logging_mixin.py:190} INFO - [2025-09-29T14:54:15.331+0000] {dag.py:4180} INFO - Setting next_dagrun for dataset_consumes_1_and_2 to None, run_after=None
[2025-09-29T14:54:15.332+0000] {logging_mixin.py:190} INFO - [2025-09-29T14:54:15.331+0000] {dag.py:4180} INFO - Setting next_dagrun for dataset_consumes_1_never_scheduled to None, run_after=None
[2025-09-29T14:54:15.332+0000] {logging_mixin.py:190} INFO - [2025-09-29T14:54:15.332+0000] {dag.py:4180} INFO - Setting next_dagrun for dataset_consumes_unknown_never_scheduled to None, run_after=None
[2025-09-29T14:54:15.334+0000] {logging_mixin.py:190} INFO - [2025-09-29T14:54:15.334+0000] {dag.py:4180} INFO - Setting next_dagrun for dataset_produces_1 to 2025-09-28 00:00:00+00:00, run_after=2025-09-29 00:00:00+00:00
[2025-09-29T14:54:15.336+0000] {logging_mixin.py:190} INFO - [2025-09-29T14:54:15.336+0000] {dag.py:4180} INFO - Setting next_dagrun for dataset_produces_2 to None, run_after=None
[2025-09-29T14:54:15.353+0000] {processor.py:208} INFO - Processing /home/airflow/.local/lib/python3.12/site-packages/airflow/example_dags/example_datasets.py took 0.139 seconds
[2025-09-29T14:54:45.618+0000] {processor.py:186} INFO - Started process (PID=2654) to work on /home/airflow/.local/lib/python3.12/site-packages/airflow/example_dags/example_datasets.py
[2025-09-29T14:54:45.618+0000] {processor.py:914} INFO - Processing file /home/airflow/.local/lib/python3.12/site-packages/airflow/example_dags/example_datasets.py for tasks to queue
[2025-09-29T14:54:45.619+0000] {logging_mixin.py:190} INFO - [2025-09-29T14:54:45.619+0000] {dagbag.py:588} INFO - Filling up the DagBag from /home/airflow/.local/lib/python3.12/site-packages/airflow/example_dags/example_datasets.py
[2025-09-29T14:54:45.689+0000] {processor.py:925} INFO - DAG(s) 'conditional_dataset_and_time_based_timetable', 'consume_1_or_2_with_dataset_expressions', 'dataset_consumes_1', 'dataset_produces_2', 'consume_1_or_both_2_and_3_with_dataset_expressions', 'dataset_consumes_1_never_scheduled', 'dataset_produces_1', 'consume_1_and_2_with_dataset_expressions', 'dataset_consumes_1_and_2', 'dataset_consumes_unknown_never_scheduled' retrieved from /home/airflow/.local/lib/python3.12/site-packages/airflow/example_dags/example_datasets.py
[2025-09-29T14:54:45.712+0000] {logging_mixin.py:190} INFO - [2025-09-29T14:54:45.712+0000] {dag.py:3239} INFO - Sync 10 DAGs
[2025-09-29T14:54:45.725+0000] {logging_mixin.py:190} INFO - [2025-09-29T14:54:45.725+0000] {dag.py:4180} INFO - Setting next_dagrun for conditional_dataset_and_time_based_timetable to 2025-09-24 01:00:00+00:00, run_after=2025-09-24 01:00:00+00:00
[2025-09-29T14:54:45.728+0000] {logging_mixin.py:190} INFO - [2025-09-29T14:54:45.728+0000] {dag.py:4180} INFO - Setting next_dagrun for consume_1_and_2_with_dataset_expressions to None, run_after=None
[2025-09-29T14:54:45.729+0000] {logging_mixin.py:190} INFO - [2025-09-29T14:54:45.729+0000] {dag.py:4180} INFO - Setting next_dagrun for consume_1_or_2_with_dataset_expressions to None, run_after=None
[2025-09-29T14:54:45.730+0000] {logging_mixin.py:190} INFO - [2025-09-29T14:54:45.730+0000] {dag.py:4180} INFO - Setting next_dagrun for consume_1_or_both_2_and_3_with_dataset_expressions to None, run_after=None
[2025-09-29T14:54:45.731+0000] {logging_mixin.py:190} INFO - [2025-09-29T14:54:45.730+0000] {dag.py:4180} INFO - Setting next_dagrun for dataset_consumes_1 to None, run_after=None
[2025-09-29T14:54:45.732+0000] {logging_mixin.py:190} INFO - [2025-09-29T14:54:45.732+0000] {dag.py:4180} INFO - Setting next_dagrun for dataset_consumes_1_and_2 to None, run_after=None
[2025-09-29T14:54:45.733+0000] {logging_mixin.py:190} INFO - [2025-09-29T14:54:45.733+0000] {dag.py:4180} INFO - Setting next_dagrun for dataset_consumes_1_never_scheduled to None, run_after=None
[2025-09-29T14:54:45.734+0000] {logging_mixin.py:190} INFO - [2025-09-29T14:54:45.734+0000] {dag.py:4180} INFO - Setting next_dagrun for dataset_consumes_unknown_never_scheduled to None, run_after=None
[2025-09-29T14:54:45.735+0000] {logging_mixin.py:190} INFO - [2025-09-29T14:54:45.735+0000] {dag.py:4180} INFO - Setting next_dagrun for dataset_produces_1 to 2025-09-28 00:00:00+00:00, run_after=2025-09-29 00:00:00+00:00
[2025-09-29T14:54:45.739+0000] {logging_mixin.py:190} INFO - [2025-09-29T14:54:45.739+0000] {dag.py:4180} INFO - Setting next_dagrun for dataset_produces_2 to None, run_after=None
[2025-09-29T14:54:45.754+0000] {processor.py:208} INFO - Processing /home/airflow/.local/lib/python3.12/site-packages/airflow/example_dags/example_datasets.py took 0.139 seconds
[2025-09-29T14:55:16.057+0000] {processor.py:186} INFO - Started process (PID=2717) to work on /home/airflow/.local/lib/python3.12/site-packages/airflow/example_dags/example_datasets.py
[2025-09-29T14:55:16.058+0000] {processor.py:914} INFO - Processing file /home/airflow/.local/lib/python3.12/site-packages/airflow/example_dags/example_datasets.py for tasks to queue
[2025-09-29T14:55:16.059+0000] {logging_mixin.py:190} INFO - [2025-09-29T14:55:16.059+0000] {dagbag.py:588} INFO - Filling up the DagBag from /home/airflow/.local/lib/python3.12/site-packages/airflow/example_dags/example_datasets.py
[2025-09-29T14:55:16.126+0000] {processor.py:925} INFO - DAG(s) 'dataset_consumes_1', 'dataset_consumes_1_and_2', 'consume_1_or_2_with_dataset_expressions', 'dataset_produces_2', 'consume_1_or_both_2_and_3_with_dataset_expressions', 'dataset_consumes_1_never_scheduled', 'dataset_consumes_unknown_never_scheduled', 'conditional_dataset_and_time_based_timetable', 'dataset_produces_1', 'consume_1_and_2_with_dataset_expressions' retrieved from /home/airflow/.local/lib/python3.12/site-packages/airflow/example_dags/example_datasets.py
[2025-09-29T14:55:16.164+0000] {logging_mixin.py:190} INFO - [2025-09-29T14:55:16.164+0000] {dag.py:3239} INFO - Sync 10 DAGs
[2025-09-29T14:55:16.285+0000] {logging_mixin.py:190} INFO - [2025-09-29T14:55:16.285+0000] {dag.py:4180} INFO - Setting next_dagrun for conditional_dataset_and_time_based_timetable to 2025-09-24 01:00:00+00:00, run_after=2025-09-24 01:00:00+00:00
[2025-09-29T14:55:16.292+0000] {logging_mixin.py:190} INFO - [2025-09-29T14:55:16.292+0000] {dag.py:4180} INFO - Setting next_dagrun for consume_1_and_2_with_dataset_expressions to None, run_after=None
[2025-09-29T14:55:16.292+0000] {logging_mixin.py:190} INFO - [2025-09-29T14:55:16.292+0000] {dag.py:4180} INFO - Setting next_dagrun for consume_1_or_2_with_dataset_expressions to None, run_after=None
[2025-09-29T14:55:16.293+0000] {logging_mixin.py:190} INFO - [2025-09-29T14:55:16.293+0000] {dag.py:4180} INFO - Setting next_dagrun for consume_1_or_both_2_and_3_with_dataset_expressions to None, run_after=None
[2025-09-29T14:55:16.293+0000] {logging_mixin.py:190} INFO - [2025-09-29T14:55:16.293+0000] {dag.py:4180} INFO - Setting next_dagrun for dataset_consumes_1 to None, run_after=None
[2025-09-29T14:55:16.294+0000] {logging_mixin.py:190} INFO - [2025-09-29T14:55:16.294+0000] {dag.py:4180} INFO - Setting next_dagrun for dataset_consumes_1_and_2 to None, run_after=None
[2025-09-29T14:55:16.294+0000] {logging_mixin.py:190} INFO - [2025-09-29T14:55:16.294+0000] {dag.py:4180} INFO - Setting next_dagrun for dataset_consumes_1_never_scheduled to None, run_after=None
[2025-09-29T14:55:16.295+0000] {logging_mixin.py:190} INFO - [2025-09-29T14:55:16.295+0000] {dag.py:4180} INFO - Setting next_dagrun for dataset_consumes_unknown_never_scheduled to None, run_after=None
[2025-09-29T14:55:16.296+0000] {logging_mixin.py:190} INFO - [2025-09-29T14:55:16.296+0000] {dag.py:4180} INFO - Setting next_dagrun for dataset_produces_1 to 2025-09-28 00:00:00+00:00, run_after=2025-09-29 00:00:00+00:00
[2025-09-29T14:55:16.296+0000] {logging_mixin.py:190} INFO - [2025-09-29T14:55:16.296+0000] {dag.py:4180} INFO - Setting next_dagrun for dataset_produces_2 to None, run_after=None
[2025-09-29T14:55:16.310+0000] {processor.py:208} INFO - Processing /home/airflow/.local/lib/python3.12/site-packages/airflow/example_dags/example_datasets.py took 0.256 seconds
[2025-09-29T14:55:46.689+0000] {processor.py:186} INFO - Started process (PID=2779) to work on /home/airflow/.local/lib/python3.12/site-packages/airflow/example_dags/example_datasets.py
[2025-09-29T14:55:46.689+0000] {processor.py:914} INFO - Processing file /home/airflow/.local/lib/python3.12/site-packages/airflow/example_dags/example_datasets.py for tasks to queue
[2025-09-29T14:55:46.690+0000] {logging_mixin.py:190} INFO - [2025-09-29T14:55:46.690+0000] {dagbag.py:588} INFO - Filling up the DagBag from /home/airflow/.local/lib/python3.12/site-packages/airflow/example_dags/example_datasets.py
[2025-09-29T14:55:46.765+0000] {processor.py:925} INFO - DAG(s) 'dataset_consumes_1', 'consume_1_and_2_with_dataset_expressions', 'conditional_dataset_and_time_based_timetable', 'consume_1_or_2_with_dataset_expressions', 'dataset_consumes_unknown_never_scheduled', 'consume_1_or_both_2_and_3_with_dataset_expressions', 'dataset_produces_2', 'dataset_consumes_1_and_2', 'dataset_consumes_1_never_scheduled', 'dataset_produces_1' retrieved from /home/airflow/.local/lib/python3.12/site-packages/airflow/example_dags/example_datasets.py
[2025-09-29T14:55:46.795+0000] {logging_mixin.py:190} INFO - [2025-09-29T14:55:46.795+0000] {dag.py:3239} INFO - Sync 10 DAGs
[2025-09-29T14:55:46.919+0000] {logging_mixin.py:190} INFO - [2025-09-29T14:55:46.919+0000] {dag.py:4180} INFO - Setting next_dagrun for conditional_dataset_and_time_based_timetable to 2025-09-24 01:00:00+00:00, run_after=2025-09-24 01:00:00+00:00
[2025-09-29T14:55:46.922+0000] {logging_mixin.py:190} INFO - [2025-09-29T14:55:46.922+0000] {dag.py:4180} INFO - Setting next_dagrun for consume_1_and_2_with_dataset_expressions to None, run_after=None
[2025-09-29T14:55:46.922+0000] {logging_mixin.py:190} INFO - [2025-09-29T14:55:46.922+0000] {dag.py:4180} INFO - Setting next_dagrun for consume_1_or_2_with_dataset_expressions to None, run_after=None
[2025-09-29T14:55:46.923+0000] {logging_mixin.py:190} INFO - [2025-09-29T14:55:46.923+0000] {dag.py:4180} INFO - Setting next_dagrun for consume_1_or_both_2_and_3_with_dataset_expressions to None, run_after=None
[2025-09-29T14:55:46.924+0000] {logging_mixin.py:190} INFO - [2025-09-29T14:55:46.924+0000] {dag.py:4180} INFO - Setting next_dagrun for dataset_consumes_1 to None, run_after=None
[2025-09-29T14:55:46.925+0000] {logging_mixin.py:190} INFO - [2025-09-29T14:55:46.925+0000] {dag.py:4180} INFO - Setting next_dagrun for dataset_consumes_1_and_2 to None, run_after=None
[2025-09-29T14:55:46.926+0000] {logging_mixin.py:190} INFO - [2025-09-29T14:55:46.925+0000] {dag.py:4180} INFO - Setting next_dagrun for dataset_consumes_1_never_scheduled to None, run_after=None
[2025-09-29T14:55:46.926+0000] {logging_mixin.py:190} INFO - [2025-09-29T14:55:46.926+0000] {dag.py:4180} INFO - Setting next_dagrun for dataset_consumes_unknown_never_scheduled to None, run_after=None
[2025-09-29T14:55:46.928+0000] {logging_mixin.py:190} INFO - [2025-09-29T14:55:46.927+0000] {dag.py:4180} INFO - Setting next_dagrun for dataset_produces_1 to 2025-09-28 00:00:00+00:00, run_after=2025-09-29 00:00:00+00:00
[2025-09-29T14:55:46.928+0000] {logging_mixin.py:190} INFO - [2025-09-29T14:55:46.928+0000] {dag.py:4180} INFO - Setting next_dagrun for dataset_produces_2 to None, run_after=None
[2025-09-29T14:55:46.959+0000] {processor.py:208} INFO - Processing /home/airflow/.local/lib/python3.12/site-packages/airflow/example_dags/example_datasets.py took 0.273 seconds
[2025-09-29T14:56:17.142+0000] {processor.py:186} INFO - Started process (PID=2844) to work on /home/airflow/.local/lib/python3.12/site-packages/airflow/example_dags/example_datasets.py
[2025-09-29T14:56:17.142+0000] {processor.py:914} INFO - Processing file /home/airflow/.local/lib/python3.12/site-packages/airflow/example_dags/example_datasets.py for tasks to queue
[2025-09-29T14:56:17.143+0000] {logging_mixin.py:190} INFO - [2025-09-29T14:56:17.143+0000] {dagbag.py:588} INFO - Filling up the DagBag from /home/airflow/.local/lib/python3.12/site-packages/airflow/example_dags/example_datasets.py
[2025-09-29T14:56:17.221+0000] {processor.py:925} INFO - DAG(s) 'dataset_consumes_1_never_scheduled', 'dataset_consumes_unknown_never_scheduled', 'dataset_produces_2', 'consume_1_or_both_2_and_3_with_dataset_expressions', 'consume_1_and_2_with_dataset_expressions', 'conditional_dataset_and_time_based_timetable', 'consume_1_or_2_with_dataset_expressions', 'dataset_consumes_1_and_2', 'dataset_consumes_1', 'dataset_produces_1' retrieved from /home/airflow/.local/lib/python3.12/site-packages/airflow/example_dags/example_datasets.py
[2025-09-29T14:56:17.243+0000] {logging_mixin.py:190} INFO - [2025-09-29T14:56:17.243+0000] {dag.py:3239} INFO - Sync 10 DAGs
[2025-09-29T14:56:17.364+0000] {logging_mixin.py:190} INFO - [2025-09-29T14:56:17.364+0000] {dag.py:4180} INFO - Setting next_dagrun for conditional_dataset_and_time_based_timetable to 2025-09-24 01:00:00+00:00, run_after=2025-09-24 01:00:00+00:00
[2025-09-29T14:56:17.367+0000] {logging_mixin.py:190} INFO - [2025-09-29T14:56:17.367+0000] {dag.py:4180} INFO - Setting next_dagrun for consume_1_and_2_with_dataset_expressions to None, run_after=None
[2025-09-29T14:56:17.369+0000] {logging_mixin.py:190} INFO - [2025-09-29T14:56:17.369+0000] {dag.py:4180} INFO - Setting next_dagrun for consume_1_or_2_with_dataset_expressions to None, run_after=None
[2025-09-29T14:56:17.370+0000] {logging_mixin.py:190} INFO - [2025-09-29T14:56:17.370+0000] {dag.py:4180} INFO - Setting next_dagrun for consume_1_or_both_2_and_3_with_dataset_expressions to None, run_after=None
[2025-09-29T14:56:17.371+0000] {logging_mixin.py:190} INFO - [2025-09-29T14:56:17.371+0000] {dag.py:4180} INFO - Setting next_dagrun for dataset_consumes_1 to None, run_after=None
[2025-09-29T14:56:17.372+0000] {logging_mixin.py:190} INFO - [2025-09-29T14:56:17.372+0000] {dag.py:4180} INFO - Setting next_dagrun for dataset_consumes_1_and_2 to None, run_after=None
[2025-09-29T14:56:17.373+0000] {logging_mixin.py:190} INFO - [2025-09-29T14:56:17.373+0000] {dag.py:4180} INFO - Setting next_dagrun for dataset_consumes_1_never_scheduled to None, run_after=None
[2025-09-29T14:56:17.374+0000] {logging_mixin.py:190} INFO - [2025-09-29T14:56:17.373+0000] {dag.py:4180} INFO - Setting next_dagrun for dataset_consumes_unknown_never_scheduled to None, run_after=None
[2025-09-29T14:56:17.375+0000] {logging_mixin.py:190} INFO - [2025-09-29T14:56:17.375+0000] {dag.py:4180} INFO - Setting next_dagrun for dataset_produces_1 to 2025-09-28 00:00:00+00:00, run_after=2025-09-29 00:00:00+00:00
[2025-09-29T14:56:17.376+0000] {logging_mixin.py:190} INFO - [2025-09-29T14:56:17.376+0000] {dag.py:4180} INFO - Setting next_dagrun for dataset_produces_2 to None, run_after=None
[2025-09-29T14:56:17.392+0000] {processor.py:208} INFO - Processing /home/airflow/.local/lib/python3.12/site-packages/airflow/example_dags/example_datasets.py took 0.253 seconds
[2025-09-29T14:56:47.464+0000] {processor.py:186} INFO - Started process (PID=2907) to work on /home/airflow/.local/lib/python3.12/site-packages/airflow/example_dags/example_datasets.py
[2025-09-29T14:56:47.464+0000] {processor.py:914} INFO - Processing file /home/airflow/.local/lib/python3.12/site-packages/airflow/example_dags/example_datasets.py for tasks to queue
[2025-09-29T14:56:47.465+0000] {logging_mixin.py:190} INFO - [2025-09-29T14:56:47.465+0000] {dagbag.py:588} INFO - Filling up the DagBag from /home/airflow/.local/lib/python3.12/site-packages/airflow/example_dags/example_datasets.py
[2025-09-29T14:56:47.538+0000] {processor.py:925} INFO - DAG(s) 'dataset_produces_2', 'dataset_consumes_unknown_never_scheduled', 'dataset_consumes_1_and_2', 'consume_1_or_both_2_and_3_with_dataset_expressions', 'dataset_consumes_1', 'consume_1_or_2_with_dataset_expressions', 'consume_1_and_2_with_dataset_expressions', 'conditional_dataset_and_time_based_timetable', 'dataset_consumes_1_never_scheduled', 'dataset_produces_1' retrieved from /home/airflow/.local/lib/python3.12/site-packages/airflow/example_dags/example_datasets.py
[2025-09-29T14:56:47.569+0000] {logging_mixin.py:190} INFO - [2025-09-29T14:56:47.569+0000] {dag.py:3239} INFO - Sync 10 DAGs
[2025-09-29T14:56:47.691+0000] {logging_mixin.py:190} INFO - [2025-09-29T14:56:47.690+0000] {dag.py:4180} INFO - Setting next_dagrun for conditional_dataset_and_time_based_timetable to 2025-09-24 01:00:00+00:00, run_after=2025-09-24 01:00:00+00:00
[2025-09-29T14:56:47.694+0000] {logging_mixin.py:190} INFO - [2025-09-29T14:56:47.694+0000] {dag.py:4180} INFO - Setting next_dagrun for consume_1_and_2_with_dataset_expressions to None, run_after=None
[2025-09-29T14:56:47.698+0000] {logging_mixin.py:190} INFO - [2025-09-29T14:56:47.697+0000] {dag.py:4180} INFO - Setting next_dagrun for consume_1_or_2_with_dataset_expressions to None, run_after=None
[2025-09-29T14:56:47.698+0000] {logging_mixin.py:190} INFO - [2025-09-29T14:56:47.698+0000] {dag.py:4180} INFO - Setting next_dagrun for consume_1_or_both_2_and_3_with_dataset_expressions to None, run_after=None
[2025-09-29T14:56:47.699+0000] {logging_mixin.py:190} INFO - [2025-09-29T14:56:47.699+0000] {dag.py:4180} INFO - Setting next_dagrun for dataset_consumes_1 to None, run_after=None
[2025-09-29T14:56:47.699+0000] {logging_mixin.py:190} INFO - [2025-09-29T14:56:47.699+0000] {dag.py:4180} INFO - Setting next_dagrun for dataset_consumes_1_and_2 to None, run_after=None
[2025-09-29T14:56:47.700+0000] {logging_mixin.py:190} INFO - [2025-09-29T14:56:47.699+0000] {dag.py:4180} INFO - Setting next_dagrun for dataset_consumes_1_never_scheduled to None, run_after=None
[2025-09-29T14:56:47.701+0000] {logging_mixin.py:190} INFO - [2025-09-29T14:56:47.701+0000] {dag.py:4180} INFO - Setting next_dagrun for dataset_consumes_unknown_never_scheduled to None, run_after=None
[2025-09-29T14:56:47.703+0000] {logging_mixin.py:190} INFO - [2025-09-29T14:56:47.703+0000] {dag.py:4180} INFO - Setting next_dagrun for dataset_produces_1 to 2025-09-28 00:00:00+00:00, run_after=2025-09-29 00:00:00+00:00
[2025-09-29T14:56:47.705+0000] {logging_mixin.py:190} INFO - [2025-09-29T14:56:47.705+0000] {dag.py:4180} INFO - Setting next_dagrun for dataset_produces_2 to None, run_after=None
[2025-09-29T14:56:47.723+0000] {processor.py:208} INFO - Processing /home/airflow/.local/lib/python3.12/site-packages/airflow/example_dags/example_datasets.py took 0.263 seconds
[2025-09-29T14:57:17.967+0000] {processor.py:186} INFO - Started process (PID=2968) to work on /home/airflow/.local/lib/python3.12/site-packages/airflow/example_dags/example_datasets.py
[2025-09-29T14:57:17.968+0000] {processor.py:914} INFO - Processing file /home/airflow/.local/lib/python3.12/site-packages/airflow/example_dags/example_datasets.py for tasks to queue
[2025-09-29T14:57:17.968+0000] {logging_mixin.py:190} INFO - [2025-09-29T14:57:17.968+0000] {dagbag.py:588} INFO - Filling up the DagBag from /home/airflow/.local/lib/python3.12/site-packages/airflow/example_dags/example_datasets.py
[2025-09-29T14:57:18.041+0000] {processor.py:925} INFO - DAG(s) 'dataset_produces_1', 'consume_1_or_2_with_dataset_expressions', 'dataset_consumes_unknown_never_scheduled', 'dataset_consumes_1_never_scheduled', 'consume_1_or_both_2_and_3_with_dataset_expressions', 'consume_1_and_2_with_dataset_expressions', 'dataset_consumes_1', 'dataset_consumes_1_and_2', 'dataset_produces_2', 'conditional_dataset_and_time_based_timetable' retrieved from /home/airflow/.local/lib/python3.12/site-packages/airflow/example_dags/example_datasets.py
[2025-09-29T14:57:18.071+0000] {logging_mixin.py:190} INFO - [2025-09-29T14:57:18.071+0000] {dag.py:3239} INFO - Sync 10 DAGs
[2025-09-29T14:57:18.196+0000] {logging_mixin.py:190} INFO - [2025-09-29T14:57:18.196+0000] {dag.py:4180} INFO - Setting next_dagrun for conditional_dataset_and_time_based_timetable to 2025-09-24 01:00:00+00:00, run_after=2025-09-24 01:00:00+00:00
[2025-09-29T14:57:18.203+0000] {logging_mixin.py:190} INFO - [2025-09-29T14:57:18.203+0000] {dag.py:4180} INFO - Setting next_dagrun for consume_1_and_2_with_dataset_expressions to None, run_after=None
[2025-09-29T14:57:18.205+0000] {logging_mixin.py:190} INFO - [2025-09-29T14:57:18.205+0000] {dag.py:4180} INFO - Setting next_dagrun for consume_1_or_2_with_dataset_expressions to None, run_after=None
[2025-09-29T14:57:18.206+0000] {logging_mixin.py:190} INFO - [2025-09-29T14:57:18.206+0000] {dag.py:4180} INFO - Setting next_dagrun for consume_1_or_both_2_and_3_with_dataset_expressions to None, run_after=None
[2025-09-29T14:57:18.208+0000] {logging_mixin.py:190} INFO - [2025-09-29T14:57:18.208+0000] {dag.py:4180} INFO - Setting next_dagrun for dataset_consumes_1 to None, run_after=None
[2025-09-29T14:57:18.209+0000] {logging_mixin.py:190} INFO - [2025-09-29T14:57:18.208+0000] {dag.py:4180} INFO - Setting next_dagrun for dataset_consumes_1_and_2 to None, run_after=None
[2025-09-29T14:57:18.209+0000] {logging_mixin.py:190} INFO - [2025-09-29T14:57:18.209+0000] {dag.py:4180} INFO - Setting next_dagrun for dataset_consumes_1_never_scheduled to None, run_after=None
[2025-09-29T14:57:18.209+0000] {logging_mixin.py:190} INFO - [2025-09-29T14:57:18.209+0000] {dag.py:4180} INFO - Setting next_dagrun for dataset_consumes_unknown_never_scheduled to None, run_after=None
[2025-09-29T14:57:18.211+0000] {logging_mixin.py:190} INFO - [2025-09-29T14:57:18.211+0000] {dag.py:4180} INFO - Setting next_dagrun for dataset_produces_1 to 2025-09-28 00:00:00+00:00, run_after=2025-09-29 00:00:00+00:00
[2025-09-29T14:57:18.212+0000] {logging_mixin.py:190} INFO - [2025-09-29T14:57:18.212+0000] {dag.py:4180} INFO - Setting next_dagrun for dataset_produces_2 to None, run_after=None
[2025-09-29T14:57:18.229+0000] {processor.py:208} INFO - Processing /home/airflow/.local/lib/python3.12/site-packages/airflow/example_dags/example_datasets.py took 0.265 seconds
[2025-09-29T14:57:48.639+0000] {processor.py:186} INFO - Started process (PID=3031) to work on /home/airflow/.local/lib/python3.12/site-packages/airflow/example_dags/example_datasets.py
[2025-09-29T14:57:48.639+0000] {processor.py:914} INFO - Processing file /home/airflow/.local/lib/python3.12/site-packages/airflow/example_dags/example_datasets.py for tasks to queue
[2025-09-29T14:57:48.640+0000] {logging_mixin.py:190} INFO - [2025-09-29T14:57:48.640+0000] {dagbag.py:588} INFO - Filling up the DagBag from /home/airflow/.local/lib/python3.12/site-packages/airflow/example_dags/example_datasets.py
[2025-09-29T14:57:48.714+0000] {processor.py:925} INFO - DAG(s) 'consume_1_or_2_with_dataset_expressions', 'dataset_consumes_unknown_never_scheduled', 'consume_1_or_both_2_and_3_with_dataset_expressions', 'consume_1_and_2_with_dataset_expressions', 'dataset_produces_1', 'dataset_consumes_1_and_2', 'conditional_dataset_and_time_based_timetable', 'dataset_consumes_1', 'dataset_produces_2', 'dataset_consumes_1_never_scheduled' retrieved from /home/airflow/.local/lib/python3.12/site-packages/airflow/example_dags/example_datasets.py
[2025-09-29T14:57:48.735+0000] {logging_mixin.py:190} INFO - [2025-09-29T14:57:48.735+0000] {dag.py:3239} INFO - Sync 10 DAGs
[2025-09-29T14:57:48.749+0000] {logging_mixin.py:190} INFO - [2025-09-29T14:57:48.749+0000] {dag.py:4180} INFO - Setting next_dagrun for conditional_dataset_and_time_based_timetable to 2025-09-24 01:00:00+00:00, run_after=2025-09-24 01:00:00+00:00
[2025-09-29T14:57:48.751+0000] {logging_mixin.py:190} INFO - [2025-09-29T14:57:48.751+0000] {dag.py:4180} INFO - Setting next_dagrun for consume_1_and_2_with_dataset_expressions to None, run_after=None
[2025-09-29T14:57:48.752+0000] {logging_mixin.py:190} INFO - [2025-09-29T14:57:48.752+0000] {dag.py:4180} INFO - Setting next_dagrun for consume_1_or_2_with_dataset_expressions to None, run_after=None
[2025-09-29T14:57:48.753+0000] {logging_mixin.py:190} INFO - [2025-09-29T14:57:48.753+0000] {dag.py:4180} INFO - Setting next_dagrun for consume_1_or_both_2_and_3_with_dataset_expressions to None, run_after=None
[2025-09-29T14:57:48.753+0000] {logging_mixin.py:190} INFO - [2025-09-29T14:57:48.753+0000] {dag.py:4180} INFO - Setting next_dagrun for dataset_consumes_1 to None, run_after=None
[2025-09-29T14:57:48.874+0000] {logging_mixin.py:190} INFO - [2025-09-29T14:57:48.874+0000] {dag.py:4180} INFO - Setting next_dagrun for dataset_consumes_1_and_2 to None, run_after=None
[2025-09-29T14:57:48.876+0000] {logging_mixin.py:190} INFO - [2025-09-29T14:57:48.876+0000] {dag.py:4180} INFO - Setting next_dagrun for dataset_consumes_1_never_scheduled to None, run_after=None
[2025-09-29T14:57:48.877+0000] {logging_mixin.py:190} INFO - [2025-09-29T14:57:48.877+0000] {dag.py:4180} INFO - Setting next_dagrun for dataset_consumes_unknown_never_scheduled to None, run_after=None
[2025-09-29T14:57:48.879+0000] {logging_mixin.py:190} INFO - [2025-09-29T14:57:48.879+0000] {dag.py:4180} INFO - Setting next_dagrun for dataset_produces_1 to 2025-09-28 00:00:00+00:00, run_after=2025-09-29 00:00:00+00:00
[2025-09-29T14:57:48.880+0000] {logging_mixin.py:190} INFO - [2025-09-29T14:57:48.880+0000] {dag.py:4180} INFO - Setting next_dagrun for dataset_produces_2 to None, run_after=None
[2025-09-29T14:57:48.896+0000] {processor.py:208} INFO - Processing /home/airflow/.local/lib/python3.12/site-packages/airflow/example_dags/example_datasets.py took 0.261 seconds
[2025-09-29T14:58:19.346+0000] {processor.py:186} INFO - Started process (PID=3093) to work on /home/airflow/.local/lib/python3.12/site-packages/airflow/example_dags/example_datasets.py
[2025-09-29T14:58:19.347+0000] {processor.py:914} INFO - Processing file /home/airflow/.local/lib/python3.12/site-packages/airflow/example_dags/example_datasets.py for tasks to queue
[2025-09-29T14:58:19.348+0000] {logging_mixin.py:190} INFO - [2025-09-29T14:58:19.348+0000] {dagbag.py:588} INFO - Filling up the DagBag from /home/airflow/.local/lib/python3.12/site-packages/airflow/example_dags/example_datasets.py
[2025-09-29T14:58:19.524+0000] {processor.py:925} INFO - DAG(s) 'consume_1_or_both_2_and_3_with_dataset_expressions', 'consume_1_and_2_with_dataset_expressions', 'dataset_consumes_unknown_never_scheduled', 'dataset_produces_1', 'dataset_produces_2', 'dataset_consumes_1_never_scheduled', 'dataset_consumes_1_and_2', 'dataset_consumes_1', 'conditional_dataset_and_time_based_timetable', 'consume_1_or_2_with_dataset_expressions' retrieved from /home/airflow/.local/lib/python3.12/site-packages/airflow/example_dags/example_datasets.py
[2025-09-29T14:58:19.547+0000] {logging_mixin.py:190} INFO - [2025-09-29T14:58:19.547+0000] {dag.py:3239} INFO - Sync 10 DAGs
[2025-09-29T14:58:19.559+0000] {logging_mixin.py:190} INFO - [2025-09-29T14:58:19.559+0000] {dag.py:4180} INFO - Setting next_dagrun for conditional_dataset_and_time_based_timetable to 2025-09-24 01:00:00+00:00, run_after=2025-09-24 01:00:00+00:00
[2025-09-29T14:58:19.560+0000] {logging_mixin.py:190} INFO - [2025-09-29T14:58:19.560+0000] {dag.py:4180} INFO - Setting next_dagrun for consume_1_and_2_with_dataset_expressions to None, run_after=None
[2025-09-29T14:58:19.564+0000] {logging_mixin.py:190} INFO - [2025-09-29T14:58:19.563+0000] {dag.py:4180} INFO - Setting next_dagrun for consume_1_or_2_with_dataset_expressions to None, run_after=None
[2025-09-29T14:58:19.564+0000] {logging_mixin.py:190} INFO - [2025-09-29T14:58:19.564+0000] {dag.py:4180} INFO - Setting next_dagrun for consume_1_or_both_2_and_3_with_dataset_expressions to None, run_after=None
[2025-09-29T14:58:19.565+0000] {logging_mixin.py:190} INFO - [2025-09-29T14:58:19.565+0000] {dag.py:4180} INFO - Setting next_dagrun for dataset_consumes_1 to None, run_after=None
[2025-09-29T14:58:19.565+0000] {logging_mixin.py:190} INFO - [2025-09-29T14:58:19.565+0000] {dag.py:4180} INFO - Setting next_dagrun for dataset_consumes_1_and_2 to None, run_after=None
[2025-09-29T14:58:19.566+0000] {logging_mixin.py:190} INFO - [2025-09-29T14:58:19.566+0000] {dag.py:4180} INFO - Setting next_dagrun for dataset_consumes_1_never_scheduled to None, run_after=None
[2025-09-29T14:58:19.566+0000] {logging_mixin.py:190} INFO - [2025-09-29T14:58:19.566+0000] {dag.py:4180} INFO - Setting next_dagrun for dataset_consumes_unknown_never_scheduled to None, run_after=None
[2025-09-29T14:58:19.568+0000] {logging_mixin.py:190} INFO - [2025-09-29T14:58:19.567+0000] {dag.py:4180} INFO - Setting next_dagrun for dataset_produces_1 to 2025-09-28 00:00:00+00:00, run_after=2025-09-29 00:00:00+00:00
[2025-09-29T14:58:19.569+0000] {logging_mixin.py:190} INFO - [2025-09-29T14:58:19.569+0000] {dag.py:4180} INFO - Setting next_dagrun for dataset_produces_2 to None, run_after=None
[2025-09-29T14:58:19.590+0000] {processor.py:208} INFO - Processing /home/airflow/.local/lib/python3.12/site-packages/airflow/example_dags/example_datasets.py took 0.248 seconds
[2025-09-29T14:58:50.202+0000] {processor.py:186} INFO - Started process (PID=3156) to work on /home/airflow/.local/lib/python3.12/site-packages/airflow/example_dags/example_datasets.py
[2025-09-29T14:58:50.203+0000] {processor.py:914} INFO - Processing file /home/airflow/.local/lib/python3.12/site-packages/airflow/example_dags/example_datasets.py for tasks to queue
[2025-09-29T14:58:50.203+0000] {logging_mixin.py:190} INFO - [2025-09-29T14:58:50.203+0000] {dagbag.py:588} INFO - Filling up the DagBag from /home/airflow/.local/lib/python3.12/site-packages/airflow/example_dags/example_datasets.py
[2025-09-29T14:58:50.390+0000] {processor.py:925} INFO - DAG(s) 'conditional_dataset_and_time_based_timetable', 'dataset_consumes_1', 'dataset_consumes_1_and_2', 'consume_1_and_2_with_dataset_expressions', 'consume_1_or_2_with_dataset_expressions', 'dataset_consumes_1_never_scheduled', 'dataset_produces_1', 'consume_1_or_both_2_and_3_with_dataset_expressions', 'dataset_consumes_unknown_never_scheduled', 'dataset_produces_2' retrieved from /home/airflow/.local/lib/python3.12/site-packages/airflow/example_dags/example_datasets.py
[2025-09-29T14:58:50.415+0000] {logging_mixin.py:190} INFO - [2025-09-29T14:58:50.415+0000] {dag.py:3239} INFO - Sync 10 DAGs
[2025-09-29T14:58:50.427+0000] {logging_mixin.py:190} INFO - [2025-09-29T14:58:50.427+0000] {dag.py:4180} INFO - Setting next_dagrun for conditional_dataset_and_time_based_timetable to 2025-09-24 01:00:00+00:00, run_after=2025-09-24 01:00:00+00:00
[2025-09-29T14:58:50.430+0000] {logging_mixin.py:190} INFO - [2025-09-29T14:58:50.430+0000] {dag.py:4180} INFO - Setting next_dagrun for consume_1_and_2_with_dataset_expressions to None, run_after=None
[2025-09-29T14:58:50.431+0000] {logging_mixin.py:190} INFO - [2025-09-29T14:58:50.431+0000] {dag.py:4180} INFO - Setting next_dagrun for consume_1_or_2_with_dataset_expressions to None, run_after=None
[2025-09-29T14:58:50.432+0000] {logging_mixin.py:190} INFO - [2025-09-29T14:58:50.432+0000] {dag.py:4180} INFO - Setting next_dagrun for consume_1_or_both_2_and_3_with_dataset_expressions to None, run_after=None
[2025-09-29T14:58:50.433+0000] {logging_mixin.py:190} INFO - [2025-09-29T14:58:50.433+0000] {dag.py:4180} INFO - Setting next_dagrun for dataset_consumes_1 to None, run_after=None
[2025-09-29T14:58:50.433+0000] {logging_mixin.py:190} INFO - [2025-09-29T14:58:50.433+0000] {dag.py:4180} INFO - Setting next_dagrun for dataset_consumes_1_and_2 to None, run_after=None
[2025-09-29T14:58:50.434+0000] {logging_mixin.py:190} INFO - [2025-09-29T14:58:50.434+0000] {dag.py:4180} INFO - Setting next_dagrun for dataset_consumes_1_never_scheduled to None, run_after=None
[2025-09-29T14:58:50.435+0000] {logging_mixin.py:190} INFO - [2025-09-29T14:58:50.435+0000] {dag.py:4180} INFO - Setting next_dagrun for dataset_consumes_unknown_never_scheduled to None, run_after=None
[2025-09-29T14:58:50.436+0000] {logging_mixin.py:190} INFO - [2025-09-29T14:58:50.436+0000] {dag.py:4180} INFO - Setting next_dagrun for dataset_produces_1 to 2025-09-28 00:00:00+00:00, run_after=2025-09-29 00:00:00+00:00
[2025-09-29T14:58:50.437+0000] {logging_mixin.py:190} INFO - [2025-09-29T14:58:50.437+0000] {dag.py:4180} INFO - Setting next_dagrun for dataset_produces_2 to None, run_after=None
[2025-09-29T14:58:50.461+0000] {processor.py:208} INFO - Processing /home/airflow/.local/lib/python3.12/site-packages/airflow/example_dags/example_datasets.py took 0.261 seconds
[2025-09-29T14:59:20.611+0000] {processor.py:186} INFO - Started process (PID=3219) to work on /home/airflow/.local/lib/python3.12/site-packages/airflow/example_dags/example_datasets.py
[2025-09-29T14:59:20.611+0000] {processor.py:914} INFO - Processing file /home/airflow/.local/lib/python3.12/site-packages/airflow/example_dags/example_datasets.py for tasks to queue
[2025-09-29T14:59:20.612+0000] {logging_mixin.py:190} INFO - [2025-09-29T14:59:20.612+0000] {dagbag.py:588} INFO - Filling up the DagBag from /home/airflow/.local/lib/python3.12/site-packages/airflow/example_dags/example_datasets.py
[2025-09-29T14:59:20.788+0000] {processor.py:925} INFO - DAG(s) 'dataset_consumes_1', 'conditional_dataset_and_time_based_timetable', 'dataset_produces_1', 'consume_1_or_2_with_dataset_expressions', 'consume_1_or_both_2_and_3_with_dataset_expressions', 'dataset_consumes_1_never_scheduled', 'dataset_consumes_unknown_never_scheduled', 'dataset_consumes_1_and_2', 'consume_1_and_2_with_dataset_expressions', 'dataset_produces_2' retrieved from /home/airflow/.local/lib/python3.12/site-packages/airflow/example_dags/example_datasets.py
[2025-09-29T14:59:20.813+0000] {logging_mixin.py:190} INFO - [2025-09-29T14:59:20.813+0000] {dag.py:3239} INFO - Sync 10 DAGs
[2025-09-29T14:59:20.823+0000] {logging_mixin.py:190} INFO - [2025-09-29T14:59:20.823+0000] {dag.py:4180} INFO - Setting next_dagrun for conditional_dataset_and_time_based_timetable to 2025-09-24 01:00:00+00:00, run_after=2025-09-24 01:00:00+00:00
[2025-09-29T14:59:20.825+0000] {logging_mixin.py:190} INFO - [2025-09-29T14:59:20.825+0000] {dag.py:4180} INFO - Setting next_dagrun for consume_1_and_2_with_dataset_expressions to None, run_after=None
[2025-09-29T14:59:20.827+0000] {logging_mixin.py:190} INFO - [2025-09-29T14:59:20.827+0000] {dag.py:4180} INFO - Setting next_dagrun for consume_1_or_2_with_dataset_expressions to None, run_after=None
[2025-09-29T14:59:20.828+0000] {logging_mixin.py:190} INFO - [2025-09-29T14:59:20.828+0000] {dag.py:4180} INFO - Setting next_dagrun for consume_1_or_both_2_and_3_with_dataset_expressions to None, run_after=None
[2025-09-29T14:59:20.829+0000] {logging_mixin.py:190} INFO - [2025-09-29T14:59:20.829+0000] {dag.py:4180} INFO - Setting next_dagrun for dataset_consumes_1 to None, run_after=None
[2025-09-29T14:59:20.830+0000] {logging_mixin.py:190} INFO - [2025-09-29T14:59:20.830+0000] {dag.py:4180} INFO - Setting next_dagrun for dataset_consumes_1_and_2 to None, run_after=None
[2025-09-29T14:59:20.832+0000] {logging_mixin.py:190} INFO - [2025-09-29T14:59:20.832+0000] {dag.py:4180} INFO - Setting next_dagrun for dataset_consumes_1_never_scheduled to None, run_after=None
[2025-09-29T14:59:20.835+0000] {logging_mixin.py:190} INFO - [2025-09-29T14:59:20.835+0000] {dag.py:4180} INFO - Setting next_dagrun for dataset_consumes_unknown_never_scheduled to None, run_after=None
[2025-09-29T14:59:20.836+0000] {logging_mixin.py:190} INFO - [2025-09-29T14:59:20.836+0000] {dag.py:4180} INFO - Setting next_dagrun for dataset_produces_1 to 2025-09-28 00:00:00+00:00, run_after=2025-09-29 00:00:00+00:00
[2025-09-29T14:59:20.836+0000] {logging_mixin.py:190} INFO - [2025-09-29T14:59:20.836+0000] {dag.py:4180} INFO - Setting next_dagrun for dataset_produces_2 to None, run_after=None
[2025-09-29T14:59:20.852+0000] {processor.py:208} INFO - Processing /home/airflow/.local/lib/python3.12/site-packages/airflow/example_dags/example_datasets.py took 0.244 seconds
[2025-09-29T14:59:51.131+0000] {processor.py:186} INFO - Started process (PID=3282) to work on /home/airflow/.local/lib/python3.12/site-packages/airflow/example_dags/example_datasets.py
[2025-09-29T14:59:51.131+0000] {processor.py:914} INFO - Processing file /home/airflow/.local/lib/python3.12/site-packages/airflow/example_dags/example_datasets.py for tasks to queue
[2025-09-29T14:59:51.132+0000] {logging_mixin.py:190} INFO - [2025-09-29T14:59:51.132+0000] {dagbag.py:588} INFO - Filling up the DagBag from /home/airflow/.local/lib/python3.12/site-packages/airflow/example_dags/example_datasets.py
[2025-09-29T14:59:51.309+0000] {processor.py:925} INFO - DAG(s) 'consume_1_or_both_2_and_3_with_dataset_expressions', 'conditional_dataset_and_time_based_timetable', 'dataset_consumes_1_and_2', 'dataset_produces_2', 'dataset_consumes_1', 'dataset_consumes_1_never_scheduled', 'consume_1_or_2_with_dataset_expressions', 'dataset_produces_1', 'dataset_consumes_unknown_never_scheduled', 'consume_1_and_2_with_dataset_expressions' retrieved from /home/airflow/.local/lib/python3.12/site-packages/airflow/example_dags/example_datasets.py
[2025-09-29T14:59:51.330+0000] {logging_mixin.py:190} INFO - [2025-09-29T14:59:51.330+0000] {dag.py:3239} INFO - Sync 10 DAGs
[2025-09-29T14:59:51.341+0000] {logging_mixin.py:190} INFO - [2025-09-29T14:59:51.341+0000] {dag.py:4180} INFO - Setting next_dagrun for conditional_dataset_and_time_based_timetable to 2025-09-24 01:00:00+00:00, run_after=2025-09-24 01:00:00+00:00
[2025-09-29T14:59:51.345+0000] {logging_mixin.py:190} INFO - [2025-09-29T14:59:51.345+0000] {dag.py:4180} INFO - Setting next_dagrun for consume_1_and_2_with_dataset_expressions to None, run_after=None
[2025-09-29T14:59:51.348+0000] {logging_mixin.py:190} INFO - [2025-09-29T14:59:51.348+0000] {dag.py:4180} INFO - Setting next_dagrun for consume_1_or_2_with_dataset_expressions to None, run_after=None
[2025-09-29T14:59:51.349+0000] {logging_mixin.py:190} INFO - [2025-09-29T14:59:51.349+0000] {dag.py:4180} INFO - Setting next_dagrun for consume_1_or_both_2_and_3_with_dataset_expressions to None, run_after=None
[2025-09-29T14:59:51.349+0000] {logging_mixin.py:190} INFO - [2025-09-29T14:59:51.349+0000] {dag.py:4180} INFO - Setting next_dagrun for dataset_consumes_1 to None, run_after=None
[2025-09-29T14:59:51.350+0000] {logging_mixin.py:190} INFO - [2025-09-29T14:59:51.350+0000] {dag.py:4180} INFO - Setting next_dagrun for dataset_consumes_1_and_2 to None, run_after=None
[2025-09-29T14:59:51.352+0000] {logging_mixin.py:190} INFO - [2025-09-29T14:59:51.352+0000] {dag.py:4180} INFO - Setting next_dagrun for dataset_consumes_1_never_scheduled to None, run_after=None
[2025-09-29T14:59:51.353+0000] {logging_mixin.py:190} INFO - [2025-09-29T14:59:51.353+0000] {dag.py:4180} INFO - Setting next_dagrun for dataset_consumes_unknown_never_scheduled to None, run_after=None
[2025-09-29T14:59:51.357+0000] {logging_mixin.py:190} INFO - [2025-09-29T14:59:51.357+0000] {dag.py:4180} INFO - Setting next_dagrun for dataset_produces_1 to 2025-09-28 00:00:00+00:00, run_after=2025-09-29 00:00:00+00:00
[2025-09-29T14:59:51.359+0000] {logging_mixin.py:190} INFO - [2025-09-29T14:59:51.359+0000] {dag.py:4180} INFO - Setting next_dagrun for dataset_produces_2 to None, run_after=None
[2025-09-29T14:59:51.378+0000] {processor.py:208} INFO - Processing /home/airflow/.local/lib/python3.12/site-packages/airflow/example_dags/example_datasets.py took 0.250 seconds
[2025-09-29T15:00:21.757+0000] {processor.py:186} INFO - Started process (PID=3345) to work on /home/airflow/.local/lib/python3.12/site-packages/airflow/example_dags/example_datasets.py
[2025-09-29T15:00:21.758+0000] {processor.py:914} INFO - Processing file /home/airflow/.local/lib/python3.12/site-packages/airflow/example_dags/example_datasets.py for tasks to queue
[2025-09-29T15:00:21.759+0000] {logging_mixin.py:190} INFO - [2025-09-29T15:00:21.759+0000] {dagbag.py:588} INFO - Filling up the DagBag from /home/airflow/.local/lib/python3.12/site-packages/airflow/example_dags/example_datasets.py
[2025-09-29T15:00:21.936+0000] {processor.py:925} INFO - DAG(s) 'consume_1_or_2_with_dataset_expressions', 'consume_1_or_both_2_and_3_with_dataset_expressions', 'dataset_produces_2', 'dataset_consumes_1_and_2', 'dataset_consumes_1_never_scheduled', 'dataset_produces_1', 'consume_1_and_2_with_dataset_expressions', 'dataset_consumes_unknown_never_scheduled', 'dataset_consumes_1', 'conditional_dataset_and_time_based_timetable' retrieved from /home/airflow/.local/lib/python3.12/site-packages/airflow/example_dags/example_datasets.py
[2025-09-29T15:00:21.959+0000] {logging_mixin.py:190} INFO - [2025-09-29T15:00:21.959+0000] {dag.py:3239} INFO - Sync 10 DAGs
[2025-09-29T15:00:21.969+0000] {logging_mixin.py:190} INFO - [2025-09-29T15:00:21.969+0000] {dag.py:4180} INFO - Setting next_dagrun for conditional_dataset_and_time_based_timetable to 2025-09-24 01:00:00+00:00, run_after=2025-09-24 01:00:00+00:00
[2025-09-29T15:00:21.972+0000] {logging_mixin.py:190} INFO - [2025-09-29T15:00:21.971+0000] {dag.py:4180} INFO - Setting next_dagrun for consume_1_and_2_with_dataset_expressions to None, run_after=None
[2025-09-29T15:00:21.975+0000] {logging_mixin.py:190} INFO - [2025-09-29T15:00:21.975+0000] {dag.py:4180} INFO - Setting next_dagrun for consume_1_or_2_with_dataset_expressions to None, run_after=None
[2025-09-29T15:00:21.976+0000] {logging_mixin.py:190} INFO - [2025-09-29T15:00:21.976+0000] {dag.py:4180} INFO - Setting next_dagrun for consume_1_or_both_2_and_3_with_dataset_expressions to None, run_after=None
[2025-09-29T15:00:21.977+0000] {logging_mixin.py:190} INFO - [2025-09-29T15:00:21.977+0000] {dag.py:4180} INFO - Setting next_dagrun for dataset_consumes_1 to None, run_after=None
[2025-09-29T15:00:21.979+0000] {logging_mixin.py:190} INFO - [2025-09-29T15:00:21.979+0000] {dag.py:4180} INFO - Setting next_dagrun for dataset_consumes_1_and_2 to None, run_after=None
[2025-09-29T15:00:21.981+0000] {logging_mixin.py:190} INFO - [2025-09-29T15:00:21.981+0000] {dag.py:4180} INFO - Setting next_dagrun for dataset_consumes_1_never_scheduled to None, run_after=None
[2025-09-29T15:00:21.982+0000] {logging_mixin.py:190} INFO - [2025-09-29T15:00:21.982+0000] {dag.py:4180} INFO - Setting next_dagrun for dataset_consumes_unknown_never_scheduled to None, run_after=None
[2025-09-29T15:00:21.983+0000] {logging_mixin.py:190} INFO - [2025-09-29T15:00:21.983+0000] {dag.py:4180} INFO - Setting next_dagrun for dataset_produces_1 to 2025-09-28 00:00:00+00:00, run_after=2025-09-29 00:00:00+00:00
[2025-09-29T15:00:21.984+0000] {logging_mixin.py:190} INFO - [2025-09-29T15:00:21.984+0000] {dag.py:4180} INFO - Setting next_dagrun for dataset_produces_2 to None, run_after=None
[2025-09-29T15:00:21.998+0000] {processor.py:208} INFO - Processing /home/airflow/.local/lib/python3.12/site-packages/airflow/example_dags/example_datasets.py took 0.244 seconds
[2025-09-29T15:00:52.335+0000] {processor.py:186} INFO - Started process (PID=3408) to work on /home/airflow/.local/lib/python3.12/site-packages/airflow/example_dags/example_datasets.py
[2025-09-29T15:00:52.335+0000] {processor.py:914} INFO - Processing file /home/airflow/.local/lib/python3.12/site-packages/airflow/example_dags/example_datasets.py for tasks to queue
[2025-09-29T15:00:52.336+0000] {logging_mixin.py:190} INFO - [2025-09-29T15:00:52.336+0000] {dagbag.py:588} INFO - Filling up the DagBag from /home/airflow/.local/lib/python3.12/site-packages/airflow/example_dags/example_datasets.py
[2025-09-29T15:00:52.512+0000] {processor.py:925} INFO - DAG(s) 'consume_1_or_both_2_and_3_with_dataset_expressions', 'consume_1_or_2_with_dataset_expressions', 'dataset_produces_1', 'dataset_consumes_1_and_2', 'dataset_consumes_unknown_never_scheduled', 'conditional_dataset_and_time_based_timetable', 'dataset_consumes_1_never_scheduled', 'consume_1_and_2_with_dataset_expressions', 'dataset_consumes_1', 'dataset_produces_2' retrieved from /home/airflow/.local/lib/python3.12/site-packages/airflow/example_dags/example_datasets.py
[2025-09-29T15:00:52.533+0000] {logging_mixin.py:190} INFO - [2025-09-29T15:00:52.533+0000] {dag.py:3239} INFO - Sync 10 DAGs
[2025-09-29T15:00:52.544+0000] {logging_mixin.py:190} INFO - [2025-09-29T15:00:52.544+0000] {dag.py:4180} INFO - Setting next_dagrun for conditional_dataset_and_time_based_timetable to 2025-09-24 01:00:00+00:00, run_after=2025-09-24 01:00:00+00:00
[2025-09-29T15:00:52.547+0000] {logging_mixin.py:190} INFO - [2025-09-29T15:00:52.547+0000] {dag.py:4180} INFO - Setting next_dagrun for consume_1_and_2_with_dataset_expressions to None, run_after=None
[2025-09-29T15:00:52.549+0000] {logging_mixin.py:190} INFO - [2025-09-29T15:00:52.549+0000] {dag.py:4180} INFO - Setting next_dagrun for consume_1_or_2_with_dataset_expressions to None, run_after=None
[2025-09-29T15:00:52.550+0000] {logging_mixin.py:190} INFO - [2025-09-29T15:00:52.550+0000] {dag.py:4180} INFO - Setting next_dagrun for consume_1_or_both_2_and_3_with_dataset_expressions to None, run_after=None
[2025-09-29T15:00:52.552+0000] {logging_mixin.py:190} INFO - [2025-09-29T15:00:52.552+0000] {dag.py:4180} INFO - Setting next_dagrun for dataset_consumes_1 to None, run_after=None
[2025-09-29T15:00:52.555+0000] {logging_mixin.py:190} INFO - [2025-09-29T15:00:52.555+0000] {dag.py:4180} INFO - Setting next_dagrun for dataset_consumes_1_and_2 to None, run_after=None
[2025-09-29T15:00:52.557+0000] {logging_mixin.py:190} INFO - [2025-09-29T15:00:52.556+0000] {dag.py:4180} INFO - Setting next_dagrun for dataset_consumes_1_never_scheduled to None, run_after=None
[2025-09-29T15:00:52.557+0000] {logging_mixin.py:190} INFO - [2025-09-29T15:00:52.557+0000] {dag.py:4180} INFO - Setting next_dagrun for dataset_consumes_unknown_never_scheduled to None, run_after=None
[2025-09-29T15:00:52.559+0000] {logging_mixin.py:190} INFO - [2025-09-29T15:00:52.558+0000] {dag.py:4180} INFO - Setting next_dagrun for dataset_produces_1 to 2025-09-28 00:00:00+00:00, run_after=2025-09-29 00:00:00+00:00
[2025-09-29T15:00:52.559+0000] {logging_mixin.py:190} INFO - [2025-09-29T15:00:52.559+0000] {dag.py:4180} INFO - Setting next_dagrun for dataset_produces_2 to None, run_after=None
[2025-09-29T15:00:52.575+0000] {processor.py:208} INFO - Processing /home/airflow/.local/lib/python3.12/site-packages/airflow/example_dags/example_datasets.py took 0.243 seconds
[2025-09-29T15:01:22.942+0000] {processor.py:186} INFO - Started process (PID=3471) to work on /home/airflow/.local/lib/python3.12/site-packages/airflow/example_dags/example_datasets.py
[2025-09-29T15:01:22.944+0000] {processor.py:914} INFO - Processing file /home/airflow/.local/lib/python3.12/site-packages/airflow/example_dags/example_datasets.py for tasks to queue
[2025-09-29T15:01:22.944+0000] {logging_mixin.py:190} INFO - [2025-09-29T15:01:22.944+0000] {dagbag.py:588} INFO - Filling up the DagBag from /home/airflow/.local/lib/python3.12/site-packages/airflow/example_dags/example_datasets.py
[2025-09-29T15:01:23.158+0000] {processor.py:925} INFO - DAG(s) 'conditional_dataset_and_time_based_timetable', 'consume_1_and_2_with_dataset_expressions', 'dataset_produces_2', 'dataset_consumes_1_and_2', 'dataset_consumes_1_never_scheduled', 'consume_1_or_both_2_and_3_with_dataset_expressions', 'consume_1_or_2_with_dataset_expressions', 'dataset_consumes_unknown_never_scheduled', 'dataset_produces_1', 'dataset_consumes_1' retrieved from /home/airflow/.local/lib/python3.12/site-packages/airflow/example_dags/example_datasets.py
[2025-09-29T15:01:23.184+0000] {logging_mixin.py:190} INFO - [2025-09-29T15:01:23.184+0000] {dag.py:3239} INFO - Sync 10 DAGs
[2025-09-29T15:01:23.198+0000] {logging_mixin.py:190} INFO - [2025-09-29T15:01:23.197+0000] {dag.py:4180} INFO - Setting next_dagrun for conditional_dataset_and_time_based_timetable to 2025-09-24 01:00:00+00:00, run_after=2025-09-24 01:00:00+00:00
[2025-09-29T15:01:23.200+0000] {logging_mixin.py:190} INFO - [2025-09-29T15:01:23.200+0000] {dag.py:4180} INFO - Setting next_dagrun for consume_1_and_2_with_dataset_expressions to None, run_after=None
[2025-09-29T15:01:23.201+0000] {logging_mixin.py:190} INFO - [2025-09-29T15:01:23.201+0000] {dag.py:4180} INFO - Setting next_dagrun for consume_1_or_2_with_dataset_expressions to None, run_after=None
[2025-09-29T15:01:23.202+0000] {logging_mixin.py:190} INFO - [2025-09-29T15:01:23.202+0000] {dag.py:4180} INFO - Setting next_dagrun for consume_1_or_both_2_and_3_with_dataset_expressions to None, run_after=None
[2025-09-29T15:01:23.204+0000] {logging_mixin.py:190} INFO - [2025-09-29T15:01:23.204+0000] {dag.py:4180} INFO - Setting next_dagrun for dataset_consumes_1 to None, run_after=None
[2025-09-29T15:01:23.205+0000] {logging_mixin.py:190} INFO - [2025-09-29T15:01:23.205+0000] {dag.py:4180} INFO - Setting next_dagrun for dataset_consumes_1_and_2 to None, run_after=None
[2025-09-29T15:01:23.206+0000] {logging_mixin.py:190} INFO - [2025-09-29T15:01:23.206+0000] {dag.py:4180} INFO - Setting next_dagrun for dataset_consumes_1_never_scheduled to None, run_after=None
[2025-09-29T15:01:23.207+0000] {logging_mixin.py:190} INFO - [2025-09-29T15:01:23.207+0000] {dag.py:4180} INFO - Setting next_dagrun for dataset_consumes_unknown_never_scheduled to None, run_after=None
[2025-09-29T15:01:23.208+0000] {logging_mixin.py:190} INFO - [2025-09-29T15:01:23.208+0000] {dag.py:4180} INFO - Setting next_dagrun for dataset_produces_1 to 2025-09-28 00:00:00+00:00, run_after=2025-09-29 00:00:00+00:00
[2025-09-29T15:01:23.210+0000] {logging_mixin.py:190} INFO - [2025-09-29T15:01:23.210+0000] {dag.py:4180} INFO - Setting next_dagrun for dataset_produces_2 to None, run_after=None
[2025-09-29T15:01:23.234+0000] {processor.py:208} INFO - Processing /home/airflow/.local/lib/python3.12/site-packages/airflow/example_dags/example_datasets.py took 0.295 seconds
[2025-09-29T15:01:53.478+0000] {processor.py:186} INFO - Started process (PID=3534) to work on /home/airflow/.local/lib/python3.12/site-packages/airflow/example_dags/example_datasets.py
[2025-09-29T15:01:53.479+0000] {processor.py:914} INFO - Processing file /home/airflow/.local/lib/python3.12/site-packages/airflow/example_dags/example_datasets.py for tasks to queue
[2025-09-29T15:01:53.480+0000] {logging_mixin.py:190} INFO - [2025-09-29T15:01:53.480+0000] {dagbag.py:588} INFO - Filling up the DagBag from /home/airflow/.local/lib/python3.12/site-packages/airflow/example_dags/example_datasets.py
[2025-09-29T15:01:53.662+0000] {processor.py:925} INFO - DAG(s) 'consume_1_and_2_with_dataset_expressions', 'consume_1_or_both_2_and_3_with_dataset_expressions', 'dataset_produces_1', 'dataset_consumes_unknown_never_scheduled', 'consume_1_or_2_with_dataset_expressions', 'dataset_produces_2', 'dataset_consumes_1_never_scheduled', 'conditional_dataset_and_time_based_timetable', 'dataset_consumes_1', 'dataset_consumes_1_and_2' retrieved from /home/airflow/.local/lib/python3.12/site-packages/airflow/example_dags/example_datasets.py
[2025-09-29T15:01:53.688+0000] {logging_mixin.py:190} INFO - [2025-09-29T15:01:53.688+0000] {dag.py:3239} INFO - Sync 10 DAGs
[2025-09-29T15:01:53.700+0000] {logging_mixin.py:190} INFO - [2025-09-29T15:01:53.700+0000] {dag.py:4180} INFO - Setting next_dagrun for conditional_dataset_and_time_based_timetable to 2025-09-24 01:00:00+00:00, run_after=2025-09-24 01:00:00+00:00
[2025-09-29T15:01:53.706+0000] {logging_mixin.py:190} INFO - [2025-09-29T15:01:53.705+0000] {dag.py:4180} INFO - Setting next_dagrun for consume_1_and_2_with_dataset_expressions to None, run_after=None
[2025-09-29T15:01:53.707+0000] {logging_mixin.py:190} INFO - [2025-09-29T15:01:53.707+0000] {dag.py:4180} INFO - Setting next_dagrun for consume_1_or_2_with_dataset_expressions to None, run_after=None
[2025-09-29T15:01:53.708+0000] {logging_mixin.py:190} INFO - [2025-09-29T15:01:53.708+0000] {dag.py:4180} INFO - Setting next_dagrun for consume_1_or_both_2_and_3_with_dataset_expressions to None, run_after=None
[2025-09-29T15:01:53.708+0000] {logging_mixin.py:190} INFO - [2025-09-29T15:01:53.708+0000] {dag.py:4180} INFO - Setting next_dagrun for dataset_consumes_1 to None, run_after=None
[2025-09-29T15:01:53.713+0000] {logging_mixin.py:190} INFO - [2025-09-29T15:01:53.712+0000] {dag.py:4180} INFO - Setting next_dagrun for dataset_consumes_1_and_2 to None, run_after=None
[2025-09-29T15:01:53.713+0000] {logging_mixin.py:190} INFO - [2025-09-29T15:01:53.713+0000] {dag.py:4180} INFO - Setting next_dagrun for dataset_consumes_1_never_scheduled to None, run_after=None
[2025-09-29T15:01:53.714+0000] {logging_mixin.py:190} INFO - [2025-09-29T15:01:53.714+0000] {dag.py:4180} INFO - Setting next_dagrun for dataset_consumes_unknown_never_scheduled to None, run_after=None
[2025-09-29T15:01:53.715+0000] {logging_mixin.py:190} INFO - [2025-09-29T15:01:53.715+0000] {dag.py:4180} INFO - Setting next_dagrun for dataset_produces_1 to 2025-09-28 00:00:00+00:00, run_after=2025-09-29 00:00:00+00:00
[2025-09-29T15:01:53.715+0000] {logging_mixin.py:190} INFO - [2025-09-29T15:01:53.715+0000] {dag.py:4180} INFO - Setting next_dagrun for dataset_produces_2 to None, run_after=None
[2025-09-29T15:01:53.738+0000] {processor.py:208} INFO - Processing /home/airflow/.local/lib/python3.12/site-packages/airflow/example_dags/example_datasets.py took 0.263 seconds
[2025-09-29T15:02:24.072+0000] {processor.py:186} INFO - Started process (PID=3597) to work on /home/airflow/.local/lib/python3.12/site-packages/airflow/example_dags/example_datasets.py
[2025-09-29T15:02:24.072+0000] {processor.py:914} INFO - Processing file /home/airflow/.local/lib/python3.12/site-packages/airflow/example_dags/example_datasets.py for tasks to queue
[2025-09-29T15:02:24.074+0000] {logging_mixin.py:190} INFO - [2025-09-29T15:02:24.073+0000] {dagbag.py:588} INFO - Filling up the DagBag from /home/airflow/.local/lib/python3.12/site-packages/airflow/example_dags/example_datasets.py
[2025-09-29T15:02:24.274+0000] {processor.py:925} INFO - DAG(s) 'dataset_produces_2', 'dataset_consumes_1_and_2', 'dataset_consumes_1_never_scheduled', 'dataset_consumes_unknown_never_scheduled', 'consume_1_or_2_with_dataset_expressions', 'dataset_consumes_1', 'conditional_dataset_and_time_based_timetable', 'consume_1_and_2_with_dataset_expressions', 'dataset_produces_1', 'consume_1_or_both_2_and_3_with_dataset_expressions' retrieved from /home/airflow/.local/lib/python3.12/site-packages/airflow/example_dags/example_datasets.py
[2025-09-29T15:02:24.304+0000] {logging_mixin.py:190} INFO - [2025-09-29T15:02:24.304+0000] {dag.py:3239} INFO - Sync 10 DAGs
[2025-09-29T15:02:24.317+0000] {logging_mixin.py:190} INFO - [2025-09-29T15:02:24.316+0000] {dag.py:4180} INFO - Setting next_dagrun for conditional_dataset_and_time_based_timetable to 2025-09-24 01:00:00+00:00, run_after=2025-09-24 01:00:00+00:00
[2025-09-29T15:02:24.318+0000] {logging_mixin.py:190} INFO - [2025-09-29T15:02:24.318+0000] {dag.py:4180} INFO - Setting next_dagrun for consume_1_and_2_with_dataset_expressions to None, run_after=None
[2025-09-29T15:02:24.319+0000] {logging_mixin.py:190} INFO - [2025-09-29T15:02:24.319+0000] {dag.py:4180} INFO - Setting next_dagrun for consume_1_or_2_with_dataset_expressions to None, run_after=None
[2025-09-29T15:02:24.320+0000] {logging_mixin.py:190} INFO - [2025-09-29T15:02:24.320+0000] {dag.py:4180} INFO - Setting next_dagrun for consume_1_or_both_2_and_3_with_dataset_expressions to None, run_after=None
[2025-09-29T15:02:24.321+0000] {logging_mixin.py:190} INFO - [2025-09-29T15:02:24.321+0000] {dag.py:4180} INFO - Setting next_dagrun for dataset_consumes_1 to None, run_after=None
[2025-09-29T15:02:24.323+0000] {logging_mixin.py:190} INFO - [2025-09-29T15:02:24.323+0000] {dag.py:4180} INFO - Setting next_dagrun for dataset_consumes_1_and_2 to None, run_after=None
[2025-09-29T15:02:24.325+0000] {logging_mixin.py:190} INFO - [2025-09-29T15:02:24.324+0000] {dag.py:4180} INFO - Setting next_dagrun for dataset_consumes_1_never_scheduled to None, run_after=None
[2025-09-29T15:02:24.326+0000] {logging_mixin.py:190} INFO - [2025-09-29T15:02:24.326+0000] {dag.py:4180} INFO - Setting next_dagrun for dataset_consumes_unknown_never_scheduled to None, run_after=None
[2025-09-29T15:02:24.328+0000] {logging_mixin.py:190} INFO - [2025-09-29T15:02:24.328+0000] {dag.py:4180} INFO - Setting next_dagrun for dataset_produces_1 to 2025-09-28 00:00:00+00:00, run_after=2025-09-29 00:00:00+00:00
[2025-09-29T15:02:24.330+0000] {logging_mixin.py:190} INFO - [2025-09-29T15:02:24.330+0000] {dag.py:4180} INFO - Setting next_dagrun for dataset_produces_2 to None, run_after=None
[2025-09-29T15:02:24.350+0000] {processor.py:208} INFO - Processing /home/airflow/.local/lib/python3.12/site-packages/airflow/example_dags/example_datasets.py took 0.281 seconds
