[2025-09-29T14:34:29.243+0000] {processor.py:186} INFO - Started process (PID=59) to work on /home/airflow/.local/lib/python3.12/site-packages/airflow/example_dags/example_subdag_operator.py
[2025-09-29T14:34:29.245+0000] {processor.py:914} INFO - Processing file /home/airflow/.local/lib/python3.12/site-packages/airflow/example_dags/example_subdag_operator.py for tasks to queue
[2025-09-29T14:34:29.246+0000] {logging_mixin.py:190} INFO - [2025-09-29T14:34:29.246+0000] {dagbag.py:588} INFO - Filling up the DagBag from /home/airflow/.local/lib/python3.12/site-packages/airflow/example_dags/example_subdag_operator.py
[2025-09-29T14:34:29.267+0000] {processor.py:925} INFO - DAG(s) 'example_subdag_operator.section-1', 'example_subdag_operator.section-2', 'example_subdag_operator' retrieved from /home/airflow/.local/lib/python3.12/site-packages/airflow/example_dags/example_subdag_operator.py
[2025-09-29T14:34:29.282+0000] {logging_mixin.py:190} INFO - [2025-09-29T14:34:29.282+0000] {dag.py:3239} INFO - Sync 3 DAGs
[2025-09-29T14:34:29.299+0000] {logging_mixin.py:190} INFO - [2025-09-29T14:34:29.299+0000] {dag.py:4180} INFO - Setting next_dagrun for example_subdag_operator to 2022-01-01 00:00:00+00:00, run_after=2022-01-01 00:00:00+00:00
[2025-09-29T14:34:29.302+0000] {logging_mixin.py:190} INFO - [2025-09-29T14:34:29.302+0000] {dag.py:4180} INFO - Setting next_dagrun for example_subdag_operator.section-1 to None, run_after=None
[2025-09-29T14:34:29.304+0000] {logging_mixin.py:190} INFO - [2025-09-29T14:34:29.303+0000] {dag.py:4180} INFO - Setting next_dagrun for example_subdag_operator.section-2 to None, run_after=None
[2025-09-29T14:34:29.310+0000] {logging_mixin.py:190} INFO - [2025-09-29T14:34:29.310+0000] {dag.py:3239} INFO - Sync 2 DAGs
[2025-09-29T14:34:29.314+0000] {logging_mixin.py:190} INFO - [2025-09-29T14:34:29.314+0000] {dag.py:4180} INFO - Setting next_dagrun for example_subdag_operator.section-1 to None, run_after=None
[2025-09-29T14:34:29.314+0000] {logging_mixin.py:190} INFO - [2025-09-29T14:34:29.314+0000] {dag.py:4180} INFO - Setting next_dagrun for example_subdag_operator.section-2 to None, run_after=None
[2025-09-29T14:34:29.325+0000] {processor.py:208} INFO - Processing /home/airflow/.local/lib/python3.12/site-packages/airflow/example_dags/example_subdag_operator.py took 0.087 seconds
[2025-09-29T14:34:59.369+0000] {processor.py:186} INFO - Started process (PID=127) to work on /home/airflow/.local/lib/python3.12/site-packages/airflow/example_dags/example_subdag_operator.py
[2025-09-29T14:34:59.370+0000] {processor.py:914} INFO - Processing file /home/airflow/.local/lib/python3.12/site-packages/airflow/example_dags/example_subdag_operator.py for tasks to queue
[2025-09-29T14:34:59.371+0000] {logging_mixin.py:190} INFO - [2025-09-29T14:34:59.371+0000] {dagbag.py:588} INFO - Filling up the DagBag from /home/airflow/.local/lib/python3.12/site-packages/airflow/example_dags/example_subdag_operator.py
[2025-09-29T14:34:59.388+0000] {processor.py:925} INFO - DAG(s) 'example_subdag_operator.section-1', 'example_subdag_operator.section-2', 'example_subdag_operator' retrieved from /home/airflow/.local/lib/python3.12/site-packages/airflow/example_dags/example_subdag_operator.py
[2025-09-29T14:34:59.397+0000] {logging_mixin.py:190} INFO - [2025-09-29T14:34:59.397+0000] {dag.py:3239} INFO - Sync 3 DAGs
[2025-09-29T14:34:59.410+0000] {logging_mixin.py:190} INFO - [2025-09-29T14:34:59.409+0000] {dag.py:4180} INFO - Setting next_dagrun for example_subdag_operator to 2022-01-01 00:00:00+00:00, run_after=2022-01-01 00:00:00+00:00
[2025-09-29T14:34:59.418+0000] {logging_mixin.py:190} INFO - [2025-09-29T14:34:59.417+0000] {dag.py:4180} INFO - Setting next_dagrun for example_subdag_operator.section-1 to None, run_after=None
[2025-09-29T14:34:59.420+0000] {logging_mixin.py:190} INFO - [2025-09-29T14:34:59.420+0000] {dag.py:4180} INFO - Setting next_dagrun for example_subdag_operator.section-2 to None, run_after=None
[2025-09-29T14:34:59.425+0000] {logging_mixin.py:190} INFO - [2025-09-29T14:34:59.425+0000] {dag.py:3239} INFO - Sync 2 DAGs
[2025-09-29T14:34:59.428+0000] {logging_mixin.py:190} INFO - [2025-09-29T14:34:59.428+0000] {dag.py:4180} INFO - Setting next_dagrun for example_subdag_operator.section-1 to None, run_after=None
[2025-09-29T14:34:59.429+0000] {logging_mixin.py:190} INFO - [2025-09-29T14:34:59.429+0000] {dag.py:4180} INFO - Setting next_dagrun for example_subdag_operator.section-2 to None, run_after=None
[2025-09-29T14:34:59.439+0000] {processor.py:208} INFO - Processing /home/airflow/.local/lib/python3.12/site-packages/airflow/example_dags/example_subdag_operator.py took 0.073 seconds
[2025-09-29T14:35:29.813+0000] {processor.py:186} INFO - Started process (PID=191) to work on /home/airflow/.local/lib/python3.12/site-packages/airflow/example_dags/example_subdag_operator.py
[2025-09-29T14:35:29.814+0000] {processor.py:914} INFO - Processing file /home/airflow/.local/lib/python3.12/site-packages/airflow/example_dags/example_subdag_operator.py for tasks to queue
[2025-09-29T14:35:29.816+0000] {logging_mixin.py:190} INFO - [2025-09-29T14:35:29.816+0000] {dagbag.py:588} INFO - Filling up the DagBag from /home/airflow/.local/lib/python3.12/site-packages/airflow/example_dags/example_subdag_operator.py
[2025-09-29T14:35:29.834+0000] {processor.py:925} INFO - DAG(s) 'example_subdag_operator.section-1', 'example_subdag_operator.section-2', 'example_subdag_operator' retrieved from /home/airflow/.local/lib/python3.12/site-packages/airflow/example_dags/example_subdag_operator.py
[2025-09-29T14:35:29.844+0000] {logging_mixin.py:190} INFO - [2025-09-29T14:35:29.844+0000] {dag.py:3239} INFO - Sync 3 DAGs
[2025-09-29T14:35:29.854+0000] {logging_mixin.py:190} INFO - [2025-09-29T14:35:29.854+0000] {dag.py:4180} INFO - Setting next_dagrun for example_subdag_operator to 2022-01-01 00:00:00+00:00, run_after=2022-01-01 00:00:00+00:00
[2025-09-29T14:35:29.856+0000] {logging_mixin.py:190} INFO - [2025-09-29T14:35:29.856+0000] {dag.py:4180} INFO - Setting next_dagrun for example_subdag_operator.section-1 to None, run_after=None
[2025-09-29T14:35:29.857+0000] {logging_mixin.py:190} INFO - [2025-09-29T14:35:29.857+0000] {dag.py:4180} INFO - Setting next_dagrun for example_subdag_operator.section-2 to None, run_after=None
[2025-09-29T14:35:29.861+0000] {logging_mixin.py:190} INFO - [2025-09-29T14:35:29.860+0000] {dag.py:3239} INFO - Sync 2 DAGs
[2025-09-29T14:35:29.863+0000] {logging_mixin.py:190} INFO - [2025-09-29T14:35:29.863+0000] {dag.py:4180} INFO - Setting next_dagrun for example_subdag_operator.section-1 to None, run_after=None
[2025-09-29T14:35:29.864+0000] {logging_mixin.py:190} INFO - [2025-09-29T14:35:29.864+0000] {dag.py:4180} INFO - Setting next_dagrun for example_subdag_operator.section-2 to None, run_after=None
[2025-09-29T14:35:29.873+0000] {processor.py:208} INFO - Processing /home/airflow/.local/lib/python3.12/site-packages/airflow/example_dags/example_subdag_operator.py took 0.064 seconds
[2025-09-29T14:36:00.031+0000] {processor.py:186} INFO - Started process (PID=255) to work on /home/airflow/.local/lib/python3.12/site-packages/airflow/example_dags/example_subdag_operator.py
[2025-09-29T14:36:00.032+0000] {processor.py:914} INFO - Processing file /home/airflow/.local/lib/python3.12/site-packages/airflow/example_dags/example_subdag_operator.py for tasks to queue
[2025-09-29T14:36:00.034+0000] {logging_mixin.py:190} INFO - [2025-09-29T14:36:00.033+0000] {dagbag.py:588} INFO - Filling up the DagBag from /home/airflow/.local/lib/python3.12/site-packages/airflow/example_dags/example_subdag_operator.py
[2025-09-29T14:36:00.046+0000] {processor.py:925} INFO - DAG(s) 'example_subdag_operator.section-1', 'example_subdag_operator.section-2', 'example_subdag_operator' retrieved from /home/airflow/.local/lib/python3.12/site-packages/airflow/example_dags/example_subdag_operator.py
[2025-09-29T14:36:00.057+0000] {logging_mixin.py:190} INFO - [2025-09-29T14:36:00.057+0000] {dag.py:3239} INFO - Sync 3 DAGs
[2025-09-29T14:36:00.072+0000] {logging_mixin.py:190} INFO - [2025-09-29T14:36:00.071+0000] {dag.py:4180} INFO - Setting next_dagrun for example_subdag_operator to 2022-01-01 00:00:00+00:00, run_after=2022-01-01 00:00:00+00:00
[2025-09-29T14:36:00.073+0000] {logging_mixin.py:190} INFO - [2025-09-29T14:36:00.073+0000] {dag.py:4180} INFO - Setting next_dagrun for example_subdag_operator.section-1 to None, run_after=None
[2025-09-29T14:36:00.074+0000] {logging_mixin.py:190} INFO - [2025-09-29T14:36:00.074+0000] {dag.py:4180} INFO - Setting next_dagrun for example_subdag_operator.section-2 to None, run_after=None
[2025-09-29T14:36:00.078+0000] {logging_mixin.py:190} INFO - [2025-09-29T14:36:00.078+0000] {dag.py:3239} INFO - Sync 2 DAGs
[2025-09-29T14:36:00.081+0000] {logging_mixin.py:190} INFO - [2025-09-29T14:36:00.081+0000] {dag.py:4180} INFO - Setting next_dagrun for example_subdag_operator.section-1 to None, run_after=None
[2025-09-29T14:36:00.082+0000] {logging_mixin.py:190} INFO - [2025-09-29T14:36:00.081+0000] {dag.py:4180} INFO - Setting next_dagrun for example_subdag_operator.section-2 to None, run_after=None
[2025-09-29T14:36:00.087+0000] {processor.py:208} INFO - Processing /home/airflow/.local/lib/python3.12/site-packages/airflow/example_dags/example_subdag_operator.py took 0.059 seconds
[2025-09-29T14:36:30.180+0000] {processor.py:186} INFO - Started process (PID=319) to work on /home/airflow/.local/lib/python3.12/site-packages/airflow/example_dags/example_subdag_operator.py
[2025-09-29T14:36:30.181+0000] {processor.py:914} INFO - Processing file /home/airflow/.local/lib/python3.12/site-packages/airflow/example_dags/example_subdag_operator.py for tasks to queue
[2025-09-29T14:36:30.183+0000] {logging_mixin.py:190} INFO - [2025-09-29T14:36:30.183+0000] {dagbag.py:588} INFO - Filling up the DagBag from /home/airflow/.local/lib/python3.12/site-packages/airflow/example_dags/example_subdag_operator.py
[2025-09-29T14:36:30.196+0000] {processor.py:925} INFO - DAG(s) 'example_subdag_operator.section-1', 'example_subdag_operator.section-2', 'example_subdag_operator' retrieved from /home/airflow/.local/lib/python3.12/site-packages/airflow/example_dags/example_subdag_operator.py
[2025-09-29T14:36:30.207+0000] {logging_mixin.py:190} INFO - [2025-09-29T14:36:30.207+0000] {dag.py:3239} INFO - Sync 3 DAGs
[2025-09-29T14:36:30.218+0000] {logging_mixin.py:190} INFO - [2025-09-29T14:36:30.218+0000] {dag.py:4180} INFO - Setting next_dagrun for example_subdag_operator to 2022-01-01 00:00:00+00:00, run_after=2022-01-01 00:00:00+00:00
[2025-09-29T14:36:30.221+0000] {logging_mixin.py:190} INFO - [2025-09-29T14:36:30.221+0000] {dag.py:4180} INFO - Setting next_dagrun for example_subdag_operator.section-1 to None, run_after=None
[2025-09-29T14:36:30.222+0000] {logging_mixin.py:190} INFO - [2025-09-29T14:36:30.222+0000] {dag.py:4180} INFO - Setting next_dagrun for example_subdag_operator.section-2 to None, run_after=None
[2025-09-29T14:36:30.226+0000] {logging_mixin.py:190} INFO - [2025-09-29T14:36:30.226+0000] {dag.py:3239} INFO - Sync 2 DAGs
[2025-09-29T14:36:30.229+0000] {logging_mixin.py:190} INFO - [2025-09-29T14:36:30.229+0000] {dag.py:4180} INFO - Setting next_dagrun for example_subdag_operator.section-1 to None, run_after=None
[2025-09-29T14:36:30.229+0000] {logging_mixin.py:190} INFO - [2025-09-29T14:36:30.229+0000] {dag.py:4180} INFO - Setting next_dagrun for example_subdag_operator.section-2 to None, run_after=None
[2025-09-29T14:36:30.235+0000] {processor.py:208} INFO - Processing /home/airflow/.local/lib/python3.12/site-packages/airflow/example_dags/example_subdag_operator.py took 0.058 seconds
[2025-09-29T14:37:00.395+0000] {processor.py:186} INFO - Started process (PID=383) to work on /home/airflow/.local/lib/python3.12/site-packages/airflow/example_dags/example_subdag_operator.py
[2025-09-29T14:37:00.396+0000] {processor.py:914} INFO - Processing file /home/airflow/.local/lib/python3.12/site-packages/airflow/example_dags/example_subdag_operator.py for tasks to queue
[2025-09-29T14:37:00.397+0000] {logging_mixin.py:190} INFO - [2025-09-29T14:37:00.397+0000] {dagbag.py:588} INFO - Filling up the DagBag from /home/airflow/.local/lib/python3.12/site-packages/airflow/example_dags/example_subdag_operator.py
[2025-09-29T14:37:00.415+0000] {processor.py:925} INFO - DAG(s) 'example_subdag_operator.section-1', 'example_subdag_operator.section-2', 'example_subdag_operator' retrieved from /home/airflow/.local/lib/python3.12/site-packages/airflow/example_dags/example_subdag_operator.py
[2025-09-29T14:37:00.423+0000] {logging_mixin.py:190} INFO - [2025-09-29T14:37:00.423+0000] {dag.py:3239} INFO - Sync 3 DAGs
[2025-09-29T14:37:00.437+0000] {logging_mixin.py:190} INFO - [2025-09-29T14:37:00.437+0000] {dag.py:4180} INFO - Setting next_dagrun for example_subdag_operator to 2022-01-01 00:00:00+00:00, run_after=2022-01-01 00:00:00+00:00
[2025-09-29T14:37:00.439+0000] {logging_mixin.py:190} INFO - [2025-09-29T14:37:00.439+0000] {dag.py:4180} INFO - Setting next_dagrun for example_subdag_operator.section-1 to None, run_after=None
[2025-09-29T14:37:00.441+0000] {logging_mixin.py:190} INFO - [2025-09-29T14:37:00.441+0000] {dag.py:4180} INFO - Setting next_dagrun for example_subdag_operator.section-2 to None, run_after=None
[2025-09-29T14:37:00.447+0000] {logging_mixin.py:190} INFO - [2025-09-29T14:37:00.447+0000] {dag.py:3239} INFO - Sync 2 DAGs
[2025-09-29T14:37:00.450+0000] {logging_mixin.py:190} INFO - [2025-09-29T14:37:00.450+0000] {dag.py:4180} INFO - Setting next_dagrun for example_subdag_operator.section-1 to None, run_after=None
[2025-09-29T14:37:00.450+0000] {logging_mixin.py:190} INFO - [2025-09-29T14:37:00.450+0000] {dag.py:4180} INFO - Setting next_dagrun for example_subdag_operator.section-2 to None, run_after=None
[2025-09-29T14:37:00.457+0000] {processor.py:208} INFO - Processing /home/airflow/.local/lib/python3.12/site-packages/airflow/example_dags/example_subdag_operator.py took 0.065 seconds
[2025-09-29T14:37:30.727+0000] {processor.py:186} INFO - Started process (PID=446) to work on /home/airflow/.local/lib/python3.12/site-packages/airflow/example_dags/example_subdag_operator.py
[2025-09-29T14:37:30.729+0000] {processor.py:914} INFO - Processing file /home/airflow/.local/lib/python3.12/site-packages/airflow/example_dags/example_subdag_operator.py for tasks to queue
[2025-09-29T14:37:30.731+0000] {logging_mixin.py:190} INFO - [2025-09-29T14:37:30.731+0000] {dagbag.py:588} INFO - Filling up the DagBag from /home/airflow/.local/lib/python3.12/site-packages/airflow/example_dags/example_subdag_operator.py
[2025-09-29T14:37:30.750+0000] {processor.py:925} INFO - DAG(s) 'example_subdag_operator.section-1', 'example_subdag_operator.section-2', 'example_subdag_operator' retrieved from /home/airflow/.local/lib/python3.12/site-packages/airflow/example_dags/example_subdag_operator.py
[2025-09-29T14:37:30.760+0000] {logging_mixin.py:190} INFO - [2025-09-29T14:37:30.760+0000] {dag.py:3239} INFO - Sync 3 DAGs
[2025-09-29T14:37:30.774+0000] {logging_mixin.py:190} INFO - [2025-09-29T14:37:30.774+0000] {dag.py:4180} INFO - Setting next_dagrun for example_subdag_operator to 2022-01-01 00:00:00+00:00, run_after=2022-01-01 00:00:00+00:00
[2025-09-29T14:37:30.777+0000] {logging_mixin.py:190} INFO - [2025-09-29T14:37:30.777+0000] {dag.py:4180} INFO - Setting next_dagrun for example_subdag_operator.section-1 to None, run_after=None
[2025-09-29T14:37:30.778+0000] {logging_mixin.py:190} INFO - [2025-09-29T14:37:30.778+0000] {dag.py:4180} INFO - Setting next_dagrun for example_subdag_operator.section-2 to None, run_after=None
[2025-09-29T14:37:30.784+0000] {logging_mixin.py:190} INFO - [2025-09-29T14:37:30.783+0000] {dag.py:3239} INFO - Sync 2 DAGs
[2025-09-29T14:37:30.787+0000] {logging_mixin.py:190} INFO - [2025-09-29T14:37:30.787+0000] {dag.py:4180} INFO - Setting next_dagrun for example_subdag_operator.section-1 to None, run_after=None
[2025-09-29T14:37:30.788+0000] {logging_mixin.py:190} INFO - [2025-09-29T14:37:30.788+0000] {dag.py:4180} INFO - Setting next_dagrun for example_subdag_operator.section-2 to None, run_after=None
[2025-09-29T14:37:30.793+0000] {processor.py:208} INFO - Processing /home/airflow/.local/lib/python3.12/site-packages/airflow/example_dags/example_subdag_operator.py took 0.069 seconds
[2025-09-29T14:38:01.154+0000] {processor.py:186} INFO - Started process (PID=516) to work on /home/airflow/.local/lib/python3.12/site-packages/airflow/example_dags/example_subdag_operator.py
[2025-09-29T14:38:01.154+0000] {processor.py:914} INFO - Processing file /home/airflow/.local/lib/python3.12/site-packages/airflow/example_dags/example_subdag_operator.py for tasks to queue
[2025-09-29T14:38:01.155+0000] {logging_mixin.py:190} INFO - [2025-09-29T14:38:01.155+0000] {dagbag.py:588} INFO - Filling up the DagBag from /home/airflow/.local/lib/python3.12/site-packages/airflow/example_dags/example_subdag_operator.py
[2025-09-29T14:38:01.171+0000] {processor.py:925} INFO - DAG(s) 'example_subdag_operator.section-1', 'example_subdag_operator.section-2', 'example_subdag_operator' retrieved from /home/airflow/.local/lib/python3.12/site-packages/airflow/example_dags/example_subdag_operator.py
[2025-09-29T14:38:01.180+0000] {logging_mixin.py:190} INFO - [2025-09-29T14:38:01.179+0000] {dag.py:3239} INFO - Sync 3 DAGs
[2025-09-29T14:38:01.192+0000] {logging_mixin.py:190} INFO - [2025-09-29T14:38:01.192+0000] {dag.py:4180} INFO - Setting next_dagrun for example_subdag_operator to 2022-01-01 00:00:00+00:00, run_after=2022-01-01 00:00:00+00:00
[2025-09-29T14:38:01.197+0000] {logging_mixin.py:190} INFO - [2025-09-29T14:38:01.197+0000] {dag.py:4180} INFO - Setting next_dagrun for example_subdag_operator.section-1 to None, run_after=None
[2025-09-29T14:38:01.199+0000] {logging_mixin.py:190} INFO - [2025-09-29T14:38:01.199+0000] {dag.py:4180} INFO - Setting next_dagrun for example_subdag_operator.section-2 to None, run_after=None
[2025-09-29T14:38:01.204+0000] {logging_mixin.py:190} INFO - [2025-09-29T14:38:01.204+0000] {dag.py:3239} INFO - Sync 2 DAGs
[2025-09-29T14:38:01.211+0000] {logging_mixin.py:190} INFO - [2025-09-29T14:38:01.211+0000] {dag.py:4180} INFO - Setting next_dagrun for example_subdag_operator.section-1 to None, run_after=None
[2025-09-29T14:38:01.211+0000] {logging_mixin.py:190} INFO - [2025-09-29T14:38:01.211+0000] {dag.py:4180} INFO - Setting next_dagrun for example_subdag_operator.section-2 to None, run_after=None
[2025-09-29T14:38:01.223+0000] {processor.py:208} INFO - Processing /home/airflow/.local/lib/python3.12/site-packages/airflow/example_dags/example_subdag_operator.py took 0.073 seconds
[2025-09-29T14:38:31.532+0000] {processor.py:186} INFO - Started process (PID=588) to work on /home/airflow/.local/lib/python3.12/site-packages/airflow/example_dags/example_subdag_operator.py
[2025-09-29T14:38:31.534+0000] {processor.py:914} INFO - Processing file /home/airflow/.local/lib/python3.12/site-packages/airflow/example_dags/example_subdag_operator.py for tasks to queue
[2025-09-29T14:38:31.536+0000] {logging_mixin.py:190} INFO - [2025-09-29T14:38:31.536+0000] {dagbag.py:588} INFO - Filling up the DagBag from /home/airflow/.local/lib/python3.12/site-packages/airflow/example_dags/example_subdag_operator.py
[2025-09-29T14:38:31.551+0000] {processor.py:925} INFO - DAG(s) 'example_subdag_operator.section-1', 'example_subdag_operator.section-2', 'example_subdag_operator' retrieved from /home/airflow/.local/lib/python3.12/site-packages/airflow/example_dags/example_subdag_operator.py
[2025-09-29T14:38:31.561+0000] {logging_mixin.py:190} INFO - [2025-09-29T14:38:31.561+0000] {dag.py:3239} INFO - Sync 3 DAGs
[2025-09-29T14:38:31.573+0000] {logging_mixin.py:190} INFO - [2025-09-29T14:38:31.573+0000] {dag.py:4180} INFO - Setting next_dagrun for example_subdag_operator to 2022-01-01 00:00:00+00:00, run_after=2022-01-01 00:00:00+00:00
[2025-09-29T14:38:31.575+0000] {logging_mixin.py:190} INFO - [2025-09-29T14:38:31.575+0000] {dag.py:4180} INFO - Setting next_dagrun for example_subdag_operator.section-1 to None, run_after=None
[2025-09-29T14:38:31.576+0000] {logging_mixin.py:190} INFO - [2025-09-29T14:38:31.575+0000] {dag.py:4180} INFO - Setting next_dagrun for example_subdag_operator.section-2 to None, run_after=None
[2025-09-29T14:38:31.580+0000] {logging_mixin.py:190} INFO - [2025-09-29T14:38:31.580+0000] {dag.py:3239} INFO - Sync 2 DAGs
[2025-09-29T14:38:31.583+0000] {logging_mixin.py:190} INFO - [2025-09-29T14:38:31.583+0000] {dag.py:4180} INFO - Setting next_dagrun for example_subdag_operator.section-1 to None, run_after=None
[2025-09-29T14:38:31.583+0000] {logging_mixin.py:190} INFO - [2025-09-29T14:38:31.583+0000] {dag.py:4180} INFO - Setting next_dagrun for example_subdag_operator.section-2 to None, run_after=None
[2025-09-29T14:38:31.593+0000] {processor.py:208} INFO - Processing /home/airflow/.local/lib/python3.12/site-packages/airflow/example_dags/example_subdag_operator.py took 0.064 seconds
[2025-09-29T14:39:01.971+0000] {processor.py:186} INFO - Started process (PID=651) to work on /home/airflow/.local/lib/python3.12/site-packages/airflow/example_dags/example_subdag_operator.py
[2025-09-29T14:39:01.972+0000] {processor.py:914} INFO - Processing file /home/airflow/.local/lib/python3.12/site-packages/airflow/example_dags/example_subdag_operator.py for tasks to queue
[2025-09-29T14:39:01.974+0000] {logging_mixin.py:190} INFO - [2025-09-29T14:39:01.974+0000] {dagbag.py:588} INFO - Filling up the DagBag from /home/airflow/.local/lib/python3.12/site-packages/airflow/example_dags/example_subdag_operator.py
[2025-09-29T14:39:01.991+0000] {processor.py:925} INFO - DAG(s) 'example_subdag_operator.section-1', 'example_subdag_operator.section-2', 'example_subdag_operator' retrieved from /home/airflow/.local/lib/python3.12/site-packages/airflow/example_dags/example_subdag_operator.py
[2025-09-29T14:39:02.000+0000] {logging_mixin.py:190} INFO - [2025-09-29T14:39:01.999+0000] {dag.py:3239} INFO - Sync 3 DAGs
[2025-09-29T14:39:02.012+0000] {logging_mixin.py:190} INFO - [2025-09-29T14:39:02.012+0000] {dag.py:4180} INFO - Setting next_dagrun for example_subdag_operator to 2022-01-01 00:00:00+00:00, run_after=2022-01-01 00:00:00+00:00
[2025-09-29T14:39:02.016+0000] {logging_mixin.py:190} INFO - [2025-09-29T14:39:02.016+0000] {dag.py:4180} INFO - Setting next_dagrun for example_subdag_operator.section-1 to None, run_after=None
[2025-09-29T14:39:02.018+0000] {logging_mixin.py:190} INFO - [2025-09-29T14:39:02.017+0000] {dag.py:4180} INFO - Setting next_dagrun for example_subdag_operator.section-2 to None, run_after=None
[2025-09-29T14:39:02.023+0000] {logging_mixin.py:190} INFO - [2025-09-29T14:39:02.023+0000] {dag.py:3239} INFO - Sync 2 DAGs
[2025-09-29T14:39:02.026+0000] {logging_mixin.py:190} INFO - [2025-09-29T14:39:02.026+0000] {dag.py:4180} INFO - Setting next_dagrun for example_subdag_operator.section-1 to None, run_after=None
[2025-09-29T14:39:02.027+0000] {logging_mixin.py:190} INFO - [2025-09-29T14:39:02.027+0000] {dag.py:4180} INFO - Setting next_dagrun for example_subdag_operator.section-2 to None, run_after=None
[2025-09-29T14:39:02.036+0000] {processor.py:208} INFO - Processing /home/airflow/.local/lib/python3.12/site-packages/airflow/example_dags/example_subdag_operator.py took 0.069 seconds
[2025-09-29T14:39:32.489+0000] {processor.py:186} INFO - Started process (PID=714) to work on /home/airflow/.local/lib/python3.12/site-packages/airflow/example_dags/example_subdag_operator.py
[2025-09-29T14:39:32.490+0000] {processor.py:914} INFO - Processing file /home/airflow/.local/lib/python3.12/site-packages/airflow/example_dags/example_subdag_operator.py for tasks to queue
[2025-09-29T14:39:32.491+0000] {logging_mixin.py:190} INFO - [2025-09-29T14:39:32.491+0000] {dagbag.py:588} INFO - Filling up the DagBag from /home/airflow/.local/lib/python3.12/site-packages/airflow/example_dags/example_subdag_operator.py
[2025-09-29T14:39:32.511+0000] {processor.py:925} INFO - DAG(s) 'example_subdag_operator.section-1', 'example_subdag_operator.section-2', 'example_subdag_operator' retrieved from /home/airflow/.local/lib/python3.12/site-packages/airflow/example_dags/example_subdag_operator.py
[2025-09-29T14:39:32.522+0000] {logging_mixin.py:190} INFO - [2025-09-29T14:39:32.522+0000] {dag.py:3239} INFO - Sync 3 DAGs
[2025-09-29T14:39:32.535+0000] {logging_mixin.py:190} INFO - [2025-09-29T14:39:32.534+0000] {dag.py:4180} INFO - Setting next_dagrun for example_subdag_operator to 2022-01-01 00:00:00+00:00, run_after=2022-01-01 00:00:00+00:00
[2025-09-29T14:39:32.538+0000] {logging_mixin.py:190} INFO - [2025-09-29T14:39:32.538+0000] {dag.py:4180} INFO - Setting next_dagrun for example_subdag_operator.section-1 to None, run_after=None
[2025-09-29T14:39:32.540+0000] {logging_mixin.py:190} INFO - [2025-09-29T14:39:32.540+0000] {dag.py:4180} INFO - Setting next_dagrun for example_subdag_operator.section-2 to None, run_after=None
[2025-09-29T14:39:32.544+0000] {logging_mixin.py:190} INFO - [2025-09-29T14:39:32.544+0000] {dag.py:3239} INFO - Sync 2 DAGs
[2025-09-29T14:39:32.549+0000] {logging_mixin.py:190} INFO - [2025-09-29T14:39:32.549+0000] {dag.py:4180} INFO - Setting next_dagrun for example_subdag_operator.section-1 to None, run_after=None
[2025-09-29T14:39:32.549+0000] {logging_mixin.py:190} INFO - [2025-09-29T14:39:32.549+0000] {dag.py:4180} INFO - Setting next_dagrun for example_subdag_operator.section-2 to None, run_after=None
[2025-09-29T14:39:32.556+0000] {processor.py:208} INFO - Processing /home/airflow/.local/lib/python3.12/site-packages/airflow/example_dags/example_subdag_operator.py took 0.071 seconds
[2025-09-29T14:40:03.012+0000] {processor.py:186} INFO - Started process (PID=778) to work on /home/airflow/.local/lib/python3.12/site-packages/airflow/example_dags/example_subdag_operator.py
[2025-09-29T14:40:03.012+0000] {processor.py:914} INFO - Processing file /home/airflow/.local/lib/python3.12/site-packages/airflow/example_dags/example_subdag_operator.py for tasks to queue
[2025-09-29T14:40:03.014+0000] {logging_mixin.py:190} INFO - [2025-09-29T14:40:03.013+0000] {dagbag.py:588} INFO - Filling up the DagBag from /home/airflow/.local/lib/python3.12/site-packages/airflow/example_dags/example_subdag_operator.py
[2025-09-29T14:40:03.030+0000] {processor.py:925} INFO - DAG(s) 'example_subdag_operator.section-1', 'example_subdag_operator.section-2', 'example_subdag_operator' retrieved from /home/airflow/.local/lib/python3.12/site-packages/airflow/example_dags/example_subdag_operator.py
[2025-09-29T14:40:03.037+0000] {logging_mixin.py:190} INFO - [2025-09-29T14:40:03.037+0000] {dag.py:3239} INFO - Sync 3 DAGs
[2025-09-29T14:40:03.046+0000] {logging_mixin.py:190} INFO - [2025-09-29T14:40:03.046+0000] {dag.py:4180} INFO - Setting next_dagrun for example_subdag_operator to 2022-01-01 00:00:00+00:00, run_after=2022-01-01 00:00:00+00:00
[2025-09-29T14:40:03.050+0000] {logging_mixin.py:190} INFO - [2025-09-29T14:40:03.050+0000] {dag.py:4180} INFO - Setting next_dagrun for example_subdag_operator.section-1 to None, run_after=None
[2025-09-29T14:40:03.051+0000] {logging_mixin.py:190} INFO - [2025-09-29T14:40:03.051+0000] {dag.py:4180} INFO - Setting next_dagrun for example_subdag_operator.section-2 to None, run_after=None
[2025-09-29T14:40:03.056+0000] {logging_mixin.py:190} INFO - [2025-09-29T14:40:03.056+0000] {dag.py:3239} INFO - Sync 2 DAGs
[2025-09-29T14:40:03.059+0000] {logging_mixin.py:190} INFO - [2025-09-29T14:40:03.059+0000] {dag.py:4180} INFO - Setting next_dagrun for example_subdag_operator.section-1 to None, run_after=None
[2025-09-29T14:40:03.060+0000] {logging_mixin.py:190} INFO - [2025-09-29T14:40:03.060+0000] {dag.py:4180} INFO - Setting next_dagrun for example_subdag_operator.section-2 to None, run_after=None
[2025-09-29T14:40:03.067+0000] {processor.py:208} INFO - Processing /home/airflow/.local/lib/python3.12/site-packages/airflow/example_dags/example_subdag_operator.py took 0.059 seconds
[2025-09-29T14:40:33.370+0000] {processor.py:186} INFO - Started process (PID=841) to work on /home/airflow/.local/lib/python3.12/site-packages/airflow/example_dags/example_subdag_operator.py
[2025-09-29T14:40:33.371+0000] {processor.py:914} INFO - Processing file /home/airflow/.local/lib/python3.12/site-packages/airflow/example_dags/example_subdag_operator.py for tasks to queue
[2025-09-29T14:40:33.372+0000] {logging_mixin.py:190} INFO - [2025-09-29T14:40:33.372+0000] {dagbag.py:588} INFO - Filling up the DagBag from /home/airflow/.local/lib/python3.12/site-packages/airflow/example_dags/example_subdag_operator.py
[2025-09-29T14:40:33.386+0000] {processor.py:925} INFO - DAG(s) 'example_subdag_operator.section-1', 'example_subdag_operator.section-2', 'example_subdag_operator' retrieved from /home/airflow/.local/lib/python3.12/site-packages/airflow/example_dags/example_subdag_operator.py
[2025-09-29T14:40:33.395+0000] {logging_mixin.py:190} INFO - [2025-09-29T14:40:33.394+0000] {dag.py:3239} INFO - Sync 3 DAGs
[2025-09-29T14:40:33.408+0000] {logging_mixin.py:190} INFO - [2025-09-29T14:40:33.408+0000] {dag.py:4180} INFO - Setting next_dagrun for example_subdag_operator to 2022-01-01 00:00:00+00:00, run_after=2022-01-01 00:00:00+00:00
[2025-09-29T14:40:33.411+0000] {logging_mixin.py:190} INFO - [2025-09-29T14:40:33.410+0000] {dag.py:4180} INFO - Setting next_dagrun for example_subdag_operator.section-1 to None, run_after=None
[2025-09-29T14:40:33.412+0000] {logging_mixin.py:190} INFO - [2025-09-29T14:40:33.412+0000] {dag.py:4180} INFO - Setting next_dagrun for example_subdag_operator.section-2 to None, run_after=None
[2025-09-29T14:40:33.419+0000] {logging_mixin.py:190} INFO - [2025-09-29T14:40:33.418+0000] {dag.py:3239} INFO - Sync 2 DAGs
[2025-09-29T14:40:33.426+0000] {logging_mixin.py:190} INFO - [2025-09-29T14:40:33.426+0000] {dag.py:4180} INFO - Setting next_dagrun for example_subdag_operator.section-1 to None, run_after=None
[2025-09-29T14:40:33.430+0000] {logging_mixin.py:190} INFO - [2025-09-29T14:40:33.430+0000] {dag.py:4180} INFO - Setting next_dagrun for example_subdag_operator.section-2 to None, run_after=None
[2025-09-29T14:40:33.437+0000] {processor.py:208} INFO - Processing /home/airflow/.local/lib/python3.12/site-packages/airflow/example_dags/example_subdag_operator.py took 0.070 seconds
[2025-09-29T14:41:03.763+0000] {processor.py:186} INFO - Started process (PID=907) to work on /home/airflow/.local/lib/python3.12/site-packages/airflow/example_dags/example_subdag_operator.py
[2025-09-29T14:41:03.764+0000] {processor.py:914} INFO - Processing file /home/airflow/.local/lib/python3.12/site-packages/airflow/example_dags/example_subdag_operator.py for tasks to queue
[2025-09-29T14:41:03.766+0000] {logging_mixin.py:190} INFO - [2025-09-29T14:41:03.766+0000] {dagbag.py:588} INFO - Filling up the DagBag from /home/airflow/.local/lib/python3.12/site-packages/airflow/example_dags/example_subdag_operator.py
[2025-09-29T14:41:03.780+0000] {processor.py:925} INFO - DAG(s) 'example_subdag_operator.section-1', 'example_subdag_operator.section-2', 'example_subdag_operator' retrieved from /home/airflow/.local/lib/python3.12/site-packages/airflow/example_dags/example_subdag_operator.py
[2025-09-29T14:41:03.787+0000] {logging_mixin.py:190} INFO - [2025-09-29T14:41:03.787+0000] {dag.py:3239} INFO - Sync 3 DAGs
[2025-09-29T14:41:03.799+0000] {logging_mixin.py:190} INFO - [2025-09-29T14:41:03.799+0000] {dag.py:4180} INFO - Setting next_dagrun for example_subdag_operator to 2022-01-01 00:00:00+00:00, run_after=2022-01-01 00:00:00+00:00
[2025-09-29T14:41:03.801+0000] {logging_mixin.py:190} INFO - [2025-09-29T14:41:03.801+0000] {dag.py:4180} INFO - Setting next_dagrun for example_subdag_operator.section-1 to None, run_after=None
[2025-09-29T14:41:03.802+0000] {logging_mixin.py:190} INFO - [2025-09-29T14:41:03.802+0000] {dag.py:4180} INFO - Setting next_dagrun for example_subdag_operator.section-2 to None, run_after=None
[2025-09-29T14:41:03.805+0000] {logging_mixin.py:190} INFO - [2025-09-29T14:41:03.805+0000] {dag.py:3239} INFO - Sync 2 DAGs
[2025-09-29T14:41:03.808+0000] {logging_mixin.py:190} INFO - [2025-09-29T14:41:03.808+0000] {dag.py:4180} INFO - Setting next_dagrun for example_subdag_operator.section-1 to None, run_after=None
[2025-09-29T14:41:03.808+0000] {logging_mixin.py:190} INFO - [2025-09-29T14:41:03.808+0000] {dag.py:4180} INFO - Setting next_dagrun for example_subdag_operator.section-2 to None, run_after=None
[2025-09-29T14:41:03.814+0000] {processor.py:208} INFO - Processing /home/airflow/.local/lib/python3.12/site-packages/airflow/example_dags/example_subdag_operator.py took 0.054 seconds
[2025-09-29T14:41:34.039+0000] {processor.py:186} INFO - Started process (PID=971) to work on /home/airflow/.local/lib/python3.12/site-packages/airflow/example_dags/example_subdag_operator.py
[2025-09-29T14:41:34.040+0000] {processor.py:914} INFO - Processing file /home/airflow/.local/lib/python3.12/site-packages/airflow/example_dags/example_subdag_operator.py for tasks to queue
[2025-09-29T14:41:34.042+0000] {logging_mixin.py:190} INFO - [2025-09-29T14:41:34.042+0000] {dagbag.py:588} INFO - Filling up the DagBag from /home/airflow/.local/lib/python3.12/site-packages/airflow/example_dags/example_subdag_operator.py
[2025-09-29T14:41:34.065+0000] {processor.py:925} INFO - DAG(s) 'example_subdag_operator.section-1', 'example_subdag_operator.section-2', 'example_subdag_operator' retrieved from /home/airflow/.local/lib/python3.12/site-packages/airflow/example_dags/example_subdag_operator.py
[2025-09-29T14:41:34.074+0000] {logging_mixin.py:190} INFO - [2025-09-29T14:41:34.074+0000] {dag.py:3239} INFO - Sync 3 DAGs
[2025-09-29T14:41:34.088+0000] {logging_mixin.py:190} INFO - [2025-09-29T14:41:34.088+0000] {dag.py:4180} INFO - Setting next_dagrun for example_subdag_operator to 2022-01-01 00:00:00+00:00, run_after=2022-01-01 00:00:00+00:00
[2025-09-29T14:41:34.091+0000] {logging_mixin.py:190} INFO - [2025-09-29T14:41:34.091+0000] {dag.py:4180} INFO - Setting next_dagrun for example_subdag_operator.section-1 to None, run_after=None
[2025-09-29T14:41:34.092+0000] {logging_mixin.py:190} INFO - [2025-09-29T14:41:34.092+0000] {dag.py:4180} INFO - Setting next_dagrun for example_subdag_operator.section-2 to None, run_after=None
[2025-09-29T14:41:34.096+0000] {logging_mixin.py:190} INFO - [2025-09-29T14:41:34.096+0000] {dag.py:3239} INFO - Sync 2 DAGs
[2025-09-29T14:41:34.099+0000] {logging_mixin.py:190} INFO - [2025-09-29T14:41:34.099+0000] {dag.py:4180} INFO - Setting next_dagrun for example_subdag_operator.section-1 to None, run_after=None
[2025-09-29T14:41:34.100+0000] {logging_mixin.py:190} INFO - [2025-09-29T14:41:34.100+0000] {dag.py:4180} INFO - Setting next_dagrun for example_subdag_operator.section-2 to None, run_after=None
[2025-09-29T14:41:34.109+0000] {processor.py:208} INFO - Processing /home/airflow/.local/lib/python3.12/site-packages/airflow/example_dags/example_subdag_operator.py took 0.074 seconds
[2025-09-29T14:42:04.559+0000] {processor.py:186} INFO - Started process (PID=1036) to work on /home/airflow/.local/lib/python3.12/site-packages/airflow/example_dags/example_subdag_operator.py
[2025-09-29T14:42:04.559+0000] {processor.py:914} INFO - Processing file /home/airflow/.local/lib/python3.12/site-packages/airflow/example_dags/example_subdag_operator.py for tasks to queue
[2025-09-29T14:42:04.561+0000] {logging_mixin.py:190} INFO - [2025-09-29T14:42:04.561+0000] {dagbag.py:588} INFO - Filling up the DagBag from /home/airflow/.local/lib/python3.12/site-packages/airflow/example_dags/example_subdag_operator.py
[2025-09-29T14:42:04.578+0000] {processor.py:925} INFO - DAG(s) 'example_subdag_operator.section-1', 'example_subdag_operator.section-2', 'example_subdag_operator' retrieved from /home/airflow/.local/lib/python3.12/site-packages/airflow/example_dags/example_subdag_operator.py
[2025-09-29T14:42:04.586+0000] {logging_mixin.py:190} INFO - [2025-09-29T14:42:04.585+0000] {dag.py:3239} INFO - Sync 3 DAGs
[2025-09-29T14:42:04.603+0000] {logging_mixin.py:190} INFO - [2025-09-29T14:42:04.603+0000] {dag.py:4180} INFO - Setting next_dagrun for example_subdag_operator to 2022-01-01 00:00:00+00:00, run_after=2022-01-01 00:00:00+00:00
[2025-09-29T14:42:04.606+0000] {logging_mixin.py:190} INFO - [2025-09-29T14:42:04.606+0000] {dag.py:4180} INFO - Setting next_dagrun for example_subdag_operator.section-1 to None, run_after=None
[2025-09-29T14:42:04.607+0000] {logging_mixin.py:190} INFO - [2025-09-29T14:42:04.607+0000] {dag.py:4180} INFO - Setting next_dagrun for example_subdag_operator.section-2 to None, run_after=None
[2025-09-29T14:42:04.611+0000] {logging_mixin.py:190} INFO - [2025-09-29T14:42:04.611+0000] {dag.py:3239} INFO - Sync 2 DAGs
[2025-09-29T14:42:04.614+0000] {logging_mixin.py:190} INFO - [2025-09-29T14:42:04.614+0000] {dag.py:4180} INFO - Setting next_dagrun for example_subdag_operator.section-1 to None, run_after=None
[2025-09-29T14:42:04.615+0000] {logging_mixin.py:190} INFO - [2025-09-29T14:42:04.615+0000] {dag.py:4180} INFO - Setting next_dagrun for example_subdag_operator.section-2 to None, run_after=None
[2025-09-29T14:42:04.622+0000] {processor.py:208} INFO - Processing /home/airflow/.local/lib/python3.12/site-packages/airflow/example_dags/example_subdag_operator.py took 0.067 seconds
[2025-09-29T14:42:34.941+0000] {processor.py:186} INFO - Started process (PID=1100) to work on /home/airflow/.local/lib/python3.12/site-packages/airflow/example_dags/example_subdag_operator.py
[2025-09-29T14:42:34.944+0000] {processor.py:914} INFO - Processing file /home/airflow/.local/lib/python3.12/site-packages/airflow/example_dags/example_subdag_operator.py for tasks to queue
[2025-09-29T14:42:34.945+0000] {logging_mixin.py:190} INFO - [2025-09-29T14:42:34.945+0000] {dagbag.py:588} INFO - Filling up the DagBag from /home/airflow/.local/lib/python3.12/site-packages/airflow/example_dags/example_subdag_operator.py
[2025-09-29T14:42:34.963+0000] {processor.py:925} INFO - DAG(s) 'example_subdag_operator.section-1', 'example_subdag_operator.section-2', 'example_subdag_operator' retrieved from /home/airflow/.local/lib/python3.12/site-packages/airflow/example_dags/example_subdag_operator.py
[2025-09-29T14:42:34.973+0000] {logging_mixin.py:190} INFO - [2025-09-29T14:42:34.972+0000] {dag.py:3239} INFO - Sync 3 DAGs
[2025-09-29T14:42:34.985+0000] {logging_mixin.py:190} INFO - [2025-09-29T14:42:34.985+0000] {dag.py:4180} INFO - Setting next_dagrun for example_subdag_operator to 2022-01-01 00:00:00+00:00, run_after=2022-01-01 00:00:00+00:00
[2025-09-29T14:42:34.988+0000] {logging_mixin.py:190} INFO - [2025-09-29T14:42:34.988+0000] {dag.py:4180} INFO - Setting next_dagrun for example_subdag_operator.section-1 to None, run_after=None
[2025-09-29T14:42:34.990+0000] {logging_mixin.py:190} INFO - [2025-09-29T14:42:34.990+0000] {dag.py:4180} INFO - Setting next_dagrun for example_subdag_operator.section-2 to None, run_after=None
[2025-09-29T14:42:34.996+0000] {logging_mixin.py:190} INFO - [2025-09-29T14:42:34.996+0000] {dag.py:3239} INFO - Sync 2 DAGs
[2025-09-29T14:42:35.001+0000] {logging_mixin.py:190} INFO - [2025-09-29T14:42:35.001+0000] {dag.py:4180} INFO - Setting next_dagrun for example_subdag_operator.section-1 to None, run_after=None
[2025-09-29T14:42:35.002+0000] {logging_mixin.py:190} INFO - [2025-09-29T14:42:35.001+0000] {dag.py:4180} INFO - Setting next_dagrun for example_subdag_operator.section-2 to None, run_after=None
[2025-09-29T14:42:35.012+0000] {processor.py:208} INFO - Processing /home/airflow/.local/lib/python3.12/site-packages/airflow/example_dags/example_subdag_operator.py took 0.074 seconds
[2025-09-29T14:43:05.289+0000] {processor.py:186} INFO - Started process (PID=1164) to work on /home/airflow/.local/lib/python3.12/site-packages/airflow/example_dags/example_subdag_operator.py
[2025-09-29T14:43:05.291+0000] {processor.py:914} INFO - Processing file /home/airflow/.local/lib/python3.12/site-packages/airflow/example_dags/example_subdag_operator.py for tasks to queue
[2025-09-29T14:43:05.293+0000] {logging_mixin.py:190} INFO - [2025-09-29T14:43:05.292+0000] {dagbag.py:588} INFO - Filling up the DagBag from /home/airflow/.local/lib/python3.12/site-packages/airflow/example_dags/example_subdag_operator.py
[2025-09-29T14:43:05.310+0000] {processor.py:925} INFO - DAG(s) 'example_subdag_operator.section-1', 'example_subdag_operator.section-2', 'example_subdag_operator' retrieved from /home/airflow/.local/lib/python3.12/site-packages/airflow/example_dags/example_subdag_operator.py
[2025-09-29T14:43:05.318+0000] {logging_mixin.py:190} INFO - [2025-09-29T14:43:05.318+0000] {dag.py:3239} INFO - Sync 3 DAGs
[2025-09-29T14:43:05.329+0000] {logging_mixin.py:190} INFO - [2025-09-29T14:43:05.329+0000] {dag.py:4180} INFO - Setting next_dagrun for example_subdag_operator to 2022-01-01 00:00:00+00:00, run_after=2022-01-01 00:00:00+00:00
[2025-09-29T14:43:05.332+0000] {logging_mixin.py:190} INFO - [2025-09-29T14:43:05.332+0000] {dag.py:4180} INFO - Setting next_dagrun for example_subdag_operator.section-1 to None, run_after=None
[2025-09-29T14:43:05.333+0000] {logging_mixin.py:190} INFO - [2025-09-29T14:43:05.333+0000] {dag.py:4180} INFO - Setting next_dagrun for example_subdag_operator.section-2 to None, run_after=None
[2025-09-29T14:43:05.337+0000] {logging_mixin.py:190} INFO - [2025-09-29T14:43:05.337+0000] {dag.py:3239} INFO - Sync 2 DAGs
[2025-09-29T14:43:05.340+0000] {logging_mixin.py:190} INFO - [2025-09-29T14:43:05.340+0000] {dag.py:4180} INFO - Setting next_dagrun for example_subdag_operator.section-1 to None, run_after=None
[2025-09-29T14:43:05.341+0000] {logging_mixin.py:190} INFO - [2025-09-29T14:43:05.341+0000] {dag.py:4180} INFO - Setting next_dagrun for example_subdag_operator.section-2 to None, run_after=None
[2025-09-29T14:43:05.346+0000] {processor.py:208} INFO - Processing /home/airflow/.local/lib/python3.12/site-packages/airflow/example_dags/example_subdag_operator.py took 0.060 seconds
[2025-09-29T14:43:35.538+0000] {processor.py:186} INFO - Started process (PID=1228) to work on /home/airflow/.local/lib/python3.12/site-packages/airflow/example_dags/example_subdag_operator.py
[2025-09-29T14:43:35.538+0000] {processor.py:914} INFO - Processing file /home/airflow/.local/lib/python3.12/site-packages/airflow/example_dags/example_subdag_operator.py for tasks to queue
[2025-09-29T14:43:35.539+0000] {logging_mixin.py:190} INFO - [2025-09-29T14:43:35.539+0000] {dagbag.py:588} INFO - Filling up the DagBag from /home/airflow/.local/lib/python3.12/site-packages/airflow/example_dags/example_subdag_operator.py
[2025-09-29T14:43:35.554+0000] {processor.py:925} INFO - DAG(s) 'example_subdag_operator.section-1', 'example_subdag_operator.section-2', 'example_subdag_operator' retrieved from /home/airflow/.local/lib/python3.12/site-packages/airflow/example_dags/example_subdag_operator.py
[2025-09-29T14:43:35.566+0000] {logging_mixin.py:190} INFO - [2025-09-29T14:43:35.566+0000] {dag.py:3239} INFO - Sync 3 DAGs
[2025-09-29T14:43:35.580+0000] {logging_mixin.py:190} INFO - [2025-09-29T14:43:35.580+0000] {dag.py:4180} INFO - Setting next_dagrun for example_subdag_operator to 2022-01-01 00:00:00+00:00, run_after=2022-01-01 00:00:00+00:00
[2025-09-29T14:43:35.582+0000] {logging_mixin.py:190} INFO - [2025-09-29T14:43:35.582+0000] {dag.py:4180} INFO - Setting next_dagrun for example_subdag_operator.section-1 to None, run_after=None
[2025-09-29T14:43:35.583+0000] {logging_mixin.py:190} INFO - [2025-09-29T14:43:35.583+0000] {dag.py:4180} INFO - Setting next_dagrun for example_subdag_operator.section-2 to None, run_after=None
[2025-09-29T14:43:35.589+0000] {logging_mixin.py:190} INFO - [2025-09-29T14:43:35.589+0000] {dag.py:3239} INFO - Sync 2 DAGs
[2025-09-29T14:43:35.592+0000] {logging_mixin.py:190} INFO - [2025-09-29T14:43:35.592+0000] {dag.py:4180} INFO - Setting next_dagrun for example_subdag_operator.section-1 to None, run_after=None
[2025-09-29T14:43:35.593+0000] {logging_mixin.py:190} INFO - [2025-09-29T14:43:35.593+0000] {dag.py:4180} INFO - Setting next_dagrun for example_subdag_operator.section-2 to None, run_after=None
[2025-09-29T14:43:35.599+0000] {processor.py:208} INFO - Processing /home/airflow/.local/lib/python3.12/site-packages/airflow/example_dags/example_subdag_operator.py took 0.064 seconds
[2025-09-29T14:44:06.187+0000] {processor.py:186} INFO - Started process (PID=1292) to work on /home/airflow/.local/lib/python3.12/site-packages/airflow/example_dags/example_subdag_operator.py
[2025-09-29T14:44:06.188+0000] {processor.py:914} INFO - Processing file /home/airflow/.local/lib/python3.12/site-packages/airflow/example_dags/example_subdag_operator.py for tasks to queue
[2025-09-29T14:44:06.189+0000] {logging_mixin.py:190} INFO - [2025-09-29T14:44:06.189+0000] {dagbag.py:588} INFO - Filling up the DagBag from /home/airflow/.local/lib/python3.12/site-packages/airflow/example_dags/example_subdag_operator.py
[2025-09-29T14:44:06.206+0000] {processor.py:925} INFO - DAG(s) 'example_subdag_operator.section-1', 'example_subdag_operator.section-2', 'example_subdag_operator' retrieved from /home/airflow/.local/lib/python3.12/site-packages/airflow/example_dags/example_subdag_operator.py
[2025-09-29T14:44:06.216+0000] {logging_mixin.py:190} INFO - [2025-09-29T14:44:06.216+0000] {dag.py:3239} INFO - Sync 3 DAGs
[2025-09-29T14:44:06.232+0000] {logging_mixin.py:190} INFO - [2025-09-29T14:44:06.232+0000] {dag.py:4180} INFO - Setting next_dagrun for example_subdag_operator to 2022-01-01 00:00:00+00:00, run_after=2022-01-01 00:00:00+00:00
[2025-09-29T14:44:06.234+0000] {logging_mixin.py:190} INFO - [2025-09-29T14:44:06.234+0000] {dag.py:4180} INFO - Setting next_dagrun for example_subdag_operator.section-1 to None, run_after=None
[2025-09-29T14:44:06.236+0000] {logging_mixin.py:190} INFO - [2025-09-29T14:44:06.235+0000] {dag.py:4180} INFO - Setting next_dagrun for example_subdag_operator.section-2 to None, run_after=None
[2025-09-29T14:44:06.241+0000] {logging_mixin.py:190} INFO - [2025-09-29T14:44:06.241+0000] {dag.py:3239} INFO - Sync 2 DAGs
[2025-09-29T14:44:06.245+0000] {logging_mixin.py:190} INFO - [2025-09-29T14:44:06.245+0000] {dag.py:4180} INFO - Setting next_dagrun for example_subdag_operator.section-1 to None, run_after=None
[2025-09-29T14:44:06.245+0000] {logging_mixin.py:190} INFO - [2025-09-29T14:44:06.245+0000] {dag.py:4180} INFO - Setting next_dagrun for example_subdag_operator.section-2 to None, run_after=None
[2025-09-29T14:44:06.257+0000] {processor.py:208} INFO - Processing /home/airflow/.local/lib/python3.12/site-packages/airflow/example_dags/example_subdag_operator.py took 0.076 seconds
[2025-09-29T14:44:36.632+0000] {processor.py:186} INFO - Started process (PID=1355) to work on /home/airflow/.local/lib/python3.12/site-packages/airflow/example_dags/example_subdag_operator.py
[2025-09-29T14:44:36.633+0000] {processor.py:914} INFO - Processing file /home/airflow/.local/lib/python3.12/site-packages/airflow/example_dags/example_subdag_operator.py for tasks to queue
[2025-09-29T14:44:36.635+0000] {logging_mixin.py:190} INFO - [2025-09-29T14:44:36.635+0000] {dagbag.py:588} INFO - Filling up the DagBag from /home/airflow/.local/lib/python3.12/site-packages/airflow/example_dags/example_subdag_operator.py
[2025-09-29T14:44:36.649+0000] {processor.py:925} INFO - DAG(s) 'example_subdag_operator.section-1', 'example_subdag_operator.section-2', 'example_subdag_operator' retrieved from /home/airflow/.local/lib/python3.12/site-packages/airflow/example_dags/example_subdag_operator.py
[2025-09-29T14:44:36.660+0000] {logging_mixin.py:190} INFO - [2025-09-29T14:44:36.660+0000] {dag.py:3239} INFO - Sync 3 DAGs
[2025-09-29T14:44:36.675+0000] {logging_mixin.py:190} INFO - [2025-09-29T14:44:36.674+0000] {dag.py:4180} INFO - Setting next_dagrun for example_subdag_operator to 2022-01-01 00:00:00+00:00, run_after=2022-01-01 00:00:00+00:00
[2025-09-29T14:44:36.677+0000] {logging_mixin.py:190} INFO - [2025-09-29T14:44:36.677+0000] {dag.py:4180} INFO - Setting next_dagrun for example_subdag_operator.section-1 to None, run_after=None
[2025-09-29T14:44:36.679+0000] {logging_mixin.py:190} INFO - [2025-09-29T14:44:36.679+0000] {dag.py:4180} INFO - Setting next_dagrun for example_subdag_operator.section-2 to None, run_after=None
[2025-09-29T14:44:36.684+0000] {logging_mixin.py:190} INFO - [2025-09-29T14:44:36.684+0000] {dag.py:3239} INFO - Sync 2 DAGs
[2025-09-29T14:44:36.688+0000] {logging_mixin.py:190} INFO - [2025-09-29T14:44:36.688+0000] {dag.py:4180} INFO - Setting next_dagrun for example_subdag_operator.section-1 to None, run_after=None
[2025-09-29T14:44:36.689+0000] {logging_mixin.py:190} INFO - [2025-09-29T14:44:36.689+0000] {dag.py:4180} INFO - Setting next_dagrun for example_subdag_operator.section-2 to None, run_after=None
[2025-09-29T14:44:36.696+0000] {processor.py:208} INFO - Processing /home/airflow/.local/lib/python3.12/site-packages/airflow/example_dags/example_subdag_operator.py took 0.068 seconds
[2025-09-29T14:45:07.063+0000] {processor.py:186} INFO - Started process (PID=1419) to work on /home/airflow/.local/lib/python3.12/site-packages/airflow/example_dags/example_subdag_operator.py
[2025-09-29T14:45:07.065+0000] {processor.py:914} INFO - Processing file /home/airflow/.local/lib/python3.12/site-packages/airflow/example_dags/example_subdag_operator.py for tasks to queue
[2025-09-29T14:45:07.066+0000] {logging_mixin.py:190} INFO - [2025-09-29T14:45:07.066+0000] {dagbag.py:588} INFO - Filling up the DagBag from /home/airflow/.local/lib/python3.12/site-packages/airflow/example_dags/example_subdag_operator.py
[2025-09-29T14:45:07.084+0000] {processor.py:925} INFO - DAG(s) 'example_subdag_operator.section-1', 'example_subdag_operator.section-2', 'example_subdag_operator' retrieved from /home/airflow/.local/lib/python3.12/site-packages/airflow/example_dags/example_subdag_operator.py
[2025-09-29T14:45:07.093+0000] {logging_mixin.py:190} INFO - [2025-09-29T14:45:07.093+0000] {dag.py:3239} INFO - Sync 3 DAGs
[2025-09-29T14:45:07.106+0000] {logging_mixin.py:190} INFO - [2025-09-29T14:45:07.106+0000] {dag.py:4180} INFO - Setting next_dagrun for example_subdag_operator to 2022-01-01 00:00:00+00:00, run_after=2022-01-01 00:00:00+00:00
[2025-09-29T14:45:07.108+0000] {logging_mixin.py:190} INFO - [2025-09-29T14:45:07.108+0000] {dag.py:4180} INFO - Setting next_dagrun for example_subdag_operator.section-1 to None, run_after=None
[2025-09-29T14:45:07.109+0000] {logging_mixin.py:190} INFO - [2025-09-29T14:45:07.109+0000] {dag.py:4180} INFO - Setting next_dagrun for example_subdag_operator.section-2 to None, run_after=None
[2025-09-29T14:45:07.112+0000] {logging_mixin.py:190} INFO - [2025-09-29T14:45:07.112+0000] {dag.py:3239} INFO - Sync 2 DAGs
[2025-09-29T14:45:07.115+0000] {logging_mixin.py:190} INFO - [2025-09-29T14:45:07.115+0000] {dag.py:4180} INFO - Setting next_dagrun for example_subdag_operator.section-1 to None, run_after=None
[2025-09-29T14:45:07.119+0000] {logging_mixin.py:190} INFO - [2025-09-29T14:45:07.118+0000] {dag.py:4180} INFO - Setting next_dagrun for example_subdag_operator.section-2 to None, run_after=None
[2025-09-29T14:45:07.127+0000] {processor.py:208} INFO - Processing /home/airflow/.local/lib/python3.12/site-packages/airflow/example_dags/example_subdag_operator.py took 0.067 seconds
[2025-09-29T14:45:37.490+0000] {processor.py:186} INFO - Started process (PID=1483) to work on /home/airflow/.local/lib/python3.12/site-packages/airflow/example_dags/example_subdag_operator.py
[2025-09-29T14:45:37.491+0000] {processor.py:914} INFO - Processing file /home/airflow/.local/lib/python3.12/site-packages/airflow/example_dags/example_subdag_operator.py for tasks to queue
[2025-09-29T14:45:37.494+0000] {logging_mixin.py:190} INFO - [2025-09-29T14:45:37.494+0000] {dagbag.py:588} INFO - Filling up the DagBag from /home/airflow/.local/lib/python3.12/site-packages/airflow/example_dags/example_subdag_operator.py
[2025-09-29T14:45:37.513+0000] {processor.py:925} INFO - DAG(s) 'example_subdag_operator.section-1', 'example_subdag_operator.section-2', 'example_subdag_operator' retrieved from /home/airflow/.local/lib/python3.12/site-packages/airflow/example_dags/example_subdag_operator.py
[2025-09-29T14:45:37.524+0000] {logging_mixin.py:190} INFO - [2025-09-29T14:45:37.524+0000] {dag.py:3239} INFO - Sync 3 DAGs
[2025-09-29T14:45:37.538+0000] {logging_mixin.py:190} INFO - [2025-09-29T14:45:37.538+0000] {dag.py:4180} INFO - Setting next_dagrun for example_subdag_operator to 2022-01-01 00:00:00+00:00, run_after=2022-01-01 00:00:00+00:00
[2025-09-29T14:45:37.541+0000] {logging_mixin.py:190} INFO - [2025-09-29T14:45:37.541+0000] {dag.py:4180} INFO - Setting next_dagrun for example_subdag_operator.section-1 to None, run_after=None
[2025-09-29T14:45:37.542+0000] {logging_mixin.py:190} INFO - [2025-09-29T14:45:37.542+0000] {dag.py:4180} INFO - Setting next_dagrun for example_subdag_operator.section-2 to None, run_after=None
[2025-09-29T14:45:37.547+0000] {logging_mixin.py:190} INFO - [2025-09-29T14:45:37.547+0000] {dag.py:3239} INFO - Sync 2 DAGs
[2025-09-29T14:45:37.553+0000] {logging_mixin.py:190} INFO - [2025-09-29T14:45:37.552+0000] {dag.py:4180} INFO - Setting next_dagrun for example_subdag_operator.section-1 to None, run_after=None
[2025-09-29T14:45:37.553+0000] {logging_mixin.py:190} INFO - [2025-09-29T14:45:37.553+0000] {dag.py:4180} INFO - Setting next_dagrun for example_subdag_operator.section-2 to None, run_after=None
[2025-09-29T14:45:37.559+0000] {processor.py:208} INFO - Processing /home/airflow/.local/lib/python3.12/site-packages/airflow/example_dags/example_subdag_operator.py took 0.072 seconds
[2025-09-29T14:46:08.067+0000] {processor.py:186} INFO - Started process (PID=1547) to work on /home/airflow/.local/lib/python3.12/site-packages/airflow/example_dags/example_subdag_operator.py
[2025-09-29T14:46:08.067+0000] {processor.py:914} INFO - Processing file /home/airflow/.local/lib/python3.12/site-packages/airflow/example_dags/example_subdag_operator.py for tasks to queue
[2025-09-29T14:46:08.069+0000] {logging_mixin.py:190} INFO - [2025-09-29T14:46:08.068+0000] {dagbag.py:588} INFO - Filling up the DagBag from /home/airflow/.local/lib/python3.12/site-packages/airflow/example_dags/example_subdag_operator.py
[2025-09-29T14:46:08.084+0000] {processor.py:925} INFO - DAG(s) 'example_subdag_operator.section-1', 'example_subdag_operator.section-2', 'example_subdag_operator' retrieved from /home/airflow/.local/lib/python3.12/site-packages/airflow/example_dags/example_subdag_operator.py
[2025-09-29T14:46:08.094+0000] {logging_mixin.py:190} INFO - [2025-09-29T14:46:08.094+0000] {dag.py:3239} INFO - Sync 3 DAGs
[2025-09-29T14:46:08.110+0000] {logging_mixin.py:190} INFO - [2025-09-29T14:46:08.109+0000] {dag.py:4180} INFO - Setting next_dagrun for example_subdag_operator to 2022-01-01 00:00:00+00:00, run_after=2022-01-01 00:00:00+00:00
[2025-09-29T14:46:08.112+0000] {logging_mixin.py:190} INFO - [2025-09-29T14:46:08.112+0000] {dag.py:4180} INFO - Setting next_dagrun for example_subdag_operator.section-1 to None, run_after=None
[2025-09-29T14:46:08.114+0000] {logging_mixin.py:190} INFO - [2025-09-29T14:46:08.114+0000] {dag.py:4180} INFO - Setting next_dagrun for example_subdag_operator.section-2 to None, run_after=None
[2025-09-29T14:46:08.121+0000] {logging_mixin.py:190} INFO - [2025-09-29T14:46:08.121+0000] {dag.py:3239} INFO - Sync 2 DAGs
[2025-09-29T14:46:08.127+0000] {logging_mixin.py:190} INFO - [2025-09-29T14:46:08.127+0000] {dag.py:4180} INFO - Setting next_dagrun for example_subdag_operator.section-1 to None, run_after=None
[2025-09-29T14:46:08.128+0000] {logging_mixin.py:190} INFO - [2025-09-29T14:46:08.127+0000] {dag.py:4180} INFO - Setting next_dagrun for example_subdag_operator.section-2 to None, run_after=None
[2025-09-29T14:46:08.137+0000] {processor.py:208} INFO - Processing /home/airflow/.local/lib/python3.12/site-packages/airflow/example_dags/example_subdag_operator.py took 0.075 seconds
[2025-09-29T14:46:38.639+0000] {processor.py:186} INFO - Started process (PID=1611) to work on /home/airflow/.local/lib/python3.12/site-packages/airflow/example_dags/example_subdag_operator.py
[2025-09-29T14:46:38.643+0000] {processor.py:914} INFO - Processing file /home/airflow/.local/lib/python3.12/site-packages/airflow/example_dags/example_subdag_operator.py for tasks to queue
[2025-09-29T14:46:38.646+0000] {logging_mixin.py:190} INFO - [2025-09-29T14:46:38.646+0000] {dagbag.py:588} INFO - Filling up the DagBag from /home/airflow/.local/lib/python3.12/site-packages/airflow/example_dags/example_subdag_operator.py
[2025-09-29T14:46:38.669+0000] {processor.py:925} INFO - DAG(s) 'example_subdag_operator.section-1', 'example_subdag_operator.section-2', 'example_subdag_operator' retrieved from /home/airflow/.local/lib/python3.12/site-packages/airflow/example_dags/example_subdag_operator.py
[2025-09-29T14:46:38.680+0000] {logging_mixin.py:190} INFO - [2025-09-29T14:46:38.680+0000] {dag.py:3239} INFO - Sync 3 DAGs
[2025-09-29T14:46:38.693+0000] {logging_mixin.py:190} INFO - [2025-09-29T14:46:38.693+0000] {dag.py:4180} INFO - Setting next_dagrun for example_subdag_operator to 2022-01-01 00:00:00+00:00, run_after=2022-01-01 00:00:00+00:00
[2025-09-29T14:46:38.696+0000] {logging_mixin.py:190} INFO - [2025-09-29T14:46:38.695+0000] {dag.py:4180} INFO - Setting next_dagrun for example_subdag_operator.section-1 to None, run_after=None
[2025-09-29T14:46:38.697+0000] {logging_mixin.py:190} INFO - [2025-09-29T14:46:38.697+0000] {dag.py:4180} INFO - Setting next_dagrun for example_subdag_operator.section-2 to None, run_after=None
[2025-09-29T14:46:38.703+0000] {logging_mixin.py:190} INFO - [2025-09-29T14:46:38.703+0000] {dag.py:3239} INFO - Sync 2 DAGs
[2025-09-29T14:46:38.707+0000] {logging_mixin.py:190} INFO - [2025-09-29T14:46:38.707+0000] {dag.py:4180} INFO - Setting next_dagrun for example_subdag_operator.section-1 to None, run_after=None
[2025-09-29T14:46:38.707+0000] {logging_mixin.py:190} INFO - [2025-09-29T14:46:38.707+0000] {dag.py:4180} INFO - Setting next_dagrun for example_subdag_operator.section-2 to None, run_after=None
[2025-09-29T14:46:38.713+0000] {processor.py:208} INFO - Processing /home/airflow/.local/lib/python3.12/site-packages/airflow/example_dags/example_subdag_operator.py took 0.078 seconds
[2025-09-29T14:47:08.959+0000] {processor.py:186} INFO - Started process (PID=1675) to work on /home/airflow/.local/lib/python3.12/site-packages/airflow/example_dags/example_subdag_operator.py
[2025-09-29T14:47:08.960+0000] {processor.py:914} INFO - Processing file /home/airflow/.local/lib/python3.12/site-packages/airflow/example_dags/example_subdag_operator.py for tasks to queue
[2025-09-29T14:47:08.961+0000] {logging_mixin.py:190} INFO - [2025-09-29T14:47:08.961+0000] {dagbag.py:588} INFO - Filling up the DagBag from /home/airflow/.local/lib/python3.12/site-packages/airflow/example_dags/example_subdag_operator.py
[2025-09-29T14:47:08.981+0000] {processor.py:925} INFO - DAG(s) 'example_subdag_operator.section-1', 'example_subdag_operator.section-2', 'example_subdag_operator' retrieved from /home/airflow/.local/lib/python3.12/site-packages/airflow/example_dags/example_subdag_operator.py
[2025-09-29T14:47:08.989+0000] {logging_mixin.py:190} INFO - [2025-09-29T14:47:08.989+0000] {dag.py:3239} INFO - Sync 3 DAGs
[2025-09-29T14:47:09.002+0000] {logging_mixin.py:190} INFO - [2025-09-29T14:47:09.002+0000] {dag.py:4180} INFO - Setting next_dagrun for example_subdag_operator to 2022-01-01 00:00:00+00:00, run_after=2022-01-01 00:00:00+00:00
[2025-09-29T14:47:09.004+0000] {logging_mixin.py:190} INFO - [2025-09-29T14:47:09.003+0000] {dag.py:4180} INFO - Setting next_dagrun for example_subdag_operator.section-1 to None, run_after=None
[2025-09-29T14:47:09.004+0000] {logging_mixin.py:190} INFO - [2025-09-29T14:47:09.004+0000] {dag.py:4180} INFO - Setting next_dagrun for example_subdag_operator.section-2 to None, run_after=None
[2025-09-29T14:47:09.009+0000] {logging_mixin.py:190} INFO - [2025-09-29T14:47:09.009+0000] {dag.py:3239} INFO - Sync 2 DAGs
[2025-09-29T14:47:09.013+0000] {logging_mixin.py:190} INFO - [2025-09-29T14:47:09.013+0000] {dag.py:4180} INFO - Setting next_dagrun for example_subdag_operator.section-1 to None, run_after=None
[2025-09-29T14:47:09.014+0000] {logging_mixin.py:190} INFO - [2025-09-29T14:47:09.014+0000] {dag.py:4180} INFO - Setting next_dagrun for example_subdag_operator.section-2 to None, run_after=None
[2025-09-29T14:47:09.022+0000] {processor.py:208} INFO - Processing /home/airflow/.local/lib/python3.12/site-packages/airflow/example_dags/example_subdag_operator.py took 0.066 seconds
[2025-09-29T14:47:39.480+0000] {processor.py:186} INFO - Started process (PID=1739) to work on /home/airflow/.local/lib/python3.12/site-packages/airflow/example_dags/example_subdag_operator.py
[2025-09-29T14:47:39.481+0000] {processor.py:914} INFO - Processing file /home/airflow/.local/lib/python3.12/site-packages/airflow/example_dags/example_subdag_operator.py for tasks to queue
[2025-09-29T14:47:39.482+0000] {logging_mixin.py:190} INFO - [2025-09-29T14:47:39.482+0000] {dagbag.py:588} INFO - Filling up the DagBag from /home/airflow/.local/lib/python3.12/site-packages/airflow/example_dags/example_subdag_operator.py
[2025-09-29T14:47:39.496+0000] {processor.py:925} INFO - DAG(s) 'example_subdag_operator.section-1', 'example_subdag_operator.section-2', 'example_subdag_operator' retrieved from /home/airflow/.local/lib/python3.12/site-packages/airflow/example_dags/example_subdag_operator.py
[2025-09-29T14:47:39.504+0000] {logging_mixin.py:190} INFO - [2025-09-29T14:47:39.504+0000] {dag.py:3239} INFO - Sync 3 DAGs
[2025-09-29T14:47:39.515+0000] {logging_mixin.py:190} INFO - [2025-09-29T14:47:39.515+0000] {dag.py:4180} INFO - Setting next_dagrun for example_subdag_operator to 2022-01-01 00:00:00+00:00, run_after=2022-01-01 00:00:00+00:00
[2025-09-29T14:47:39.519+0000] {logging_mixin.py:190} INFO - [2025-09-29T14:47:39.519+0000] {dag.py:4180} INFO - Setting next_dagrun for example_subdag_operator.section-1 to None, run_after=None
[2025-09-29T14:47:39.520+0000] {logging_mixin.py:190} INFO - [2025-09-29T14:47:39.520+0000] {dag.py:4180} INFO - Setting next_dagrun for example_subdag_operator.section-2 to None, run_after=None
[2025-09-29T14:47:39.524+0000] {logging_mixin.py:190} INFO - [2025-09-29T14:47:39.524+0000] {dag.py:3239} INFO - Sync 2 DAGs
[2025-09-29T14:47:39.528+0000] {logging_mixin.py:190} INFO - [2025-09-29T14:47:39.528+0000] {dag.py:4180} INFO - Setting next_dagrun for example_subdag_operator.section-1 to None, run_after=None
[2025-09-29T14:47:39.528+0000] {logging_mixin.py:190} INFO - [2025-09-29T14:47:39.528+0000] {dag.py:4180} INFO - Setting next_dagrun for example_subdag_operator.section-2 to None, run_after=None
[2025-09-29T14:47:39.541+0000] {processor.py:208} INFO - Processing /home/airflow/.local/lib/python3.12/site-packages/airflow/example_dags/example_subdag_operator.py took 0.063 seconds
[2025-09-29T14:48:09.776+0000] {processor.py:186} INFO - Started process (PID=1803) to work on /home/airflow/.local/lib/python3.12/site-packages/airflow/example_dags/example_subdag_operator.py
[2025-09-29T14:48:09.778+0000] {processor.py:914} INFO - Processing file /home/airflow/.local/lib/python3.12/site-packages/airflow/example_dags/example_subdag_operator.py for tasks to queue
[2025-09-29T14:48:09.780+0000] {logging_mixin.py:190} INFO - [2025-09-29T14:48:09.779+0000] {dagbag.py:588} INFO - Filling up the DagBag from /home/airflow/.local/lib/python3.12/site-packages/airflow/example_dags/example_subdag_operator.py
[2025-09-29T14:48:09.795+0000] {processor.py:925} INFO - DAG(s) 'example_subdag_operator.section-1', 'example_subdag_operator.section-2', 'example_subdag_operator' retrieved from /home/airflow/.local/lib/python3.12/site-packages/airflow/example_dags/example_subdag_operator.py
[2025-09-29T14:48:09.805+0000] {logging_mixin.py:190} INFO - [2025-09-29T14:48:09.805+0000] {dag.py:3239} INFO - Sync 3 DAGs
[2025-09-29T14:48:09.816+0000] {logging_mixin.py:190} INFO - [2025-09-29T14:48:09.816+0000] {dag.py:4180} INFO - Setting next_dagrun for example_subdag_operator to 2022-01-01 00:00:00+00:00, run_after=2022-01-01 00:00:00+00:00
[2025-09-29T14:48:09.818+0000] {logging_mixin.py:190} INFO - [2025-09-29T14:48:09.818+0000] {dag.py:4180} INFO - Setting next_dagrun for example_subdag_operator.section-1 to None, run_after=None
[2025-09-29T14:48:09.819+0000] {logging_mixin.py:190} INFO - [2025-09-29T14:48:09.819+0000] {dag.py:4180} INFO - Setting next_dagrun for example_subdag_operator.section-2 to None, run_after=None
[2025-09-29T14:48:09.825+0000] {logging_mixin.py:190} INFO - [2025-09-29T14:48:09.825+0000] {dag.py:3239} INFO - Sync 2 DAGs
[2025-09-29T14:48:09.829+0000] {logging_mixin.py:190} INFO - [2025-09-29T14:48:09.829+0000] {dag.py:4180} INFO - Setting next_dagrun for example_subdag_operator.section-1 to None, run_after=None
[2025-09-29T14:48:09.829+0000] {logging_mixin.py:190} INFO - [2025-09-29T14:48:09.829+0000] {dag.py:4180} INFO - Setting next_dagrun for example_subdag_operator.section-2 to None, run_after=None
[2025-09-29T14:48:09.834+0000] {processor.py:208} INFO - Processing /home/airflow/.local/lib/python3.12/site-packages/airflow/example_dags/example_subdag_operator.py took 0.063 seconds
[2025-09-29T14:48:40.219+0000] {processor.py:186} INFO - Started process (PID=1867) to work on /home/airflow/.local/lib/python3.12/site-packages/airflow/example_dags/example_subdag_operator.py
[2025-09-29T14:48:40.219+0000] {processor.py:914} INFO - Processing file /home/airflow/.local/lib/python3.12/site-packages/airflow/example_dags/example_subdag_operator.py for tasks to queue
[2025-09-29T14:48:40.220+0000] {logging_mixin.py:190} INFO - [2025-09-29T14:48:40.220+0000] {dagbag.py:588} INFO - Filling up the DagBag from /home/airflow/.local/lib/python3.12/site-packages/airflow/example_dags/example_subdag_operator.py
[2025-09-29T14:48:40.232+0000] {processor.py:925} INFO - DAG(s) 'example_subdag_operator.section-1', 'example_subdag_operator.section-2', 'example_subdag_operator' retrieved from /home/airflow/.local/lib/python3.12/site-packages/airflow/example_dags/example_subdag_operator.py
[2025-09-29T14:48:40.239+0000] {logging_mixin.py:190} INFO - [2025-09-29T14:48:40.239+0000] {dag.py:3239} INFO - Sync 3 DAGs
[2025-09-29T14:48:40.250+0000] {logging_mixin.py:190} INFO - [2025-09-29T14:48:40.250+0000] {dag.py:4180} INFO - Setting next_dagrun for example_subdag_operator to 2022-01-01 00:00:00+00:00, run_after=2022-01-01 00:00:00+00:00
[2025-09-29T14:48:40.252+0000] {logging_mixin.py:190} INFO - [2025-09-29T14:48:40.252+0000] {dag.py:4180} INFO - Setting next_dagrun for example_subdag_operator.section-1 to None, run_after=None
[2025-09-29T14:48:40.253+0000] {logging_mixin.py:190} INFO - [2025-09-29T14:48:40.253+0000] {dag.py:4180} INFO - Setting next_dagrun for example_subdag_operator.section-2 to None, run_after=None
[2025-09-29T14:48:40.256+0000] {logging_mixin.py:190} INFO - [2025-09-29T14:48:40.256+0000] {dag.py:3239} INFO - Sync 2 DAGs
[2025-09-29T14:48:40.260+0000] {logging_mixin.py:190} INFO - [2025-09-29T14:48:40.260+0000] {dag.py:4180} INFO - Setting next_dagrun for example_subdag_operator.section-1 to None, run_after=None
[2025-09-29T14:48:40.260+0000] {logging_mixin.py:190} INFO - [2025-09-29T14:48:40.260+0000] {dag.py:4180} INFO - Setting next_dagrun for example_subdag_operator.section-2 to None, run_after=None
[2025-09-29T14:48:40.267+0000] {processor.py:208} INFO - Processing /home/airflow/.local/lib/python3.12/site-packages/airflow/example_dags/example_subdag_operator.py took 0.052 seconds
[2025-09-29T14:49:10.347+0000] {processor.py:186} INFO - Started process (PID=1931) to work on /home/airflow/.local/lib/python3.12/site-packages/airflow/example_dags/example_subdag_operator.py
[2025-09-29T14:49:10.348+0000] {processor.py:914} INFO - Processing file /home/airflow/.local/lib/python3.12/site-packages/airflow/example_dags/example_subdag_operator.py for tasks to queue
[2025-09-29T14:49:10.350+0000] {logging_mixin.py:190} INFO - [2025-09-29T14:49:10.349+0000] {dagbag.py:588} INFO - Filling up the DagBag from /home/airflow/.local/lib/python3.12/site-packages/airflow/example_dags/example_subdag_operator.py
[2025-09-29T14:49:10.364+0000] {processor.py:925} INFO - DAG(s) 'example_subdag_operator.section-1', 'example_subdag_operator.section-2', 'example_subdag_operator' retrieved from /home/airflow/.local/lib/python3.12/site-packages/airflow/example_dags/example_subdag_operator.py
[2025-09-29T14:49:10.371+0000] {logging_mixin.py:190} INFO - [2025-09-29T14:49:10.371+0000] {dag.py:3239} INFO - Sync 3 DAGs
[2025-09-29T14:49:10.382+0000] {logging_mixin.py:190} INFO - [2025-09-29T14:49:10.382+0000] {dag.py:4180} INFO - Setting next_dagrun for example_subdag_operator to 2022-01-01 00:00:00+00:00, run_after=2022-01-01 00:00:00+00:00
[2025-09-29T14:49:10.385+0000] {logging_mixin.py:190} INFO - [2025-09-29T14:49:10.385+0000] {dag.py:4180} INFO - Setting next_dagrun for example_subdag_operator.section-1 to None, run_after=None
[2025-09-29T14:49:10.385+0000] {logging_mixin.py:190} INFO - [2025-09-29T14:49:10.385+0000] {dag.py:4180} INFO - Setting next_dagrun for example_subdag_operator.section-2 to None, run_after=None
[2025-09-29T14:49:10.390+0000] {logging_mixin.py:190} INFO - [2025-09-29T14:49:10.390+0000] {dag.py:3239} INFO - Sync 2 DAGs
[2025-09-29T14:49:10.394+0000] {logging_mixin.py:190} INFO - [2025-09-29T14:49:10.393+0000] {dag.py:4180} INFO - Setting next_dagrun for example_subdag_operator.section-1 to None, run_after=None
[2025-09-29T14:49:10.394+0000] {logging_mixin.py:190} INFO - [2025-09-29T14:49:10.394+0000] {dag.py:4180} INFO - Setting next_dagrun for example_subdag_operator.section-2 to None, run_after=None
[2025-09-29T14:49:10.402+0000] {processor.py:208} INFO - Processing /home/airflow/.local/lib/python3.12/site-packages/airflow/example_dags/example_subdag_operator.py took 0.058 seconds
[2025-09-29T14:49:40.895+0000] {processor.py:186} INFO - Started process (PID=1995) to work on /home/airflow/.local/lib/python3.12/site-packages/airflow/example_dags/example_subdag_operator.py
[2025-09-29T14:49:40.897+0000] {processor.py:914} INFO - Processing file /home/airflow/.local/lib/python3.12/site-packages/airflow/example_dags/example_subdag_operator.py for tasks to queue
[2025-09-29T14:49:40.900+0000] {logging_mixin.py:190} INFO - [2025-09-29T14:49:40.900+0000] {dagbag.py:588} INFO - Filling up the DagBag from /home/airflow/.local/lib/python3.12/site-packages/airflow/example_dags/example_subdag_operator.py
[2025-09-29T14:49:40.918+0000] {processor.py:925} INFO - DAG(s) 'example_subdag_operator.section-1', 'example_subdag_operator.section-2', 'example_subdag_operator' retrieved from /home/airflow/.local/lib/python3.12/site-packages/airflow/example_dags/example_subdag_operator.py
[2025-09-29T14:49:40.932+0000] {logging_mixin.py:190} INFO - [2025-09-29T14:49:40.931+0000] {dag.py:3239} INFO - Sync 3 DAGs
[2025-09-29T14:49:40.944+0000] {logging_mixin.py:190} INFO - [2025-09-29T14:49:40.944+0000] {dag.py:4180} INFO - Setting next_dagrun for example_subdag_operator to 2022-01-01 00:00:00+00:00, run_after=2022-01-01 00:00:00+00:00
[2025-09-29T14:49:40.947+0000] {logging_mixin.py:190} INFO - [2025-09-29T14:49:40.947+0000] {dag.py:4180} INFO - Setting next_dagrun for example_subdag_operator.section-1 to None, run_after=None
[2025-09-29T14:49:40.948+0000] {logging_mixin.py:190} INFO - [2025-09-29T14:49:40.948+0000] {dag.py:4180} INFO - Setting next_dagrun for example_subdag_operator.section-2 to None, run_after=None
[2025-09-29T14:49:40.953+0000] {logging_mixin.py:190} INFO - [2025-09-29T14:49:40.953+0000] {dag.py:3239} INFO - Sync 2 DAGs
[2025-09-29T14:49:40.956+0000] {logging_mixin.py:190} INFO - [2025-09-29T14:49:40.955+0000] {dag.py:4180} INFO - Setting next_dagrun for example_subdag_operator.section-1 to None, run_after=None
[2025-09-29T14:49:40.956+0000] {logging_mixin.py:190} INFO - [2025-09-29T14:49:40.956+0000] {dag.py:4180} INFO - Setting next_dagrun for example_subdag_operator.section-2 to None, run_after=None
[2025-09-29T14:49:40.962+0000] {processor.py:208} INFO - Processing /home/airflow/.local/lib/python3.12/site-packages/airflow/example_dags/example_subdag_operator.py took 0.070 seconds
[2025-09-29T14:50:11.211+0000] {processor.py:186} INFO - Started process (PID=2059) to work on /home/airflow/.local/lib/python3.12/site-packages/airflow/example_dags/example_subdag_operator.py
[2025-09-29T14:50:11.211+0000] {processor.py:914} INFO - Processing file /home/airflow/.local/lib/python3.12/site-packages/airflow/example_dags/example_subdag_operator.py for tasks to queue
[2025-09-29T14:50:11.212+0000] {logging_mixin.py:190} INFO - [2025-09-29T14:50:11.212+0000] {dagbag.py:588} INFO - Filling up the DagBag from /home/airflow/.local/lib/python3.12/site-packages/airflow/example_dags/example_subdag_operator.py
[2025-09-29T14:50:11.229+0000] {processor.py:925} INFO - DAG(s) 'example_subdag_operator.section-1', 'example_subdag_operator.section-2', 'example_subdag_operator' retrieved from /home/airflow/.local/lib/python3.12/site-packages/airflow/example_dags/example_subdag_operator.py
[2025-09-29T14:50:11.237+0000] {logging_mixin.py:190} INFO - [2025-09-29T14:50:11.237+0000] {dag.py:3239} INFO - Sync 3 DAGs
[2025-09-29T14:50:11.247+0000] {logging_mixin.py:190} INFO - [2025-09-29T14:50:11.247+0000] {dag.py:4180} INFO - Setting next_dagrun for example_subdag_operator to 2022-01-01 00:00:00+00:00, run_after=2022-01-01 00:00:00+00:00
[2025-09-29T14:50:11.250+0000] {logging_mixin.py:190} INFO - [2025-09-29T14:50:11.249+0000] {dag.py:4180} INFO - Setting next_dagrun for example_subdag_operator.section-1 to None, run_after=None
[2025-09-29T14:50:11.250+0000] {logging_mixin.py:190} INFO - [2025-09-29T14:50:11.250+0000] {dag.py:4180} INFO - Setting next_dagrun for example_subdag_operator.section-2 to None, run_after=None
[2025-09-29T14:50:11.254+0000] {logging_mixin.py:190} INFO - [2025-09-29T14:50:11.254+0000] {dag.py:3239} INFO - Sync 2 DAGs
[2025-09-29T14:50:11.257+0000] {logging_mixin.py:190} INFO - [2025-09-29T14:50:11.256+0000] {dag.py:4180} INFO - Setting next_dagrun for example_subdag_operator.section-1 to None, run_after=None
[2025-09-29T14:50:11.257+0000] {logging_mixin.py:190} INFO - [2025-09-29T14:50:11.257+0000] {dag.py:4180} INFO - Setting next_dagrun for example_subdag_operator.section-2 to None, run_after=None
[2025-09-29T14:50:11.262+0000] {processor.py:208} INFO - Processing /home/airflow/.local/lib/python3.12/site-packages/airflow/example_dags/example_subdag_operator.py took 0.055 seconds
[2025-09-29T14:50:41.508+0000] {processor.py:186} INFO - Started process (PID=2123) to work on /home/airflow/.local/lib/python3.12/site-packages/airflow/example_dags/example_subdag_operator.py
[2025-09-29T14:50:41.509+0000] {processor.py:914} INFO - Processing file /home/airflow/.local/lib/python3.12/site-packages/airflow/example_dags/example_subdag_operator.py for tasks to queue
[2025-09-29T14:50:41.510+0000] {logging_mixin.py:190} INFO - [2025-09-29T14:50:41.510+0000] {dagbag.py:588} INFO - Filling up the DagBag from /home/airflow/.local/lib/python3.12/site-packages/airflow/example_dags/example_subdag_operator.py
[2025-09-29T14:50:41.525+0000] {processor.py:925} INFO - DAG(s) 'example_subdag_operator.section-1', 'example_subdag_operator.section-2', 'example_subdag_operator' retrieved from /home/airflow/.local/lib/python3.12/site-packages/airflow/example_dags/example_subdag_operator.py
[2025-09-29T14:50:41.532+0000] {logging_mixin.py:190} INFO - [2025-09-29T14:50:41.532+0000] {dag.py:3239} INFO - Sync 3 DAGs
[2025-09-29T14:50:41.543+0000] {logging_mixin.py:190} INFO - [2025-09-29T14:50:41.543+0000] {dag.py:4180} INFO - Setting next_dagrun for example_subdag_operator to 2022-01-01 00:00:00+00:00, run_after=2022-01-01 00:00:00+00:00
[2025-09-29T14:50:41.546+0000] {logging_mixin.py:190} INFO - [2025-09-29T14:50:41.546+0000] {dag.py:4180} INFO - Setting next_dagrun for example_subdag_operator.section-1 to None, run_after=None
[2025-09-29T14:50:41.547+0000] {logging_mixin.py:190} INFO - [2025-09-29T14:50:41.547+0000] {dag.py:4180} INFO - Setting next_dagrun for example_subdag_operator.section-2 to None, run_after=None
[2025-09-29T14:50:41.554+0000] {logging_mixin.py:190} INFO - [2025-09-29T14:50:41.554+0000] {dag.py:3239} INFO - Sync 2 DAGs
[2025-09-29T14:50:41.558+0000] {logging_mixin.py:190} INFO - [2025-09-29T14:50:41.558+0000] {dag.py:4180} INFO - Setting next_dagrun for example_subdag_operator.section-1 to None, run_after=None
[2025-09-29T14:50:41.558+0000] {logging_mixin.py:190} INFO - [2025-09-29T14:50:41.558+0000] {dag.py:4180} INFO - Setting next_dagrun for example_subdag_operator.section-2 to None, run_after=None
[2025-09-29T14:50:41.567+0000] {processor.py:208} INFO - Processing /home/airflow/.local/lib/python3.12/site-packages/airflow/example_dags/example_subdag_operator.py took 0.062 seconds
[2025-09-29T14:51:11.740+0000] {processor.py:186} INFO - Started process (PID=2187) to work on /home/airflow/.local/lib/python3.12/site-packages/airflow/example_dags/example_subdag_operator.py
[2025-09-29T14:51:11.743+0000] {processor.py:914} INFO - Processing file /home/airflow/.local/lib/python3.12/site-packages/airflow/example_dags/example_subdag_operator.py for tasks to queue
[2025-09-29T14:51:11.745+0000] {logging_mixin.py:190} INFO - [2025-09-29T14:51:11.745+0000] {dagbag.py:588} INFO - Filling up the DagBag from /home/airflow/.local/lib/python3.12/site-packages/airflow/example_dags/example_subdag_operator.py
[2025-09-29T14:51:11.763+0000] {processor.py:925} INFO - DAG(s) 'example_subdag_operator.section-1', 'example_subdag_operator.section-2', 'example_subdag_operator' retrieved from /home/airflow/.local/lib/python3.12/site-packages/airflow/example_dags/example_subdag_operator.py
[2025-09-29T14:51:11.773+0000] {logging_mixin.py:190} INFO - [2025-09-29T14:51:11.773+0000] {dag.py:3239} INFO - Sync 3 DAGs
[2025-09-29T14:51:11.784+0000] {logging_mixin.py:190} INFO - [2025-09-29T14:51:11.784+0000] {dag.py:4180} INFO - Setting next_dagrun for example_subdag_operator to 2022-01-01 00:00:00+00:00, run_after=2022-01-01 00:00:00+00:00
[2025-09-29T14:51:11.786+0000] {logging_mixin.py:190} INFO - [2025-09-29T14:51:11.786+0000] {dag.py:4180} INFO - Setting next_dagrun for example_subdag_operator.section-1 to None, run_after=None
[2025-09-29T14:51:11.787+0000] {logging_mixin.py:190} INFO - [2025-09-29T14:51:11.787+0000] {dag.py:4180} INFO - Setting next_dagrun for example_subdag_operator.section-2 to None, run_after=None
[2025-09-29T14:51:11.793+0000] {logging_mixin.py:190} INFO - [2025-09-29T14:51:11.793+0000] {dag.py:3239} INFO - Sync 2 DAGs
[2025-09-29T14:51:11.796+0000] {logging_mixin.py:190} INFO - [2025-09-29T14:51:11.795+0000] {dag.py:4180} INFO - Setting next_dagrun for example_subdag_operator.section-1 to None, run_after=None
[2025-09-29T14:51:11.798+0000] {logging_mixin.py:190} INFO - [2025-09-29T14:51:11.798+0000] {dag.py:4180} INFO - Setting next_dagrun for example_subdag_operator.section-2 to None, run_after=None
[2025-09-29T14:51:11.802+0000] {processor.py:208} INFO - Processing /home/airflow/.local/lib/python3.12/site-packages/airflow/example_dags/example_subdag_operator.py took 0.066 seconds
[2025-09-29T14:51:42.137+0000] {processor.py:186} INFO - Started process (PID=2251) to work on /home/airflow/.local/lib/python3.12/site-packages/airflow/example_dags/example_subdag_operator.py
[2025-09-29T14:51:42.140+0000] {processor.py:914} INFO - Processing file /home/airflow/.local/lib/python3.12/site-packages/airflow/example_dags/example_subdag_operator.py for tasks to queue
[2025-09-29T14:51:42.141+0000] {logging_mixin.py:190} INFO - [2025-09-29T14:51:42.141+0000] {dagbag.py:588} INFO - Filling up the DagBag from /home/airflow/.local/lib/python3.12/site-packages/airflow/example_dags/example_subdag_operator.py
[2025-09-29T14:51:42.155+0000] {processor.py:925} INFO - DAG(s) 'example_subdag_operator.section-1', 'example_subdag_operator.section-2', 'example_subdag_operator' retrieved from /home/airflow/.local/lib/python3.12/site-packages/airflow/example_dags/example_subdag_operator.py
[2025-09-29T14:51:42.162+0000] {logging_mixin.py:190} INFO - [2025-09-29T14:51:42.162+0000] {dag.py:3239} INFO - Sync 3 DAGs
[2025-09-29T14:51:42.172+0000] {logging_mixin.py:190} INFO - [2025-09-29T14:51:42.172+0000] {dag.py:4180} INFO - Setting next_dagrun for example_subdag_operator to 2022-01-01 00:00:00+00:00, run_after=2022-01-01 00:00:00+00:00
[2025-09-29T14:51:42.175+0000] {logging_mixin.py:190} INFO - [2025-09-29T14:51:42.175+0000] {dag.py:4180} INFO - Setting next_dagrun for example_subdag_operator.section-1 to None, run_after=None
[2025-09-29T14:51:42.176+0000] {logging_mixin.py:190} INFO - [2025-09-29T14:51:42.176+0000] {dag.py:4180} INFO - Setting next_dagrun for example_subdag_operator.section-2 to None, run_after=None
[2025-09-29T14:51:42.179+0000] {logging_mixin.py:190} INFO - [2025-09-29T14:51:42.179+0000] {dag.py:3239} INFO - Sync 2 DAGs
[2025-09-29T14:51:42.182+0000] {logging_mixin.py:190} INFO - [2025-09-29T14:51:42.182+0000] {dag.py:4180} INFO - Setting next_dagrun for example_subdag_operator.section-1 to None, run_after=None
[2025-09-29T14:51:42.182+0000] {logging_mixin.py:190} INFO - [2025-09-29T14:51:42.182+0000] {dag.py:4180} INFO - Setting next_dagrun for example_subdag_operator.section-2 to None, run_after=None
[2025-09-29T14:51:42.187+0000] {processor.py:208} INFO - Processing /home/airflow/.local/lib/python3.12/site-packages/airflow/example_dags/example_subdag_operator.py took 0.053 seconds
[2025-09-29T14:52:12.418+0000] {processor.py:186} INFO - Started process (PID=2314) to work on /home/airflow/.local/lib/python3.12/site-packages/airflow/example_dags/example_subdag_operator.py
[2025-09-29T14:52:12.420+0000] {processor.py:914} INFO - Processing file /home/airflow/.local/lib/python3.12/site-packages/airflow/example_dags/example_subdag_operator.py for tasks to queue
[2025-09-29T14:52:12.421+0000] {logging_mixin.py:190} INFO - [2025-09-29T14:52:12.421+0000] {dagbag.py:588} INFO - Filling up the DagBag from /home/airflow/.local/lib/python3.12/site-packages/airflow/example_dags/example_subdag_operator.py
[2025-09-29T14:52:12.436+0000] {processor.py:925} INFO - DAG(s) 'example_subdag_operator.section-1', 'example_subdag_operator.section-2', 'example_subdag_operator' retrieved from /home/airflow/.local/lib/python3.12/site-packages/airflow/example_dags/example_subdag_operator.py
[2025-09-29T14:52:12.445+0000] {logging_mixin.py:190} INFO - [2025-09-29T14:52:12.445+0000] {dag.py:3239} INFO - Sync 3 DAGs
[2025-09-29T14:52:12.457+0000] {logging_mixin.py:190} INFO - [2025-09-29T14:52:12.457+0000] {dag.py:4180} INFO - Setting next_dagrun for example_subdag_operator to 2022-01-01 00:00:00+00:00, run_after=2022-01-01 00:00:00+00:00
[2025-09-29T14:52:12.461+0000] {logging_mixin.py:190} INFO - [2025-09-29T14:52:12.460+0000] {dag.py:4180} INFO - Setting next_dagrun for example_subdag_operator.section-1 to None, run_after=None
[2025-09-29T14:52:12.461+0000] {logging_mixin.py:190} INFO - [2025-09-29T14:52:12.461+0000] {dag.py:4180} INFO - Setting next_dagrun for example_subdag_operator.section-2 to None, run_after=None
[2025-09-29T14:52:12.466+0000] {logging_mixin.py:190} INFO - [2025-09-29T14:52:12.466+0000] {dag.py:3239} INFO - Sync 2 DAGs
[2025-09-29T14:52:12.468+0000] {logging_mixin.py:190} INFO - [2025-09-29T14:52:12.468+0000] {dag.py:4180} INFO - Setting next_dagrun for example_subdag_operator.section-1 to None, run_after=None
[2025-09-29T14:52:12.469+0000] {logging_mixin.py:190} INFO - [2025-09-29T14:52:12.469+0000] {dag.py:4180} INFO - Setting next_dagrun for example_subdag_operator.section-2 to None, run_after=None
[2025-09-29T14:52:12.475+0000] {processor.py:208} INFO - Processing /home/airflow/.local/lib/python3.12/site-packages/airflow/example_dags/example_subdag_operator.py took 0.060 seconds
[2025-09-29T14:52:42.636+0000] {processor.py:186} INFO - Started process (PID=2377) to work on /home/airflow/.local/lib/python3.12/site-packages/airflow/example_dags/example_subdag_operator.py
[2025-09-29T14:52:42.637+0000] {processor.py:914} INFO - Processing file /home/airflow/.local/lib/python3.12/site-packages/airflow/example_dags/example_subdag_operator.py for tasks to queue
[2025-09-29T14:52:42.637+0000] {logging_mixin.py:190} INFO - [2025-09-29T14:52:42.637+0000] {dagbag.py:588} INFO - Filling up the DagBag from /home/airflow/.local/lib/python3.12/site-packages/airflow/example_dags/example_subdag_operator.py
[2025-09-29T14:52:42.650+0000] {processor.py:925} INFO - DAG(s) 'example_subdag_operator.section-1', 'example_subdag_operator.section-2', 'example_subdag_operator' retrieved from /home/airflow/.local/lib/python3.12/site-packages/airflow/example_dags/example_subdag_operator.py
[2025-09-29T14:52:42.657+0000] {logging_mixin.py:190} INFO - [2025-09-29T14:52:42.657+0000] {dag.py:3239} INFO - Sync 3 DAGs
[2025-09-29T14:52:42.668+0000] {logging_mixin.py:190} INFO - [2025-09-29T14:52:42.668+0000] {dag.py:4180} INFO - Setting next_dagrun for example_subdag_operator to 2022-01-01 00:00:00+00:00, run_after=2022-01-01 00:00:00+00:00
[2025-09-29T14:52:42.671+0000] {logging_mixin.py:190} INFO - [2025-09-29T14:52:42.671+0000] {dag.py:4180} INFO - Setting next_dagrun for example_subdag_operator.section-1 to None, run_after=None
[2025-09-29T14:52:42.672+0000] {logging_mixin.py:190} INFO - [2025-09-29T14:52:42.672+0000] {dag.py:4180} INFO - Setting next_dagrun for example_subdag_operator.section-2 to None, run_after=None
[2025-09-29T14:52:42.676+0000] {logging_mixin.py:190} INFO - [2025-09-29T14:52:42.675+0000] {dag.py:3239} INFO - Sync 2 DAGs
[2025-09-29T14:52:42.678+0000] {logging_mixin.py:190} INFO - [2025-09-29T14:52:42.678+0000] {dag.py:4180} INFO - Setting next_dagrun for example_subdag_operator.section-1 to None, run_after=None
[2025-09-29T14:52:42.678+0000] {logging_mixin.py:190} INFO - [2025-09-29T14:52:42.678+0000] {dag.py:4180} INFO - Setting next_dagrun for example_subdag_operator.section-2 to None, run_after=None
[2025-09-29T14:52:42.684+0000] {processor.py:208} INFO - Processing /home/airflow/.local/lib/python3.12/site-packages/airflow/example_dags/example_subdag_operator.py took 0.051 seconds
[2025-09-29T14:53:12.848+0000] {processor.py:186} INFO - Started process (PID=2440) to work on /home/airflow/.local/lib/python3.12/site-packages/airflow/example_dags/example_subdag_operator.py
[2025-09-29T14:53:12.850+0000] {processor.py:914} INFO - Processing file /home/airflow/.local/lib/python3.12/site-packages/airflow/example_dags/example_subdag_operator.py for tasks to queue
[2025-09-29T14:53:12.851+0000] {logging_mixin.py:190} INFO - [2025-09-29T14:53:12.851+0000] {dagbag.py:588} INFO - Filling up the DagBag from /home/airflow/.local/lib/python3.12/site-packages/airflow/example_dags/example_subdag_operator.py
[2025-09-29T14:53:12.865+0000] {processor.py:925} INFO - DAG(s) 'example_subdag_operator.section-1', 'example_subdag_operator.section-2', 'example_subdag_operator' retrieved from /home/airflow/.local/lib/python3.12/site-packages/airflow/example_dags/example_subdag_operator.py
[2025-09-29T14:53:12.873+0000] {logging_mixin.py:190} INFO - [2025-09-29T14:53:12.872+0000] {dag.py:3239} INFO - Sync 3 DAGs
[2025-09-29T14:53:12.885+0000] {logging_mixin.py:190} INFO - [2025-09-29T14:53:12.885+0000] {dag.py:4180} INFO - Setting next_dagrun for example_subdag_operator to 2022-01-01 00:00:00+00:00, run_after=2022-01-01 00:00:00+00:00
[2025-09-29T14:53:12.888+0000] {logging_mixin.py:190} INFO - [2025-09-29T14:53:12.887+0000] {dag.py:4180} INFO - Setting next_dagrun for example_subdag_operator.section-1 to None, run_after=None
[2025-09-29T14:53:12.889+0000] {logging_mixin.py:190} INFO - [2025-09-29T14:53:12.888+0000] {dag.py:4180} INFO - Setting next_dagrun for example_subdag_operator.section-2 to None, run_after=None
[2025-09-29T14:53:12.893+0000] {logging_mixin.py:190} INFO - [2025-09-29T14:53:12.893+0000] {dag.py:3239} INFO - Sync 2 DAGs
[2025-09-29T14:53:12.896+0000] {logging_mixin.py:190} INFO - [2025-09-29T14:53:12.896+0000] {dag.py:4180} INFO - Setting next_dagrun for example_subdag_operator.section-1 to None, run_after=None
[2025-09-29T14:53:12.896+0000] {logging_mixin.py:190} INFO - [2025-09-29T14:53:12.896+0000] {dag.py:4180} INFO - Setting next_dagrun for example_subdag_operator.section-2 to None, run_after=None
[2025-09-29T14:53:12.901+0000] {processor.py:208} INFO - Processing /home/airflow/.local/lib/python3.12/site-packages/airflow/example_dags/example_subdag_operator.py took 0.056 seconds
[2025-09-29T14:53:43.030+0000] {processor.py:186} INFO - Started process (PID=2503) to work on /home/airflow/.local/lib/python3.12/site-packages/airflow/example_dags/example_subdag_operator.py
[2025-09-29T14:53:43.032+0000] {processor.py:914} INFO - Processing file /home/airflow/.local/lib/python3.12/site-packages/airflow/example_dags/example_subdag_operator.py for tasks to queue
[2025-09-29T14:53:43.033+0000] {logging_mixin.py:190} INFO - [2025-09-29T14:53:43.032+0000] {dagbag.py:588} INFO - Filling up the DagBag from /home/airflow/.local/lib/python3.12/site-packages/airflow/example_dags/example_subdag_operator.py
[2025-09-29T14:53:43.045+0000] {processor.py:925} INFO - DAG(s) 'example_subdag_operator.section-1', 'example_subdag_operator.section-2', 'example_subdag_operator' retrieved from /home/airflow/.local/lib/python3.12/site-packages/airflow/example_dags/example_subdag_operator.py
[2025-09-29T14:53:43.053+0000] {logging_mixin.py:190} INFO - [2025-09-29T14:53:43.053+0000] {dag.py:3239} INFO - Sync 3 DAGs
[2025-09-29T14:53:43.065+0000] {logging_mixin.py:190} INFO - [2025-09-29T14:53:43.064+0000] {dag.py:4180} INFO - Setting next_dagrun for example_subdag_operator to 2022-01-01 00:00:00+00:00, run_after=2022-01-01 00:00:00+00:00
[2025-09-29T14:53:43.067+0000] {logging_mixin.py:190} INFO - [2025-09-29T14:53:43.066+0000] {dag.py:4180} INFO - Setting next_dagrun for example_subdag_operator.section-1 to None, run_after=None
[2025-09-29T14:53:43.067+0000] {logging_mixin.py:190} INFO - [2025-09-29T14:53:43.067+0000] {dag.py:4180} INFO - Setting next_dagrun for example_subdag_operator.section-2 to None, run_after=None
[2025-09-29T14:53:43.071+0000] {logging_mixin.py:190} INFO - [2025-09-29T14:53:43.071+0000] {dag.py:3239} INFO - Sync 2 DAGs
[2025-09-29T14:53:43.075+0000] {logging_mixin.py:190} INFO - [2025-09-29T14:53:43.075+0000] {dag.py:4180} INFO - Setting next_dagrun for example_subdag_operator.section-1 to None, run_after=None
[2025-09-29T14:53:43.075+0000] {logging_mixin.py:190} INFO - [2025-09-29T14:53:43.075+0000] {dag.py:4180} INFO - Setting next_dagrun for example_subdag_operator.section-2 to None, run_after=None
[2025-09-29T14:53:43.082+0000] {processor.py:208} INFO - Processing /home/airflow/.local/lib/python3.12/site-packages/airflow/example_dags/example_subdag_operator.py took 0.055 seconds
[2025-09-29T14:54:13.276+0000] {processor.py:186} INFO - Started process (PID=2566) to work on /home/airflow/.local/lib/python3.12/site-packages/airflow/example_dags/example_subdag_operator.py
[2025-09-29T14:54:13.279+0000] {processor.py:914} INFO - Processing file /home/airflow/.local/lib/python3.12/site-packages/airflow/example_dags/example_subdag_operator.py for tasks to queue
[2025-09-29T14:54:13.280+0000] {logging_mixin.py:190} INFO - [2025-09-29T14:54:13.280+0000] {dagbag.py:588} INFO - Filling up the DagBag from /home/airflow/.local/lib/python3.12/site-packages/airflow/example_dags/example_subdag_operator.py
[2025-09-29T14:54:13.294+0000] {processor.py:925} INFO - DAG(s) 'example_subdag_operator.section-1', 'example_subdag_operator.section-2', 'example_subdag_operator' retrieved from /home/airflow/.local/lib/python3.12/site-packages/airflow/example_dags/example_subdag_operator.py
[2025-09-29T14:54:13.302+0000] {logging_mixin.py:190} INFO - [2025-09-29T14:54:13.302+0000] {dag.py:3239} INFO - Sync 3 DAGs
[2025-09-29T14:54:13.315+0000] {logging_mixin.py:190} INFO - [2025-09-29T14:54:13.315+0000] {dag.py:4180} INFO - Setting next_dagrun for example_subdag_operator to 2022-01-01 00:00:00+00:00, run_after=2022-01-01 00:00:00+00:00
[2025-09-29T14:54:13.317+0000] {logging_mixin.py:190} INFO - [2025-09-29T14:54:13.316+0000] {dag.py:4180} INFO - Setting next_dagrun for example_subdag_operator.section-1 to None, run_after=None
[2025-09-29T14:54:13.317+0000] {logging_mixin.py:190} INFO - [2025-09-29T14:54:13.317+0000] {dag.py:4180} INFO - Setting next_dagrun for example_subdag_operator.section-2 to None, run_after=None
[2025-09-29T14:54:13.321+0000] {logging_mixin.py:190} INFO - [2025-09-29T14:54:13.320+0000] {dag.py:3239} INFO - Sync 2 DAGs
[2025-09-29T14:54:13.325+0000] {logging_mixin.py:190} INFO - [2025-09-29T14:54:13.325+0000] {dag.py:4180} INFO - Setting next_dagrun for example_subdag_operator.section-1 to None, run_after=None
[2025-09-29T14:54:13.325+0000] {logging_mixin.py:190} INFO - [2025-09-29T14:54:13.325+0000] {dag.py:4180} INFO - Setting next_dagrun for example_subdag_operator.section-2 to None, run_after=None
[2025-09-29T14:54:13.331+0000] {processor.py:208} INFO - Processing /home/airflow/.local/lib/python3.12/site-packages/airflow/example_dags/example_subdag_operator.py took 0.058 seconds
[2025-09-29T14:54:43.600+0000] {processor.py:186} INFO - Started process (PID=2629) to work on /home/airflow/.local/lib/python3.12/site-packages/airflow/example_dags/example_subdag_operator.py
[2025-09-29T14:54:43.600+0000] {processor.py:914} INFO - Processing file /home/airflow/.local/lib/python3.12/site-packages/airflow/example_dags/example_subdag_operator.py for tasks to queue
[2025-09-29T14:54:43.601+0000] {logging_mixin.py:190} INFO - [2025-09-29T14:54:43.601+0000] {dagbag.py:588} INFO - Filling up the DagBag from /home/airflow/.local/lib/python3.12/site-packages/airflow/example_dags/example_subdag_operator.py
[2025-09-29T14:54:43.614+0000] {processor.py:925} INFO - DAG(s) 'example_subdag_operator.section-1', 'example_subdag_operator.section-2', 'example_subdag_operator' retrieved from /home/airflow/.local/lib/python3.12/site-packages/airflow/example_dags/example_subdag_operator.py
[2025-09-29T14:54:43.624+0000] {logging_mixin.py:190} INFO - [2025-09-29T14:54:43.624+0000] {dag.py:3239} INFO - Sync 3 DAGs
[2025-09-29T14:54:43.636+0000] {logging_mixin.py:190} INFO - [2025-09-29T14:54:43.636+0000] {dag.py:4180} INFO - Setting next_dagrun for example_subdag_operator to 2022-01-01 00:00:00+00:00, run_after=2022-01-01 00:00:00+00:00
[2025-09-29T14:54:43.638+0000] {logging_mixin.py:190} INFO - [2025-09-29T14:54:43.638+0000] {dag.py:4180} INFO - Setting next_dagrun for example_subdag_operator.section-1 to None, run_after=None
[2025-09-29T14:54:43.638+0000] {logging_mixin.py:190} INFO - [2025-09-29T14:54:43.638+0000] {dag.py:4180} INFO - Setting next_dagrun for example_subdag_operator.section-2 to None, run_after=None
[2025-09-29T14:54:43.642+0000] {logging_mixin.py:190} INFO - [2025-09-29T14:54:43.642+0000] {dag.py:3239} INFO - Sync 2 DAGs
[2025-09-29T14:54:43.644+0000] {logging_mixin.py:190} INFO - [2025-09-29T14:54:43.644+0000] {dag.py:4180} INFO - Setting next_dagrun for example_subdag_operator.section-1 to None, run_after=None
[2025-09-29T14:54:43.645+0000] {logging_mixin.py:190} INFO - [2025-09-29T14:54:43.645+0000] {dag.py:4180} INFO - Setting next_dagrun for example_subdag_operator.section-2 to None, run_after=None
[2025-09-29T14:54:43.650+0000] {processor.py:208} INFO - Processing /home/airflow/.local/lib/python3.12/site-packages/airflow/example_dags/example_subdag_operator.py took 0.054 seconds
[2025-09-29T14:55:13.986+0000] {processor.py:186} INFO - Started process (PID=2692) to work on /home/airflow/.local/lib/python3.12/site-packages/airflow/example_dags/example_subdag_operator.py
[2025-09-29T14:55:13.988+0000] {processor.py:914} INFO - Processing file /home/airflow/.local/lib/python3.12/site-packages/airflow/example_dags/example_subdag_operator.py for tasks to queue
[2025-09-29T14:55:13.989+0000] {logging_mixin.py:190} INFO - [2025-09-29T14:55:13.988+0000] {dagbag.py:588} INFO - Filling up the DagBag from /home/airflow/.local/lib/python3.12/site-packages/airflow/example_dags/example_subdag_operator.py
[2025-09-29T14:55:14.006+0000] {processor.py:925} INFO - DAG(s) 'example_subdag_operator.section-1', 'example_subdag_operator.section-2', 'example_subdag_operator' retrieved from /home/airflow/.local/lib/python3.12/site-packages/airflow/example_dags/example_subdag_operator.py
[2025-09-29T14:55:14.016+0000] {logging_mixin.py:190} INFO - [2025-09-29T14:55:14.016+0000] {dag.py:3239} INFO - Sync 3 DAGs
[2025-09-29T14:55:14.029+0000] {logging_mixin.py:190} INFO - [2025-09-29T14:55:14.029+0000] {dag.py:4180} INFO - Setting next_dagrun for example_subdag_operator to 2022-01-01 00:00:00+00:00, run_after=2022-01-01 00:00:00+00:00
[2025-09-29T14:55:14.031+0000] {logging_mixin.py:190} INFO - [2025-09-29T14:55:14.031+0000] {dag.py:4180} INFO - Setting next_dagrun for example_subdag_operator.section-1 to None, run_after=None
[2025-09-29T14:55:14.033+0000] {logging_mixin.py:190} INFO - [2025-09-29T14:55:14.033+0000] {dag.py:4180} INFO - Setting next_dagrun for example_subdag_operator.section-2 to None, run_after=None
[2025-09-29T14:55:14.040+0000] {logging_mixin.py:190} INFO - [2025-09-29T14:55:14.040+0000] {dag.py:3239} INFO - Sync 2 DAGs
[2025-09-29T14:55:14.043+0000] {logging_mixin.py:190} INFO - [2025-09-29T14:55:14.043+0000] {dag.py:4180} INFO - Setting next_dagrun for example_subdag_operator.section-1 to None, run_after=None
[2025-09-29T14:55:14.044+0000] {logging_mixin.py:190} INFO - [2025-09-29T14:55:14.044+0000] {dag.py:4180} INFO - Setting next_dagrun for example_subdag_operator.section-2 to None, run_after=None
[2025-09-29T14:55:14.052+0000] {processor.py:208} INFO - Processing /home/airflow/.local/lib/python3.12/site-packages/airflow/example_dags/example_subdag_operator.py took 0.069 seconds
[2025-09-29T14:55:44.464+0000] {processor.py:186} INFO - Started process (PID=2754) to work on /home/airflow/.local/lib/python3.12/site-packages/airflow/example_dags/example_subdag_operator.py
[2025-09-29T14:55:44.465+0000] {processor.py:914} INFO - Processing file /home/airflow/.local/lib/python3.12/site-packages/airflow/example_dags/example_subdag_operator.py for tasks to queue
[2025-09-29T14:55:44.465+0000] {logging_mixin.py:190} INFO - [2025-09-29T14:55:44.465+0000] {dagbag.py:588} INFO - Filling up the DagBag from /home/airflow/.local/lib/python3.12/site-packages/airflow/example_dags/example_subdag_operator.py
[2025-09-29T14:55:44.486+0000] {processor.py:925} INFO - DAG(s) 'example_subdag_operator.section-1', 'example_subdag_operator.section-2', 'example_subdag_operator' retrieved from /home/airflow/.local/lib/python3.12/site-packages/airflow/example_dags/example_subdag_operator.py
[2025-09-29T14:55:44.495+0000] {logging_mixin.py:190} INFO - [2025-09-29T14:55:44.494+0000] {dag.py:3239} INFO - Sync 3 DAGs
[2025-09-29T14:55:44.509+0000] {logging_mixin.py:190} INFO - [2025-09-29T14:55:44.509+0000] {dag.py:4180} INFO - Setting next_dagrun for example_subdag_operator to 2022-01-01 00:00:00+00:00, run_after=2022-01-01 00:00:00+00:00
[2025-09-29T14:55:44.511+0000] {logging_mixin.py:190} INFO - [2025-09-29T14:55:44.511+0000] {dag.py:4180} INFO - Setting next_dagrun for example_subdag_operator.section-1 to None, run_after=None
[2025-09-29T14:55:44.512+0000] {logging_mixin.py:190} INFO - [2025-09-29T14:55:44.511+0000] {dag.py:4180} INFO - Setting next_dagrun for example_subdag_operator.section-2 to None, run_after=None
[2025-09-29T14:55:44.515+0000] {logging_mixin.py:190} INFO - [2025-09-29T14:55:44.515+0000] {dag.py:3239} INFO - Sync 2 DAGs
[2025-09-29T14:55:44.518+0000] {logging_mixin.py:190} INFO - [2025-09-29T14:55:44.518+0000] {dag.py:4180} INFO - Setting next_dagrun for example_subdag_operator.section-1 to None, run_after=None
[2025-09-29T14:55:44.518+0000] {logging_mixin.py:190} INFO - [2025-09-29T14:55:44.518+0000] {dag.py:4180} INFO - Setting next_dagrun for example_subdag_operator.section-2 to None, run_after=None
[2025-09-29T14:55:44.523+0000] {processor.py:208} INFO - Processing /home/airflow/.local/lib/python3.12/site-packages/airflow/example_dags/example_subdag_operator.py took 0.062 seconds
[2025-09-29T14:56:15.057+0000] {processor.py:186} INFO - Started process (PID=2817) to work on /home/airflow/.local/lib/python3.12/site-packages/airflow/example_dags/example_subdag_operator.py
[2025-09-29T14:56:15.058+0000] {processor.py:914} INFO - Processing file /home/airflow/.local/lib/python3.12/site-packages/airflow/example_dags/example_subdag_operator.py for tasks to queue
[2025-09-29T14:56:15.058+0000] {logging_mixin.py:190} INFO - [2025-09-29T14:56:15.058+0000] {dagbag.py:588} INFO - Filling up the DagBag from /home/airflow/.local/lib/python3.12/site-packages/airflow/example_dags/example_subdag_operator.py
[2025-09-29T14:56:15.072+0000] {processor.py:925} INFO - DAG(s) 'example_subdag_operator.section-1', 'example_subdag_operator.section-2', 'example_subdag_operator' retrieved from /home/airflow/.local/lib/python3.12/site-packages/airflow/example_dags/example_subdag_operator.py
[2025-09-29T14:56:15.079+0000] {logging_mixin.py:190} INFO - [2025-09-29T14:56:15.079+0000] {dag.py:3239} INFO - Sync 3 DAGs
[2025-09-29T14:56:15.090+0000] {logging_mixin.py:190} INFO - [2025-09-29T14:56:15.090+0000] {dag.py:4180} INFO - Setting next_dagrun for example_subdag_operator to 2022-01-01 00:00:00+00:00, run_after=2022-01-01 00:00:00+00:00
[2025-09-29T14:56:15.092+0000] {logging_mixin.py:190} INFO - [2025-09-29T14:56:15.092+0000] {dag.py:4180} INFO - Setting next_dagrun for example_subdag_operator.section-1 to None, run_after=None
[2025-09-29T14:56:15.093+0000] {logging_mixin.py:190} INFO - [2025-09-29T14:56:15.093+0000] {dag.py:4180} INFO - Setting next_dagrun for example_subdag_operator.section-2 to None, run_after=None
[2025-09-29T14:56:15.098+0000] {logging_mixin.py:190} INFO - [2025-09-29T14:56:15.098+0000] {dag.py:3239} INFO - Sync 2 DAGs
[2025-09-29T14:56:15.101+0000] {logging_mixin.py:190} INFO - [2025-09-29T14:56:15.101+0000] {dag.py:4180} INFO - Setting next_dagrun for example_subdag_operator.section-1 to None, run_after=None
[2025-09-29T14:56:15.102+0000] {logging_mixin.py:190} INFO - [2025-09-29T14:56:15.102+0000] {dag.py:4180} INFO - Setting next_dagrun for example_subdag_operator.section-2 to None, run_after=None
[2025-09-29T14:56:15.110+0000] {processor.py:208} INFO - Processing /home/airflow/.local/lib/python3.12/site-packages/airflow/example_dags/example_subdag_operator.py took 0.056 seconds
[2025-09-29T14:56:45.516+0000] {processor.py:186} INFO - Started process (PID=2880) to work on /home/airflow/.local/lib/python3.12/site-packages/airflow/example_dags/example_subdag_operator.py
[2025-09-29T14:56:45.517+0000] {processor.py:914} INFO - Processing file /home/airflow/.local/lib/python3.12/site-packages/airflow/example_dags/example_subdag_operator.py for tasks to queue
[2025-09-29T14:56:45.518+0000] {logging_mixin.py:190} INFO - [2025-09-29T14:56:45.517+0000] {dagbag.py:588} INFO - Filling up the DagBag from /home/airflow/.local/lib/python3.12/site-packages/airflow/example_dags/example_subdag_operator.py
[2025-09-29T14:56:45.531+0000] {processor.py:925} INFO - DAG(s) 'example_subdag_operator.section-1', 'example_subdag_operator.section-2', 'example_subdag_operator' retrieved from /home/airflow/.local/lib/python3.12/site-packages/airflow/example_dags/example_subdag_operator.py
[2025-09-29T14:56:45.542+0000] {logging_mixin.py:190} INFO - [2025-09-29T14:56:45.542+0000] {dag.py:3239} INFO - Sync 3 DAGs
[2025-09-29T14:56:45.555+0000] {logging_mixin.py:190} INFO - [2025-09-29T14:56:45.555+0000] {dag.py:4180} INFO - Setting next_dagrun for example_subdag_operator to 2022-01-01 00:00:00+00:00, run_after=2022-01-01 00:00:00+00:00
[2025-09-29T14:56:45.557+0000] {logging_mixin.py:190} INFO - [2025-09-29T14:56:45.557+0000] {dag.py:4180} INFO - Setting next_dagrun for example_subdag_operator.section-1 to None, run_after=None
[2025-09-29T14:56:45.558+0000] {logging_mixin.py:190} INFO - [2025-09-29T14:56:45.558+0000] {dag.py:4180} INFO - Setting next_dagrun for example_subdag_operator.section-2 to None, run_after=None
[2025-09-29T14:56:45.563+0000] {logging_mixin.py:190} INFO - [2025-09-29T14:56:45.563+0000] {dag.py:3239} INFO - Sync 2 DAGs
[2025-09-29T14:56:45.570+0000] {logging_mixin.py:190} INFO - [2025-09-29T14:56:45.570+0000] {dag.py:4180} INFO - Setting next_dagrun for example_subdag_operator.section-1 to None, run_after=None
[2025-09-29T14:56:45.570+0000] {logging_mixin.py:190} INFO - [2025-09-29T14:56:45.570+0000] {dag.py:4180} INFO - Setting next_dagrun for example_subdag_operator.section-2 to None, run_after=None
[2025-09-29T14:56:45.575+0000] {processor.py:208} INFO - Processing /home/airflow/.local/lib/python3.12/site-packages/airflow/example_dags/example_subdag_operator.py took 0.063 seconds
[2025-09-29T14:57:16.017+0000] {processor.py:186} INFO - Started process (PID=2943) to work on /home/airflow/.local/lib/python3.12/site-packages/airflow/example_dags/example_subdag_operator.py
[2025-09-29T14:57:16.018+0000] {processor.py:914} INFO - Processing file /home/airflow/.local/lib/python3.12/site-packages/airflow/example_dags/example_subdag_operator.py for tasks to queue
[2025-09-29T14:57:16.019+0000] {logging_mixin.py:190} INFO - [2025-09-29T14:57:16.019+0000] {dagbag.py:588} INFO - Filling up the DagBag from /home/airflow/.local/lib/python3.12/site-packages/airflow/example_dags/example_subdag_operator.py
[2025-09-29T14:57:16.036+0000] {processor.py:925} INFO - DAG(s) 'example_subdag_operator.section-1', 'example_subdag_operator.section-2', 'example_subdag_operator' retrieved from /home/airflow/.local/lib/python3.12/site-packages/airflow/example_dags/example_subdag_operator.py
[2025-09-29T14:57:16.043+0000] {logging_mixin.py:190} INFO - [2025-09-29T14:57:16.043+0000] {dag.py:3239} INFO - Sync 3 DAGs
[2025-09-29T14:57:16.055+0000] {logging_mixin.py:190} INFO - [2025-09-29T14:57:16.055+0000] {dag.py:4180} INFO - Setting next_dagrun for example_subdag_operator to 2022-01-01 00:00:00+00:00, run_after=2022-01-01 00:00:00+00:00
[2025-09-29T14:57:16.058+0000] {logging_mixin.py:190} INFO - [2025-09-29T14:57:16.058+0000] {dag.py:4180} INFO - Setting next_dagrun for example_subdag_operator.section-1 to None, run_after=None
[2025-09-29T14:57:16.059+0000] {logging_mixin.py:190} INFO - [2025-09-29T14:57:16.059+0000] {dag.py:4180} INFO - Setting next_dagrun for example_subdag_operator.section-2 to None, run_after=None
[2025-09-29T14:57:16.062+0000] {logging_mixin.py:190} INFO - [2025-09-29T14:57:16.062+0000] {dag.py:3239} INFO - Sync 2 DAGs
[2025-09-29T14:57:16.065+0000] {logging_mixin.py:190} INFO - [2025-09-29T14:57:16.065+0000] {dag.py:4180} INFO - Setting next_dagrun for example_subdag_operator.section-1 to None, run_after=None
[2025-09-29T14:57:16.065+0000] {logging_mixin.py:190} INFO - [2025-09-29T14:57:16.065+0000] {dag.py:4180} INFO - Setting next_dagrun for example_subdag_operator.section-2 to None, run_after=None
[2025-09-29T14:57:16.071+0000] {processor.py:208} INFO - Processing /home/airflow/.local/lib/python3.12/site-packages/airflow/example_dags/example_subdag_operator.py took 0.056 seconds
[2025-09-29T14:57:46.638+0000] {processor.py:186} INFO - Started process (PID=3006) to work on /home/airflow/.local/lib/python3.12/site-packages/airflow/example_dags/example_subdag_operator.py
[2025-09-29T14:57:46.639+0000] {processor.py:914} INFO - Processing file /home/airflow/.local/lib/python3.12/site-packages/airflow/example_dags/example_subdag_operator.py for tasks to queue
[2025-09-29T14:57:46.639+0000] {logging_mixin.py:190} INFO - [2025-09-29T14:57:46.639+0000] {dagbag.py:588} INFO - Filling up the DagBag from /home/airflow/.local/lib/python3.12/site-packages/airflow/example_dags/example_subdag_operator.py
[2025-09-29T14:57:46.654+0000] {processor.py:925} INFO - DAG(s) 'example_subdag_operator.section-1', 'example_subdag_operator.section-2', 'example_subdag_operator' retrieved from /home/airflow/.local/lib/python3.12/site-packages/airflow/example_dags/example_subdag_operator.py
[2025-09-29T14:57:46.660+0000] {logging_mixin.py:190} INFO - [2025-09-29T14:57:46.660+0000] {dag.py:3239} INFO - Sync 3 DAGs
[2025-09-29T14:57:46.671+0000] {logging_mixin.py:190} INFO - [2025-09-29T14:57:46.670+0000] {dag.py:4180} INFO - Setting next_dagrun for example_subdag_operator to 2022-01-01 00:00:00+00:00, run_after=2022-01-01 00:00:00+00:00
[2025-09-29T14:57:46.673+0000] {logging_mixin.py:190} INFO - [2025-09-29T14:57:46.673+0000] {dag.py:4180} INFO - Setting next_dagrun for example_subdag_operator.section-1 to None, run_after=None
[2025-09-29T14:57:46.674+0000] {logging_mixin.py:190} INFO - [2025-09-29T14:57:46.674+0000] {dag.py:4180} INFO - Setting next_dagrun for example_subdag_operator.section-2 to None, run_after=None
[2025-09-29T14:57:46.679+0000] {logging_mixin.py:190} INFO - [2025-09-29T14:57:46.679+0000] {dag.py:3239} INFO - Sync 2 DAGs
[2025-09-29T14:57:46.683+0000] {logging_mixin.py:190} INFO - [2025-09-29T14:57:46.682+0000] {dag.py:4180} INFO - Setting next_dagrun for example_subdag_operator.section-1 to None, run_after=None
[2025-09-29T14:57:46.683+0000] {logging_mixin.py:190} INFO - [2025-09-29T14:57:46.683+0000] {dag.py:4180} INFO - Setting next_dagrun for example_subdag_operator.section-2 to None, run_after=None
[2025-09-29T14:57:46.689+0000] {processor.py:208} INFO - Processing /home/airflow/.local/lib/python3.12/site-packages/airflow/example_dags/example_subdag_operator.py took 0.055 seconds
[2025-09-29T14:58:17.376+0000] {processor.py:186} INFO - Started process (PID=3068) to work on /home/airflow/.local/lib/python3.12/site-packages/airflow/example_dags/example_subdag_operator.py
[2025-09-29T14:58:17.379+0000] {processor.py:914} INFO - Processing file /home/airflow/.local/lib/python3.12/site-packages/airflow/example_dags/example_subdag_operator.py for tasks to queue
[2025-09-29T14:58:17.381+0000] {logging_mixin.py:190} INFO - [2025-09-29T14:58:17.381+0000] {dagbag.py:588} INFO - Filling up the DagBag from /home/airflow/.local/lib/python3.12/site-packages/airflow/example_dags/example_subdag_operator.py
[2025-09-29T14:58:17.394+0000] {processor.py:925} INFO - DAG(s) 'example_subdag_operator.section-1', 'example_subdag_operator.section-2', 'example_subdag_operator' retrieved from /home/airflow/.local/lib/python3.12/site-packages/airflow/example_dags/example_subdag_operator.py
[2025-09-29T14:58:17.402+0000] {logging_mixin.py:190} INFO - [2025-09-29T14:58:17.402+0000] {dag.py:3239} INFO - Sync 3 DAGs
[2025-09-29T14:58:17.417+0000] {logging_mixin.py:190} INFO - [2025-09-29T14:58:17.416+0000] {dag.py:4180} INFO - Setting next_dagrun for example_subdag_operator to 2022-01-01 00:00:00+00:00, run_after=2022-01-01 00:00:00+00:00
[2025-09-29T14:58:17.420+0000] {logging_mixin.py:190} INFO - [2025-09-29T14:58:17.420+0000] {dag.py:4180} INFO - Setting next_dagrun for example_subdag_operator.section-1 to None, run_after=None
[2025-09-29T14:58:17.422+0000] {logging_mixin.py:190} INFO - [2025-09-29T14:58:17.422+0000] {dag.py:4180} INFO - Setting next_dagrun for example_subdag_operator.section-2 to None, run_after=None
[2025-09-29T14:58:17.425+0000] {logging_mixin.py:190} INFO - [2025-09-29T14:58:17.425+0000] {dag.py:3239} INFO - Sync 2 DAGs
[2025-09-29T14:58:17.429+0000] {logging_mixin.py:190} INFO - [2025-09-29T14:58:17.428+0000] {dag.py:4180} INFO - Setting next_dagrun for example_subdag_operator.section-1 to None, run_after=None
[2025-09-29T14:58:17.429+0000] {logging_mixin.py:190} INFO - [2025-09-29T14:58:17.429+0000] {dag.py:4180} INFO - Setting next_dagrun for example_subdag_operator.section-2 to None, run_after=None
[2025-09-29T14:58:17.434+0000] {processor.py:208} INFO - Processing /home/airflow/.local/lib/python3.12/site-packages/airflow/example_dags/example_subdag_operator.py took 0.061 seconds
[2025-09-29T14:58:48.030+0000] {processor.py:186} INFO - Started process (PID=3131) to work on /home/airflow/.local/lib/python3.12/site-packages/airflow/example_dags/example_subdag_operator.py
[2025-09-29T14:58:48.032+0000] {processor.py:914} INFO - Processing file /home/airflow/.local/lib/python3.12/site-packages/airflow/example_dags/example_subdag_operator.py for tasks to queue
[2025-09-29T14:58:48.032+0000] {logging_mixin.py:190} INFO - [2025-09-29T14:58:48.032+0000] {dagbag.py:588} INFO - Filling up the DagBag from /home/airflow/.local/lib/python3.12/site-packages/airflow/example_dags/example_subdag_operator.py
[2025-09-29T14:58:48.047+0000] {processor.py:925} INFO - DAG(s) 'example_subdag_operator.section-1', 'example_subdag_operator.section-2', 'example_subdag_operator' retrieved from /home/airflow/.local/lib/python3.12/site-packages/airflow/example_dags/example_subdag_operator.py
[2025-09-29T14:58:48.056+0000] {logging_mixin.py:190} INFO - [2025-09-29T14:58:48.055+0000] {dag.py:3239} INFO - Sync 3 DAGs
[2025-09-29T14:58:48.067+0000] {logging_mixin.py:190} INFO - [2025-09-29T14:58:48.066+0000] {dag.py:4180} INFO - Setting next_dagrun for example_subdag_operator to 2022-01-01 00:00:00+00:00, run_after=2022-01-01 00:00:00+00:00
[2025-09-29T14:58:48.068+0000] {logging_mixin.py:190} INFO - [2025-09-29T14:58:48.068+0000] {dag.py:4180} INFO - Setting next_dagrun for example_subdag_operator.section-1 to None, run_after=None
[2025-09-29T14:58:48.069+0000] {logging_mixin.py:190} INFO - [2025-09-29T14:58:48.069+0000] {dag.py:4180} INFO - Setting next_dagrun for example_subdag_operator.section-2 to None, run_after=None
[2025-09-29T14:58:48.073+0000] {logging_mixin.py:190} INFO - [2025-09-29T14:58:48.073+0000] {dag.py:3239} INFO - Sync 2 DAGs
[2025-09-29T14:58:48.076+0000] {logging_mixin.py:190} INFO - [2025-09-29T14:58:48.076+0000] {dag.py:4180} INFO - Setting next_dagrun for example_subdag_operator.section-1 to None, run_after=None
[2025-09-29T14:58:48.077+0000] {logging_mixin.py:190} INFO - [2025-09-29T14:58:48.077+0000] {dag.py:4180} INFO - Setting next_dagrun for example_subdag_operator.section-2 to None, run_after=None
[2025-09-29T14:58:48.081+0000] {processor.py:208} INFO - Processing /home/airflow/.local/lib/python3.12/site-packages/airflow/example_dags/example_subdag_operator.py took 0.055 seconds
[2025-09-29T14:59:18.619+0000] {processor.py:186} INFO - Started process (PID=3194) to work on /home/airflow/.local/lib/python3.12/site-packages/airflow/example_dags/example_subdag_operator.py
[2025-09-29T14:59:18.620+0000] {processor.py:914} INFO - Processing file /home/airflow/.local/lib/python3.12/site-packages/airflow/example_dags/example_subdag_operator.py for tasks to queue
[2025-09-29T14:59:18.621+0000] {logging_mixin.py:190} INFO - [2025-09-29T14:59:18.621+0000] {dagbag.py:588} INFO - Filling up the DagBag from /home/airflow/.local/lib/python3.12/site-packages/airflow/example_dags/example_subdag_operator.py
[2025-09-29T14:59:18.637+0000] {processor.py:925} INFO - DAG(s) 'example_subdag_operator.section-1', 'example_subdag_operator.section-2', 'example_subdag_operator' retrieved from /home/airflow/.local/lib/python3.12/site-packages/airflow/example_dags/example_subdag_operator.py
[2025-09-29T14:59:18.646+0000] {logging_mixin.py:190} INFO - [2025-09-29T14:59:18.646+0000] {dag.py:3239} INFO - Sync 3 DAGs
[2025-09-29T14:59:18.659+0000] {logging_mixin.py:190} INFO - [2025-09-29T14:59:18.659+0000] {dag.py:4180} INFO - Setting next_dagrun for example_subdag_operator to 2022-01-01 00:00:00+00:00, run_after=2022-01-01 00:00:00+00:00
[2025-09-29T14:59:18.661+0000] {logging_mixin.py:190} INFO - [2025-09-29T14:59:18.661+0000] {dag.py:4180} INFO - Setting next_dagrun for example_subdag_operator.section-1 to None, run_after=None
[2025-09-29T14:59:18.662+0000] {logging_mixin.py:190} INFO - [2025-09-29T14:59:18.661+0000] {dag.py:4180} INFO - Setting next_dagrun for example_subdag_operator.section-2 to None, run_after=None
[2025-09-29T14:59:18.665+0000] {logging_mixin.py:190} INFO - [2025-09-29T14:59:18.664+0000] {dag.py:3239} INFO - Sync 2 DAGs
[2025-09-29T14:59:18.667+0000] {logging_mixin.py:190} INFO - [2025-09-29T14:59:18.667+0000] {dag.py:4180} INFO - Setting next_dagrun for example_subdag_operator.section-1 to None, run_after=None
[2025-09-29T14:59:18.667+0000] {logging_mixin.py:190} INFO - [2025-09-29T14:59:18.667+0000] {dag.py:4180} INFO - Setting next_dagrun for example_subdag_operator.section-2 to None, run_after=None
[2025-09-29T14:59:18.672+0000] {processor.py:208} INFO - Processing /home/airflow/.local/lib/python3.12/site-packages/airflow/example_dags/example_subdag_operator.py took 0.056 seconds
[2025-09-29T14:59:49.185+0000] {processor.py:186} INFO - Started process (PID=3257) to work on /home/airflow/.local/lib/python3.12/site-packages/airflow/example_dags/example_subdag_operator.py
[2025-09-29T14:59:49.189+0000] {processor.py:914} INFO - Processing file /home/airflow/.local/lib/python3.12/site-packages/airflow/example_dags/example_subdag_operator.py for tasks to queue
[2025-09-29T14:59:49.189+0000] {logging_mixin.py:190} INFO - [2025-09-29T14:59:49.189+0000] {dagbag.py:588} INFO - Filling up the DagBag from /home/airflow/.local/lib/python3.12/site-packages/airflow/example_dags/example_subdag_operator.py
[2025-09-29T14:59:49.207+0000] {processor.py:925} INFO - DAG(s) 'example_subdag_operator.section-1', 'example_subdag_operator.section-2', 'example_subdag_operator' retrieved from /home/airflow/.local/lib/python3.12/site-packages/airflow/example_dags/example_subdag_operator.py
[2025-09-29T14:59:49.215+0000] {logging_mixin.py:190} INFO - [2025-09-29T14:59:49.215+0000] {dag.py:3239} INFO - Sync 3 DAGs
[2025-09-29T14:59:49.229+0000] {logging_mixin.py:190} INFO - [2025-09-29T14:59:49.228+0000] {dag.py:4180} INFO - Setting next_dagrun for example_subdag_operator to 2022-01-01 00:00:00+00:00, run_after=2022-01-01 00:00:00+00:00
[2025-09-29T14:59:49.231+0000] {logging_mixin.py:190} INFO - [2025-09-29T14:59:49.230+0000] {dag.py:4180} INFO - Setting next_dagrun for example_subdag_operator.section-1 to None, run_after=None
[2025-09-29T14:59:49.231+0000] {logging_mixin.py:190} INFO - [2025-09-29T14:59:49.231+0000] {dag.py:4180} INFO - Setting next_dagrun for example_subdag_operator.section-2 to None, run_after=None
[2025-09-29T14:59:49.235+0000] {logging_mixin.py:190} INFO - [2025-09-29T14:59:49.234+0000] {dag.py:3239} INFO - Sync 2 DAGs
[2025-09-29T14:59:49.241+0000] {logging_mixin.py:190} INFO - [2025-09-29T14:59:49.241+0000] {dag.py:4180} INFO - Setting next_dagrun for example_subdag_operator.section-1 to None, run_after=None
[2025-09-29T14:59:49.242+0000] {logging_mixin.py:190} INFO - [2025-09-29T14:59:49.242+0000] {dag.py:4180} INFO - Setting next_dagrun for example_subdag_operator.section-2 to None, run_after=None
[2025-09-29T14:59:49.250+0000] {processor.py:208} INFO - Processing /home/airflow/.local/lib/python3.12/site-packages/airflow/example_dags/example_subdag_operator.py took 0.069 seconds
[2025-09-29T15:00:19.701+0000] {processor.py:186} INFO - Started process (PID=3320) to work on /home/airflow/.local/lib/python3.12/site-packages/airflow/example_dags/example_subdag_operator.py
[2025-09-29T15:00:19.702+0000] {processor.py:914} INFO - Processing file /home/airflow/.local/lib/python3.12/site-packages/airflow/example_dags/example_subdag_operator.py for tasks to queue
[2025-09-29T15:00:19.703+0000] {logging_mixin.py:190} INFO - [2025-09-29T15:00:19.703+0000] {dagbag.py:588} INFO - Filling up the DagBag from /home/airflow/.local/lib/python3.12/site-packages/airflow/example_dags/example_subdag_operator.py
[2025-09-29T15:00:19.720+0000] {processor.py:925} INFO - DAG(s) 'example_subdag_operator.section-1', 'example_subdag_operator.section-2', 'example_subdag_operator' retrieved from /home/airflow/.local/lib/python3.12/site-packages/airflow/example_dags/example_subdag_operator.py
[2025-09-29T15:00:19.731+0000] {logging_mixin.py:190} INFO - [2025-09-29T15:00:19.731+0000] {dag.py:3239} INFO - Sync 3 DAGs
[2025-09-29T15:00:19.763+0000] {logging_mixin.py:190} INFO - [2025-09-29T15:00:19.762+0000] {dag.py:4180} INFO - Setting next_dagrun for example_subdag_operator to 2022-01-01 00:00:00+00:00, run_after=2022-01-01 00:00:00+00:00
[2025-09-29T15:00:19.766+0000] {logging_mixin.py:190} INFO - [2025-09-29T15:00:19.766+0000] {dag.py:4180} INFO - Setting next_dagrun for example_subdag_operator.section-1 to None, run_after=None
[2025-09-29T15:00:19.767+0000] {logging_mixin.py:190} INFO - [2025-09-29T15:00:19.767+0000] {dag.py:4180} INFO - Setting next_dagrun for example_subdag_operator.section-2 to None, run_after=None
[2025-09-29T15:00:19.772+0000] {logging_mixin.py:190} INFO - [2025-09-29T15:00:19.771+0000] {dag.py:3239} INFO - Sync 2 DAGs
[2025-09-29T15:00:19.777+0000] {logging_mixin.py:190} INFO - [2025-09-29T15:00:19.777+0000] {dag.py:4180} INFO - Setting next_dagrun for example_subdag_operator.section-1 to None, run_after=None
[2025-09-29T15:00:19.778+0000] {logging_mixin.py:190} INFO - [2025-09-29T15:00:19.778+0000] {dag.py:4180} INFO - Setting next_dagrun for example_subdag_operator.section-2 to None, run_after=None
[2025-09-29T15:00:19.787+0000] {processor.py:208} INFO - Processing /home/airflow/.local/lib/python3.12/site-packages/airflow/example_dags/example_subdag_operator.py took 0.090 seconds
[2025-09-29T15:00:50.341+0000] {processor.py:186} INFO - Started process (PID=3383) to work on /home/airflow/.local/lib/python3.12/site-packages/airflow/example_dags/example_subdag_operator.py
[2025-09-29T15:00:50.342+0000] {processor.py:914} INFO - Processing file /home/airflow/.local/lib/python3.12/site-packages/airflow/example_dags/example_subdag_operator.py for tasks to queue
[2025-09-29T15:00:50.343+0000] {logging_mixin.py:190} INFO - [2025-09-29T15:00:50.343+0000] {dagbag.py:588} INFO - Filling up the DagBag from /home/airflow/.local/lib/python3.12/site-packages/airflow/example_dags/example_subdag_operator.py
[2025-09-29T15:00:50.357+0000] {processor.py:925} INFO - DAG(s) 'example_subdag_operator.section-1', 'example_subdag_operator.section-2', 'example_subdag_operator' retrieved from /home/airflow/.local/lib/python3.12/site-packages/airflow/example_dags/example_subdag_operator.py
[2025-09-29T15:00:50.365+0000] {logging_mixin.py:190} INFO - [2025-09-29T15:00:50.365+0000] {dag.py:3239} INFO - Sync 3 DAGs
[2025-09-29T15:00:50.377+0000] {logging_mixin.py:190} INFO - [2025-09-29T15:00:50.377+0000] {dag.py:4180} INFO - Setting next_dagrun for example_subdag_operator to 2022-01-01 00:00:00+00:00, run_after=2022-01-01 00:00:00+00:00
[2025-09-29T15:00:50.379+0000] {logging_mixin.py:190} INFO - [2025-09-29T15:00:50.379+0000] {dag.py:4180} INFO - Setting next_dagrun for example_subdag_operator.section-1 to None, run_after=None
[2025-09-29T15:00:50.380+0000] {logging_mixin.py:190} INFO - [2025-09-29T15:00:50.380+0000] {dag.py:4180} INFO - Setting next_dagrun for example_subdag_operator.section-2 to None, run_after=None
[2025-09-29T15:00:50.383+0000] {logging_mixin.py:190} INFO - [2025-09-29T15:00:50.383+0000] {dag.py:3239} INFO - Sync 2 DAGs
[2025-09-29T15:00:50.386+0000] {logging_mixin.py:190} INFO - [2025-09-29T15:00:50.385+0000] {dag.py:4180} INFO - Setting next_dagrun for example_subdag_operator.section-1 to None, run_after=None
[2025-09-29T15:00:50.386+0000] {logging_mixin.py:190} INFO - [2025-09-29T15:00:50.386+0000] {dag.py:4180} INFO - Setting next_dagrun for example_subdag_operator.section-2 to None, run_after=None
[2025-09-29T15:00:50.391+0000] {processor.py:208} INFO - Processing /home/airflow/.local/lib/python3.12/site-packages/airflow/example_dags/example_subdag_operator.py took 0.054 seconds
[2025-09-29T15:01:20.921+0000] {processor.py:186} INFO - Started process (PID=3446) to work on /home/airflow/.local/lib/python3.12/site-packages/airflow/example_dags/example_subdag_operator.py
[2025-09-29T15:01:20.921+0000] {processor.py:914} INFO - Processing file /home/airflow/.local/lib/python3.12/site-packages/airflow/example_dags/example_subdag_operator.py for tasks to queue
[2025-09-29T15:01:20.922+0000] {logging_mixin.py:190} INFO - [2025-09-29T15:01:20.922+0000] {dagbag.py:588} INFO - Filling up the DagBag from /home/airflow/.local/lib/python3.12/site-packages/airflow/example_dags/example_subdag_operator.py
[2025-09-29T15:01:20.944+0000] {processor.py:925} INFO - DAG(s) 'example_subdag_operator.section-1', 'example_subdag_operator.section-2', 'example_subdag_operator' retrieved from /home/airflow/.local/lib/python3.12/site-packages/airflow/example_dags/example_subdag_operator.py
[2025-09-29T15:01:20.953+0000] {logging_mixin.py:190} INFO - [2025-09-29T15:01:20.952+0000] {dag.py:3239} INFO - Sync 3 DAGs
[2025-09-29T15:01:20.964+0000] {logging_mixin.py:190} INFO - [2025-09-29T15:01:20.964+0000] {dag.py:4180} INFO - Setting next_dagrun for example_subdag_operator to 2022-01-01 00:00:00+00:00, run_after=2022-01-01 00:00:00+00:00
[2025-09-29T15:01:20.967+0000] {logging_mixin.py:190} INFO - [2025-09-29T15:01:20.966+0000] {dag.py:4180} INFO - Setting next_dagrun for example_subdag_operator.section-1 to None, run_after=None
[2025-09-29T15:01:20.968+0000] {logging_mixin.py:190} INFO - [2025-09-29T15:01:20.968+0000] {dag.py:4180} INFO - Setting next_dagrun for example_subdag_operator.section-2 to None, run_after=None
[2025-09-29T15:01:20.973+0000] {logging_mixin.py:190} INFO - [2025-09-29T15:01:20.973+0000] {dag.py:3239} INFO - Sync 2 DAGs
[2025-09-29T15:01:20.976+0000] {logging_mixin.py:190} INFO - [2025-09-29T15:01:20.976+0000] {dag.py:4180} INFO - Setting next_dagrun for example_subdag_operator.section-1 to None, run_after=None
[2025-09-29T15:01:20.976+0000] {logging_mixin.py:190} INFO - [2025-09-29T15:01:20.976+0000] {dag.py:4180} INFO - Setting next_dagrun for example_subdag_operator.section-2 to None, run_after=None
[2025-09-29T15:01:20.982+0000] {processor.py:208} INFO - Processing /home/airflow/.local/lib/python3.12/site-packages/airflow/example_dags/example_subdag_operator.py took 0.065 seconds
[2025-09-29T15:01:51.499+0000] {processor.py:186} INFO - Started process (PID=3509) to work on /home/airflow/.local/lib/python3.12/site-packages/airflow/example_dags/example_subdag_operator.py
[2025-09-29T15:01:51.502+0000] {processor.py:914} INFO - Processing file /home/airflow/.local/lib/python3.12/site-packages/airflow/example_dags/example_subdag_operator.py for tasks to queue
[2025-09-29T15:01:51.503+0000] {logging_mixin.py:190} INFO - [2025-09-29T15:01:51.502+0000] {dagbag.py:588} INFO - Filling up the DagBag from /home/airflow/.local/lib/python3.12/site-packages/airflow/example_dags/example_subdag_operator.py
[2025-09-29T15:01:51.516+0000] {processor.py:925} INFO - DAG(s) 'example_subdag_operator.section-1', 'example_subdag_operator.section-2', 'example_subdag_operator' retrieved from /home/airflow/.local/lib/python3.12/site-packages/airflow/example_dags/example_subdag_operator.py
[2025-09-29T15:01:51.525+0000] {logging_mixin.py:190} INFO - [2025-09-29T15:01:51.525+0000] {dag.py:3239} INFO - Sync 3 DAGs
[2025-09-29T15:01:51.536+0000] {logging_mixin.py:190} INFO - [2025-09-29T15:01:51.536+0000] {dag.py:4180} INFO - Setting next_dagrun for example_subdag_operator to 2022-01-01 00:00:00+00:00, run_after=2022-01-01 00:00:00+00:00
[2025-09-29T15:01:51.538+0000] {logging_mixin.py:190} INFO - [2025-09-29T15:01:51.538+0000] {dag.py:4180} INFO - Setting next_dagrun for example_subdag_operator.section-1 to None, run_after=None
[2025-09-29T15:01:51.539+0000] {logging_mixin.py:190} INFO - [2025-09-29T15:01:51.539+0000] {dag.py:4180} INFO - Setting next_dagrun for example_subdag_operator.section-2 to None, run_after=None
[2025-09-29T15:01:51.543+0000] {logging_mixin.py:190} INFO - [2025-09-29T15:01:51.542+0000] {dag.py:3239} INFO - Sync 2 DAGs
[2025-09-29T15:01:51.547+0000] {logging_mixin.py:190} INFO - [2025-09-29T15:01:51.547+0000] {dag.py:4180} INFO - Setting next_dagrun for example_subdag_operator.section-1 to None, run_after=None
[2025-09-29T15:01:51.548+0000] {logging_mixin.py:190} INFO - [2025-09-29T15:01:51.548+0000] {dag.py:4180} INFO - Setting next_dagrun for example_subdag_operator.section-2 to None, run_after=None
[2025-09-29T15:01:51.555+0000] {processor.py:208} INFO - Processing /home/airflow/.local/lib/python3.12/site-packages/airflow/example_dags/example_subdag_operator.py took 0.059 seconds
[2025-09-29T15:02:22.010+0000] {processor.py:186} INFO - Started process (PID=3572) to work on /home/airflow/.local/lib/python3.12/site-packages/airflow/example_dags/example_subdag_operator.py
[2025-09-29T15:02:22.013+0000] {processor.py:914} INFO - Processing file /home/airflow/.local/lib/python3.12/site-packages/airflow/example_dags/example_subdag_operator.py for tasks to queue
[2025-09-29T15:02:22.019+0000] {logging_mixin.py:190} INFO - [2025-09-29T15:02:22.018+0000] {dagbag.py:588} INFO - Filling up the DagBag from /home/airflow/.local/lib/python3.12/site-packages/airflow/example_dags/example_subdag_operator.py
[2025-09-29T15:02:22.045+0000] {processor.py:925} INFO - DAG(s) 'example_subdag_operator.section-1', 'example_subdag_operator.section-2', 'example_subdag_operator' retrieved from /home/airflow/.local/lib/python3.12/site-packages/airflow/example_dags/example_subdag_operator.py
[2025-09-29T15:02:22.055+0000] {logging_mixin.py:190} INFO - [2025-09-29T15:02:22.055+0000] {dag.py:3239} INFO - Sync 3 DAGs
[2025-09-29T15:02:22.071+0000] {logging_mixin.py:190} INFO - [2025-09-29T15:02:22.071+0000] {dag.py:4180} INFO - Setting next_dagrun for example_subdag_operator to 2022-01-01 00:00:00+00:00, run_after=2022-01-01 00:00:00+00:00
[2025-09-29T15:02:22.073+0000] {logging_mixin.py:190} INFO - [2025-09-29T15:02:22.073+0000] {dag.py:4180} INFO - Setting next_dagrun for example_subdag_operator.section-1 to None, run_after=None
[2025-09-29T15:02:22.075+0000] {logging_mixin.py:190} INFO - [2025-09-29T15:02:22.075+0000] {dag.py:4180} INFO - Setting next_dagrun for example_subdag_operator.section-2 to None, run_after=None
[2025-09-29T15:02:22.080+0000] {logging_mixin.py:190} INFO - [2025-09-29T15:02:22.080+0000] {dag.py:3239} INFO - Sync 2 DAGs
[2025-09-29T15:02:22.086+0000] {logging_mixin.py:190} INFO - [2025-09-29T15:02:22.086+0000] {dag.py:4180} INFO - Setting next_dagrun for example_subdag_operator.section-1 to None, run_after=None
[2025-09-29T15:02:22.088+0000] {logging_mixin.py:190} INFO - [2025-09-29T15:02:22.088+0000] {dag.py:4180} INFO - Setting next_dagrun for example_subdag_operator.section-2 to None, run_after=None
[2025-09-29T15:02:22.096+0000] {processor.py:208} INFO - Processing /home/airflow/.local/lib/python3.12/site-packages/airflow/example_dags/example_subdag_operator.py took 0.102 seconds
